\\Generator Output Capability Month Report,,,,,,,,,,,,,,,,,,,,,,,,,,,
\\Created at 2026-09-10 06:00:07,,,,,,,,,,,,,,,,,,,,,,,,,,,
\\For September 2026,,,,,,,,,,,,,,,,,,,,,,,,,,,
Delivery Date,Generator,Fuel Type,Measurement,Hour 1,Hour 2,Hour 3,Hour 4,Hour 5,Hour 6,Hour 7,Hour 8,Hour 9,Hour 10,Hour 11,Hour 12,Hour 13,Hour 14,Hour 15,Hour 16,Hour 17,Hour 18,Hour 19,Hour 20,Hour 21,Hour 22,Hour 23,Hour 24
2026-09-01,ABKENORA,HYDRO,Capability,11,11,11,11,11,11,11,11,11,11,11,11,11,11,11,11,11,11,11,11,11,11,11,11,
2026-09-01,ABKENORA,HYDRO,Output,7,7,7,7,7,7,7,7,7,7,7,7,7,7,7,7,7,7,7,7,7,7,7,7,
2026-09-01,ADELAIDE,WIND,Available Capacity,60,60,60,60,60,60,60,60,60,60,60,60,60,60,60,60,60,60,60,60,60,60,60,60,
2026-09-01,ADELAIDE,WIND,Forecast,29,28,23,28,25,19,13,5,0,0,1,2,1,0,0,0,0,0,0,0,0,0,4,8,
2026-09-01,ADELAIDE,WIND,Output,30,28,24,29,25,19,13,4,0,0,0,3,1,0,0,0,0,1,1,0,0,1,5,8,
2026-09-01,AGUASABON,HYDRO,Capability,49,49,49,49,49,49,49,49,49,49,49,49,49,49,49,49,49,49,49,49,49,49,49,49,
2026-09-01,AGUASABON,HYDRO,Output,0,0,0,0,0,0,0,0,20,39,39,39,39,39,39,39,38,38,38,38,38,38,21,21,
2026-09-01,ALEXANDER,HYDRO,Capability,53,53,53,53,53,53,53,53,53,53,53,53,53,53,53,53,53,53,53,53,53,53,53,53,
2026-09-01,ALEXANDER,HYDRO,Output,56,56,56,56,56,56,56,55,55,55,55,55,55,55,55,55,55,55,56,56,56,56,56,56,
2026-09-01,AMARANTH,WIND,Available Capacity,168,168,168,168,168,168,168,168,168,168,168,168,168,168,168,168,168,168,168,168,168,168,168,168,
2026-09-01,AMARANTH,WIND,Forecast,35,27,27,22,19,13,6,1,0,0,2,1,5,8,6,1,2,0,0,0,0,0,5,12,
2026-09-01,AMARANTH,WIND,Output,42,33,32,25,22,13,7,1,0,0,0,1,7,9,6,2,3,1,0,0,0,1,7,15,
2026-09-01,AMHERST ISLAND,WIND,Available Capacity,74,74,74,74,74,74,74,74,74,74,74,74,74,74,74,74,74,74,74,74,74,74,74,74,
2026-09-01,AMHERST ISLAND,WIND,Forecast,0,0,0,0,5,10,18,44,15,13,13,10,8,4,0,0,0,0,0,0,0,0,0,0,
2026-09-01,AMHERST ISLAND,WIND,Output,0,0,0,0,6,12,21,46,12,14,14,10,8,4,0,0,0,0,0,0,0,0,0,0,
2026-09-01,APIROQUOIS,HYDRO,Capability,107,107,107,107,107,107,107,107,107,107,107,107,107,107,107,107,107,107,107,107,107,107,107,107,
2026-09-01,APIROQUOIS,HYDRO,Output,0,0,0,0,0,0,28,43,41,46,49,49,48,47,47,47,47,47,47,47,47,47,47,47,
2026-09-01,ARLEN BESS,OTHER,Capability,27,27,27,27,27,27,27,27,27,27,27,27,27,27,27,27,27,27,27,27,27,27,27,27,
2026-09-01,ARLEN BESS,OTHER,Output,0,0,0,0,0,0,0,0,0,0,0,0,0,0,0,0,0,0,0,0,0,0,0,0,
2026-09-01,ARMOW,WIND,Available Capacity,180,180,180,180,180,180,180,180,180,180,180,180,180,180,180,180,180,180,180,180,180,180,180,180,
2026-09-01,ARMOW,WIND,Forecast,122,96,56,40,25,12,10,5,0,0,2,5,8,7,6,2,2,0,0,0,0,12,36,60,
2026-09-01,ARMOW,WIND,Output,119,93,54,39,23,12,10,5,0,0,2,5,8,7,6,2,2,0,0,0,0,14,39,62,
2026-09-01,ARNPRIOR,HYDRO,Capability,41,41,41,41,41,41,41,41,41,41,41,41,41,41,41,41,41,41,41,41,41,41,41,41,
2026-09-01,ARNPRIOR,HYDRO,Output,0,0,0,0,0,0,0,0,0,30,38,1,0,37,38,38,1,37,38,38,38,38,2,12,
2026-09-01,ATIKOKAN-G1,BIOFUEL,Capability,135,135,135,135,135,135,135,135,135,135,135,135,135,135,135,135,135,135,135,135,135,135,135,135,
2026-09-01,ATIKOKAN-G1,BIOFUEL,Output,13,0,0,0,0,12,51,73,109,122,93,78,97,68,57,71,111,109,97,120,63,54,61,89,
2026-09-01,AUBREYFALLS,HYDRO,Capability,132,132,132,132,132,132,132,0,0,0,0,0,0,0,132,132,132,132,132,132,132,132,132,132,
2026-09-01,AUBREYFALLS,HYDRO,Output,0,0,0,0,0,0,0,0,0,0,0,0,0,0,0,63,64,64,63,63,1,0,0,0,
2026-09-01,BARRETT,HYDRO,Capability,176,176,176,176,176,176,176,176,176,176,176,176,176,176,176,176,176,176,176,176,176,176,176,176,
2026-09-01,BARRETT,HYDRO,Output,2,2,2,2,2,2,20,21,21,21,21,21,81,84,84,84,84,84,84,59,57,3,2,2,
2026-09-01,BECK1,HYDRO,Capability,511,511,511,511,511,511,511,511,511,511,511,511,511,511,511,511,511,511,511,511,511,511,511,511,
2026-09-01,BECK1,HYDRO,Output,318,320,321,316,198,226,209,225,371,477,459,477,474,203,169,280,433,447,425,474,482,482,427,347,
2026-09-01,BECK2,HYDRO,Capability,1402,1402,1402,1402,1402,1402,1402,1402,1402,1402,1402,1402,1402,1402,1402,1402,1402,1402,1402,1402,1402,1402,1402,1402,
2026-09-01,BECK2,HYDRO,Output,931,955,909,927,963,995,1071,1030,1110,1144,1127,1141,1035,1054,1042,1191,1062,1031,1065,1089,1004,1063,914,966,
2026-09-01,BECK2 PGS,HYDRO,Capability,116,116,116,116,116,116,116,116,116,116,116,116,116,116,116,116,116,116,116,116,116,116,116,116,
2026-09-01,BECK2 PGS,HYDRO,Output,0,0,0,0,0,0,0,6,32,44,44,58,33,24,4,10,44,13,10,9,2,0,0,0,
2026-09-01,BELLE RIVER,WIND,Available Capacity,100,100,100,100,100,100,100,100,100,100,100,100,100,100,100,100,100,100,100,100,100,100,100,100,
2026-09-01,BELLE RIVER,WIND,Forecast,74,70,57,56,45,36,33,15,6,6,10,4,10,23,41,33,36,45,47,47,45,31,11,10,
2026-09-01,BELLE RIVER,WIND,Output,75,70,59,57,45,37,31,14,6,7,5,5,11,27,42,35,38,48,47,49,46,29,9,10,
2026-09-01,BLAKE,WIND,Available Capacity,60,60,60,60,60,60,60,60,60,60,60,60,60,60,60,60,60,60,60,60,60,60,60,60,
2026-09-01,BLAKE,WIND,Forecast,24,31,34,24,13,6,4,2,0,0,0,0,0,0,0,0,0,0,0,0,0,0,1,11,
2026-09-01,BLAKE,WIND,Output,26,32,36,22,13,5,4,2,1,1,0,0,0,0,0,0,0,0,0,0,0,0,2,12,
2026-09-01,BORNISH,WIND,Available Capacity,73,73,73,73,73,73,73,73,73,73,73,73,73,73,73,73,73,73,73,73,73,73,73,73,
2026-09-01,BORNISH,WIND,Forecast,36,35,34,34,29,19,17,6,0,0,1,1,0,0,0,0,0,0,0,0,0,0,13,18,
2026-09-01,BORNISH,WIND,Output,37,36,35,35,28,20,16,4,0,0,0,1,0,0,0,0,0,0,0,0,0,2,15,18,
2026-09-01,BOW LAKE,WIND,Available Capacity,20,20,20,20,20,20,20,20,20,20,20,20,20,20,20,20,20,20,20,20,20,20,20,20,
2026-09-01,BOW LAKE,WIND,Forecast,0,1,1,1,2,2,0,0,0,0,0,0,0,0,0,0,0,0,0,0,0,0,0,0,
2026-09-01,BOW LAKE,WIND,Output,1,1,1,1,2,1,0,0,0,0,0,0,0,0,0,0,0,0,0,0,0,0,0,0,
2026-09-01,BOW LAKE 2,WIND,Available Capacity,40,40,40,40,40,40,40,40,40,40,40,40,40,40,40,40,40,40,40,40,40,40,40,40,
2026-09-01,BOW LAKE 2,WIND,Forecast,1,1,1,2,2,3,0,0,0,0,0,0,0,1,1,0,2,3,5,5,11,9,3,1,
2026-09-01,BOW LAKE 2,WIND,Output,1,2,2,2,3,3,0,0,0,0,0,0,1,1,1,1,3,3,6,5,13,8,3,1,
2026-09-01,BRIGHTON BEACH,GAS,Capability,642,642,642,642,642,642,642,642,642,642,642,642,642,642,642,642,642,642,642,642,642,642,642,642,
2026-09-01,BRIGHTON BEACH,GAS,Output,243,243,244,284,328,469,442,568,567,565,560,556,552,550,547,552,555,558,560,562,564,566,482,432,
2026-09-01,BRUCEA-G1,NUCLEAR,Capability,828,828,828,828,828,828,828,828,828,828,828,828,828,828,828,828,828,828,828,828,828,828,828,828,
2026-09-01,BRUCEA-G1,NUCLEAR,Output,806,806,805,806,805,805,804,804,804,804,804,804,803,802,801,801,801,801,802,805,806,807,805,805,
2026-09-01,BRUCEA-G2,NUCLEAR,Capability,828,828,828,828,828,828,828,828,828,828,828,828,828,828,828,828,828,828,828,828,828,828,828,828,
2026-09-01,BRUCEA-G2,NUCLEAR,Output,801,800,800,801,800,800,800,800,800,801,800,800,799,799,798,798,798,798,799,800,801,802,802,803,
2026-09-01,BRUCEA-G3,NUCLEAR,Capability,795,795,795,795,795,795,795,795,795,795,795,795,795,795,795,795,795,795,795,795,795,795,795,795,
2026-09-01,BRUCEA-G3,NUCLEAR,Output,790,790,789,790,790,789,789,789,790,788,787,786,786,785,785,785,785,785,786,787,787,788,783,784,
2026-09-01,BRUCEA-G4,NUCLEAR,Capability,0,0,0,0,0,0,0,0,0,0,0,0,0,0,0,0,0,0,0,0,0,0,0,0,
2026-09-01,BRUCEA-G4,NUCLEAR,Output,0,0,0,0,0,0,0,0,0,0,0,0,0,0,0,0,0,0,0,0,0,0,0,0,
2026-09-01,BRUCEB-G5,NUCLEAR,Capability,795,795,795,795,795,795,795,795,795,795,795,795,795,795,795,795,795,795,795,795,795,795,795,795,
2026-09-01,BRUCEB-G5,NUCLEAR,Output,798,798,798,798,798,797,797,797,797,796,796,794,793,794,795,798,799,800,801,801,799,799,799,798,
2026-09-01,BRUCEB-G6,NUCLEAR,Capability,817,817,817,817,817,817,817,817,817,817,817,817,817,817,817,817,817,817,817,817,817,817,817,817,
2026-09-01,BRUCEB-G6,NUCLEAR,Output,805,804,803,803,803,803,803,803,804,804,804,804,804,803,804,804,806,807,807,807,807,807,807,806,
2026-09-01,BRUCEB-G7,NUCLEAR,Capability,817,817,817,817,817,817,817,817,817,817,817,817,817,817,817,817,817,817,817,817,817,817,817,817,
2026-09-01,BRUCEB-G7,NUCLEAR,Output,808,808,808,810,812,812,812,812,812,811,812,812,811,811,811,811,812,812,812,812,812,812,812,812,
2026-09-01,BRUCEB-G8,NUCLEAR,Capability,817,817,817,817,817,817,817,817,817,817,817,817,817,817,817,817,817,817,817,817,817,817,817,817,
2026-09-01,BRUCEB-G8,NUCLEAR,Output,809,808,808,808,808,808,808,807,807,807,808,808,808,808,808,808,808,808,808,807,807,807,807,807,
2026-09-01,CALSTOCKGS,BIOFUEL,Capability,38,38,38,38,38,38,38,38,38,38,38,38,38,38,38,38,38,38,38,38,38,38,38,38,
2026-09-01,CALSTOCKGS,BIOFUEL,Output,0,0,0,0,0,5,16,16,17,27,27,28,29,28,28,28,28,28,28,28,28,28,29,20,
2026-09-01,CAMERONFALLS,HYDRO,Capability,71,71,71,71,71,71,71,71,71,71,71,71,71,71,71,71,71,71,71,71,71,71,71,71,
2026-09-01,CAMERONFALLS,HYDRO,Output,54,52,52,50,51,51,50,50,51,51,51,53,52,52,52,53,52,51,51,51,51,51,51,50,
2026-09-01,CANYON,HYDRO,Capability,348,348,348,348,348,348,348,348,348,348,348,348,348,348,348,348,348,348,348,348,348,348,348,348,
2026-09-01,CANYON,HYDRO,Output,66,139,172,173,173,174,184,187,207,217,185,184,183,183,183,228,232,232,231,231,231,232,231,173,
2026-09-01,CARDINAL,GAS,Capability,184,184,184,184,184,184,184,184,142,142,142,142,142,142,142,142,142,142,142,142,142,142,184,184,
2026-09-01,CARDINAL,GAS,Output,126,126,126,126,126,127,128,128,134,143,143,144,145,130,129,131,137,139,128,134,131,133,138,131,
2026-09-01,CARIBOUFALLS,HYDRO,Capability,94,94,94,94,94,94,94,94,94,94,94,94,94,94,94,94,94,94,94,94,94,94,94,94,
2026-09-01,CARIBOUFALLS,HYDRO,Output,27,27,27,28,27,27,27,27,27,27,27,28,27,27,27,28,27,27,27,27,27,27,27,27,
2026-09-01,CARMICHAEL,HYDRO,Capability,19,19,19,19,19,19,19,19,19,19,19,19,19,19,19,19,19,19,19,19,19,19,19,19,
2026-09-01,CARMICHAEL,HYDRO,Output,11,11,11,11,11,11,11,11,11,11,11,11,11,11,11,11,12,12,12,12,12,12,12,12,
2026-09-01,CEDAR POINT 2,WIND,Available Capacity,100,100,100,100,100,100,100,100,100,100,100,100,100,100,100,100,100,100,100,100,100,100,100,100,
2026-09-01,CEDAR POINT 2,WIND,Forecast,35,34,31,27,20,15,13,7,0,0,0,0,0,0,0,0,0,0,0,0,1,3,6,14,
2026-09-01,CEDAR POINT 2,WIND,Output,35,34,31,26,20,15,13,6,0,0,0,0,0,0,0,0,0,0,0,1,1,4,7,16,
2026-09-01,CHATSFALLS,HYDRO,Capability,144,144,144,144,144,144,144,144,144,144,144,144,144,144,144,144,144,144,144,144,144,144,144,144,
2026-09-01,CHATSFALLS,HYDRO,Output,72,71,71,71,71,71,93,94,95,94,94,115,115,116,116,116,115,132,134,135,135,114,92,91,
2026-09-01,CHENAUX,HYDRO,Capability,158,158,158,158,158,158,158,158,158,158,158,158,158,158,158,158,158,158,158,158,158,158,158,158,
2026-09-01,CHENAUX,HYDRO,Output,35,34,34,34,49,68,68,68,69,68,68,68,67,68,68,68,67,67,67,67,67,67,67,67,
2026-09-01,CLERGUE,HYDRO,Capability,33,33,33,33,33,33,33,33,33,33,33,33,33,33,33,33,33,33,33,33,33,33,33,33,
2026-09-01,CLERGUE,HYDRO,Output,35,35,35,34,34,35,34,34,35,35,35,34,32,32,35,35,34,34,34,34,34,34,34,34,
2026-09-01,COCHRANECGS,GAS,Capability,29,29,29,29,29,29,29,29,29,29,29,29,29,29,29,29,29,29,29,29,29,29,29,29,
2026-09-01,COCHRANECGS,GAS,Output, , , , , , , , , , , , , , , ,0,0,0,0,0,0,0,0,0,
2026-09-01,COMBER,WIND,Available Capacity,166,166,166,166,166,166,166,166,166,166,166,166,166,166,166,166,166,166,166,166,166,166,166,166,
2026-09-01,COMBER,WIND,Forecast,79,84,72,59,46,36,33,15,5,7,11,5,8,35,58,44,48,57,56,56,52,33,7,1,
2026-09-01,COMBER,WIND,Output,81,88,72,59,45,37,32,14,4,8,6,4,10,41,60,44,50,61,57,60,52,30,6,1,
2026-09-01,CRYSLER,WIND,Available Capacity,100,100,100,100,100,100,100,100,100,100,100,100,100,100,100,100,100,100,100,100,100,100,100,100,
2026-09-01,CRYSLER,WIND,Forecast,8,0,0,0,8,10,31,36,17,14,19,52,50,46,35,38,29,28,45,59,64,58,54,65,
2026-09-01,CRYSLER,WIND,Output,7,0,0,0,9,12,36,34,15,16,26,57,49,48,36,38,29,31,47,64,63,60,53,67,
2026-09-01,DA WATSON,HYDRO,Capability,21,21,21,21,21,21,21,21,21,21,21,12,12,12,12,12,12,12,12,12,12,12,12,12,
2026-09-01,DA WATSON,HYDRO,Output,19,19,19,19,19,19,19,19,19,18,16,11,10,11,11,11,11,11,10,10,11,11,11,11,
2026-09-01,DARLINGTON-G1,NUCLEAR,Capability,845,845,845,845,845,845,845,845,845,845,845,845,835,835,835,835,835,835,835,835,835,835,835,835,
2026-09-01,DARLINGTON-G1,NUCLEAR,Output,838,839,840,840,840,839,838,836,835,834,833,832,832,833,834,835,834,832,831,830,830,829,829,829,
2026-09-01,DARLINGTON-G2,NUCLEAR,Capability,0,0,0,0,0,0,0,0,0,0,0,0,0,0,0,0,0,0,0,0,0,0,0,0,
2026-09-01,DARLINGTON-G2,NUCLEAR,Output,0,0,0,0,0,0,0,0,0,0,0,0,0,0,0,0,0,0,0,0,0,0,0,0,
2026-09-01,DARLINGTON-G3,NUCLEAR,Capability,0,0,0,0,0,0,0,0,0,0,0,0,0,0,0,0,0,0,0,0,0,0,0,0,
2026-09-01,DARLINGTON-G3,NUCLEAR,Output,0,0,0,0,0,0,0,0,0,0,0,0,0,0,0,0,0,0,0,0,0,0,0,0,
2026-09-01,DARLINGTON-G4,NUCLEAR,Capability,0,0,0,0,0,0,0,0,0,0,0,0,0,0,0,0,0,0,0,0,0,0,0,0,
2026-09-01,DARLINGTON-G4,NUCLEAR,Output,0,0,0,0,0,0,0,0,0,0,0,0,0,0,0,0,0,0,0,0,0,0,0,0,
2026-09-01,DECEWFALLS,HYDRO,Capability,148,148,148,148,148,148,148,148,148,148,148,148,148,148,148,148,148,148,148,148,148,148,148,148,
2026-09-01,DECEWFALLS,HYDRO,Output,140,140,140,140,140,140,140,140,139,139,139,139,139,139,139,136,136,136,136,136,136,136,136,136,
2026-09-01,DECEWND1,HYDRO,Capability,29,29,29,29,29,29,29,29,29,29,29,29,29,29,29,29,29,29,29,29,29,29,29,29,
2026-09-01,DECEWND1,HYDRO,Output,19,19,19,19,19,19,19,19,19,19,19,19,19,19,19,20,20,20,20,20,20,20,20,20,
2026-09-01,DESJOACHIMS,HYDRO,Capability,429,429,429,429,429,429,429,429,429,429,429,429,429,429,429,429,429,429,429,429,429,429,429,429,
2026-09-01,DESJOACHIMS,HYDRO,Output,6,0,0,0,0,0,47,144,208,273,304,374,334,326,324,347,328,325,279,283,253,205,113,56,
2026-09-01,DESTEC,GAS,Capability,120,120,120,120,120,120,120,120,120,120,120,120,120,120,120,120,120,120,120,120,120,120,120,120,
2026-09-01,DESTEC,GAS,Output,0,0,0,0,0,0,0,0,5,25,25,24,82,89,90,90,90,90,90,90,90,90,20,0,
2026-09-01,DILLON,WIND,Available Capacity,78,78,78,78,78,78,78,78,78,78,78,78,78,78,78,78,78,78,78,78,78,78,78,78,
2026-09-01,DILLON,WIND,Forecast,29,33,42,30,22,19,15,8,2,2,4,4,3,11,27,24,17,18,23,24,28,24,15,8,
2026-09-01,DILLON,WIND,Output,30,36,42,29,22,19,15,7,2,3,6,4,3,14,29,24,18,19,25,25,30,23,14,9,
2026-09-01,DOWCHEMICAL,GAS,Capability,36,36,36,36,36,36,36,36,36,36,36,36,36,36,36,36,36,36,36,36,36,36,36,36,
2026-09-01,DOWCHEMICAL,GAS,Output,16,17,16,17,17,17,16,15,16,16,16,16,15,15,15,15,15,15,15,15,15,15,16,16,
2026-09-01,DPNTMTLND,GAS,Capability,52,52,52,52,52,52,52,52,52,52,52,52,52,52,52,52,52,52,52,52,52,52,52,52,
2026-09-01,DPNTMTLND,GAS,Output,0,0,0,0,0,0,0,0,0,5,37,40,42,22,21,24,42,28,23,16,0,0,0,0,
2026-09-01,EARFALLS,HYDRO,Capability,18,18,18,18,18,18,18,18,15,15,15,15,15,15,18,18,18,18,18,18,18,18,18,18,
2026-09-01,EARFALLS,HYDRO,Output,12,12,12,13,12,13,12,13,12,12,12,13,12,13,12,13,12,12,12,12,12,12,12,12,
2026-09-01,EAST LAKE,WIND,Available Capacity,99,99,99,99,99,99,99,99,99,99,99,99,99,99,99,99,99,99,99,99,99,99,99,99,
2026-09-01,EAST LAKE,WIND,Forecast,21,22,34,36,37,27,22,13,6,5,7,5,4,2,2,16,17,24,35,32,44,37,27,13,
2026-09-01,EAST LAKE,WIND,Output,20,24,36,37,37,27,22,12,5,5,9,6,4,1,3,17,17,27,37,34,46,36,26,12,
2026-09-01,EAST WINDSOR-G1,GAS,Capability,46,46,46,46,46,46,46,46,46,46,46,46,0,0,46,46,46,46,46,46,46,46,46,46,
2026-09-01,EAST WINDSOR-G1,GAS,Output,0,0,0,0,0,0,0,0,0,0,0,12,33, , ,0,0,0,0,0,0,0,0,0,
2026-09-01,EAST WINDSOR-G2,GAS,Capability,46,46,46,46,46,46,46,46,46,46,46,46,46,46,46,46,46,46,46,46,46,46,46,46,
2026-09-01,EAST WINDSOR-G2,GAS,Output,0,0,0,0,0,0,0,0,0,0,0,0,0,0,0,0,0,0,0,0,0,0,0,0,
2026-09-01,EAST WINDSOR-G3,GAS,Capability,107,107,107,107,107,107,107,107,107,107,107,107,107,107,107,107,107,107,107,107,107,107,107,107,
2026-09-01,EAST WINDSOR-G3,GAS,Output,1,1,1,1,1,1,1,15,83,82,81,80,78,78,78,78,80,79,12,1,1,1,1,1,
2026-09-01,ERIEAU,WIND,Available Capacity,99,99,99,99,99,99,99,99,99,99,99,99,99,99,99,99,99,99,99,99,99,99,99,99,
2026-09-01,ERIEAU,WIND,Forecast,48,38,40,40,32,21,19,10,4,3,5,6,7,19,41,42,28,31,24,19,21,30,22,17,
2026-09-01,ERIEAU,WIND,Output,49,39,41,40,32,21,19,9,4,4,11,5,7,23,45,40,29,34,23,20,23,31,23,18,
2026-09-01,FORTFRANCSWC,HYDRO,Capability,2,2,2,2,2,2,2,2,2,2,2,2,2,2,2,2,2,2,2,2,2,2,2,2,
2026-09-01,FORTFRANCSWC,HYDRO,Output,5,5,5,5,5,5,5,5,5,5,5,5,5,5,5,5,5,5,5,5,5,5,5,5,
2026-09-01,GARTSHORE,HYDRO,Capability,69,69,69,69,69,69,69,69,69,69,69,69,69,69,69,69,69,69,69,69,69,69,69,69,
2026-09-01,GARTSHORE,HYDRO,Output,0,0,0,0,0,0,0,0,0,0,0,0,0,0,0,0,0,0,0,0,0,0,0,0,
2026-09-01,GOREWAY BESS,OTHER,Capability,55,55,55,55,55,55,55,55,55,55,55,55,55,55,55,55,55,55,55,55,55,55,55,55,
2026-09-01,GOREWAY BESS,OTHER,Output,0,0,0,0,0,0,0,0,0,0,0,0,0,0,0,0,49,21,0,21,0,0,0,0,
2026-09-01,GOSFIELDWGS,WIND,Available Capacity,51,51,51,51,51,51,51,51,51,51,51,51,51,51,51,51,51,51,51,51,51,51,51,51,
2026-09-01,GOSFIELDWGS,WIND,Forecast,27,23,18,16,13,12,9,5,2,2,4,1,2,9,14,11,15,16,14,18,14,10,3,2,
2026-09-01,GOSFIELDWGS,WIND,Output,29,23,18,16,13,12,9,5,2,3,2,1,3,9,15,11,16,16,16,19,15,9,3,2,
2026-09-01,GOSHEN,WIND,Available Capacity,102,102,102,102,102,102,102,102,102,102,102,102,102,102,102,102,102,102,102,102,102,102,102,102,
2026-09-01,GOSHEN,WIND,Forecast,26,29,34,28,19,7,3,1,0,1,2,1,0,0,0,0,0,0,0,0,0,0,3,10,
2026-09-01,GOSHEN,WIND,Output,27,31,35,27,18,6,3,1,1,1,0,0,0,0,0,0,0,0,0,0,0,0,4,11,
2026-09-01,GOULAIS,WIND,Available Capacity,25,25,25,25,25,25,25,25,25,25,25,25,25,25,25,25,25,25,25,25,25,25,25,25,
2026-09-01,GOULAIS,WIND,Forecast,0,0,0,0,0,0,0,0,0,0,0,0,0,1,0,1,2,3,5,9,14,9,7,3,
2026-09-01,GOULAIS,WIND,Output,1,0,0,0,0,0,0,0,0,0,0,0,1,1,0,2,2,4,6,10,14,9,6,3,
2026-09-01,GRAND VALLEY 3,WIND,Available Capacity,40,40,40,40,40,40,40,40,40,40,40,40,40,40,40,40,40,40,40,40,40,40,40,40,
2026-09-01,GRAND VALLEY 3,WIND,Forecast,20,14,11,13,12,11,9,0,0,0,0,0,2,3,2,1,0,0,0,0,0,0,0,2,
2026-09-01,GRAND VALLEY 3,WIND,Output,21,14,11,14,13,12,8,0,0,0,0,0,2,3,2,1,0,0,0,0,0,0,1,2,
2026-09-01,GRANDSF,SOLAR,Available Capacity,100,100,100,100,100,100,100,100,100,100,100,100,100,100,100,100,100,100,100,100,100,100,100,100,
2026-09-01,GRANDSF,SOLAR,Forecast,0,0,0,0,0,0,0,19,46,64,69,80,72,57,65,59,32,14,2,0,0,0,0,0,
2026-09-01,GRANDSF,SOLAR,Output,0,0,0,0,0,0,1,22,49,69,74,81,76,56,70,60,31,15,2,0,0,0,0,0,
2026-09-01,GRANDWF,WIND,Available Capacity,149,149,149,149,149,149,149,149,149,149,149,149,149,149,149,149,149,149,149,149,149,149,149,149,
2026-09-01,GRANDWF,WIND,Forecast,33,93,90,91,83,37,26,17,5,0,3,15,19,16,14,13,18,21,20,8,0,0,0,0,
2026-09-01,GRANDWF,WIND,Output,42,98,90,95,81,34,26,16,4,0,4,18,18,17,14,14,18,23,20,7,0,0,0,0,
2026-09-01,GREENFIELD ENERGY CENTRE-G1,GAS,Capability,175,175,175,175,175,175,175,175,175,175,175,175,167,167,162,162,162,162,174,174,174,174,174,174,
2026-09-01,GREENFIELD ENERGY CENTRE-G1,GAS,Output,173,173,173,166,169,173,169,173,171,169,167,170,168,167,168,167,168,167,167,165,166,167,168,169,
2026-09-01,GREENFIELD ENERGY CENTRE-G2,GAS,Capability,175,175,175,175,175,175,175,175,175,175,175,175,167,167,162,162,162,162,174,174,174,174,174,174,
2026-09-01,GREENFIELD ENERGY CENTRE-G2,GAS,Output,176,176,175,167,169,173,169,173,171,171,171,170,169,168,169,169,169,170,171,170,171,171,171,171,
2026-09-01,GREENFIELD ENERGY CENTRE-G3,GAS,Capability,175,175,175,175,175,175,175,175,175,175,175,175,167,167,162,162,162,162,174,174,174,174,174,174,
2026-09-01,GREENFIELD ENERGY CENTRE-G3,GAS,Output,174,174,174,166,170,174,169,174,172,170,169,169,168,166,167,165,165,165,165,166,168,169,169,171,
2026-09-01,GREENFIELD ENERGY CENTRE-G4,GAS,Capability,490,493,493,493,493,493,493,493,493,493,493,493,481,481,473,473,473,473,492,492,492,492,492,492,
2026-09-01,GREENFIELD ENERGY CENTRE-G4,GAS,Output,421,404,367,307,324,395,360,427,469,481,483,482,481,478,424,441,446,454,461,470,471,461,463,465,
2026-09-01,GREENFIELD SOUTH-G1,GAS,Capability,180,180,180,180,180,180,180,180,180,180,180,180,180,180,180,180,180,180,180,180,180,180,180,180,
2026-09-01,GREENFIELD SOUTH-G1,GAS,Output,108,108,108,109,109,139,116,152,165,166,165,165,164,163,130,163,164,163,164,164,165,163,165,164,
2026-09-01,GREENFIELD SOUTH-G2,GAS,Capability,125,125,125,125,125,125,125,125,125,125,125,125,125,125,125,125,125,125,125,125,125,125,125,125,
2026-09-01,GREENFIELD SOUTH-G2,GAS,Output,72,70,70,70,69,82,77,91,102,110,109,108,109,101,82,96,107,104,104,105,107,106,105,104,
2026-09-01,GREENWICH,WIND,Available Capacity,50,50,50,50,50,50,50,50,50,50,50,50,50,50,50,50,50,50,50,50,50,50,50,50,
2026-09-01,GREENWICH,WIND,Forecast,7,15,33,39,27,24,18,15,19,7,8,20,23,18,19,20,21,33,18,9,12,26,30,32,
2026-09-01,GREENWICH,WIND,Output,12,25,44,50,50,50,50,50,29,15,30,42,40,32,37,37,42,48,30,13,22,44,49,49,
2026-09-01,GTAA-G1,GAS,Capability,36,36,36,36,36,36,36,36,36,36,36,36,36,47,47,47,47,47,47,47,47,47,47,47,
2026-09-01,GTAA-G1,GAS,Output,0,0,0,0,0,0,0,0,30,33,33,32,33,33,31,30,31,33,33,33,34,34,34,34,
2026-09-01,GTAA-G2,GAS,Capability,0,0,0,0,0,0,0,0,0,0,0,0,0,0,0,0,0,0,0,0,0,0,0,0,
2026-09-01,GTAA-G2,GAS,Output,0,0,0,0,0,0,0,0,0,0,0,0,0,0,0,0,0,0,0,0,0,0,0,0,
2026-09-01,GTAA-G3,GAS,Capability,0,0,0,0,0,0,0,0,0,0,0,0,0,0,0,0,0,0,0,0,0,0,0,0,
2026-09-01,GTAA-G3,GAS,Output,0,0,0,0,0,0,0,0,0,0,0,0,0,0,2,8,8,9,9,9,9,9,9,9,
2026-09-01,HAGERSVILLE BESS,OTHER,Capability,327,327,327,327,327,327,327,327,327,0,0,327,327,327,327,327,327,327,327,327,327,327,327,0,
2026-09-01,HAGERSVILLE BESS,OTHER,Output,0,0,0,0,0,0,0,1,19,0,1,50,26,0,0,5,5,146,221,299,174,164,102,4,
2026-09-01,HALTONHILLS-LT.G1,GAS,Capability,0,0,0,0,0,0,0,0,0,0,0,230,230,230,230,230,230,230,230,230,230,230,230,230,
2026-09-01,HALTONHILLS-LT.G1,GAS,Output,0,0,0,0,0,0,0,0,0,0,0,0,0,60,124,180,195,197,198,199,200,200,200,200,
2026-09-01,HALTONHILLS-LT.G2,GAS,Capability,230,230,230,230,230,230,230,230,230,230,230,230,230,230,230,230,230,230,230,230,230,230,230,230,
2026-09-01,HALTONHILLS-LT.G2,GAS,Output,199,199,198,182,187,199,178,198,197,196,195,194,193,193,179,190,196,197,198,199,199,200,200,200,
2026-09-01,HALTONHILLS-LT.G3,GAS,Capability,135,135,135,135,135,135,135,135,135,135,135,299,299,299,299,299,299,299,299,299,299,299,299,299,
2026-09-01,HALTONHILLS-LT.G3,GAS,Output,124,121,114,91,96,120,101,117,118,122,121,120,110,99,124,216,248,243,242,244,245,246,239,238,
2026-09-01,HARMON,HYDRO,Capability,78,78,78,78,78,78,78,78,78,78,78,78,78,78,78,78,156,156,156,156,156,156,156,156,
2026-09-01,HARMON,HYDRO,Output,0,0,0,0,0,71,74,74,74,74,74,74,74,74,74,74,74,74,73,72,72,72,72,72,
2026-09-01,HARMON 2,HYDRO,Capability,0,0,0,0,0,78,78,78,78,78,78,78,78,78,78,78,78,78,78,78,78,78,78,78,
2026-09-01,HARMON 2,HYDRO,Output,0,0,0,0,0,0,70,74,74,74,74,75,75,75,75,74,74,74,74,72,72,72,72,2,
2026-09-01,HARRIS,HYDRO,Capability,12,12,12,12,12,12,12,12,12,12,12,12,12,12,12,12,12,12,12,12,12,12,12,12,
2026-09-01,HARRIS,HYDRO,Output,2,2,2,2,5,5,4,3,2,2,2,2,2,2,9,10,10,10,10,10,10,10,8,3,
2026-09-01,HENVEY NORTH,WIND,Available Capacity,117,117,117,117,117,117,117,117,117,117,117,117,117,117,117,117,117,117,117,117,117,117,117,117,
2026-09-01,HENVEY NORTH,WIND,Forecast,3,1,1,4,3,0,0,0,0,0,2,1,0,4,4,1,1,2,3,12,7,10,18,26,
2026-09-01,HENVEY NORTH,WIND,Output,3,0,2,4,4,0,1,0,0,0,0,0,0,5,4,1,0,2,3,12,7,11,18,30,
2026-09-01,HENVEY SOUTH,WIND,Available Capacity,183,183,183,183,183,183,183,183,183,183,183,183,183,183,183,183,183,183,183,183,183,183,183,183,
2026-09-01,HENVEY SOUTH,WIND,Forecast,6,2,1,6,9,3,2,4,1,1,5,1,1,13,10,3,1,4,5,19,19,31,44,61,
2026-09-01,HENVEY SOUTH,WIND,Output,6,0,1,7,9,2,2,3,1,1,0,0,1,14,8,2,1,3,6,19,21,33,45,67,
2026-09-01,HOLDEN,HYDRO,Capability,199,199,199,199,199,199,199,199,199,199,199,199,199,199,199,199,199,199,199,199,199,199,199,199,
2026-09-01,HOLDEN,HYDRO,Output,28,1,0,0,0,26,79,86,113,114,113,113,138,140,140,168,169,169,168,139,138,112,81,55,
2026-09-01,HOLINGSWTH,HYDRO,Capability,21,21,21,21,21,21,21,21,21,21,21,21,21,21,21,21,21,21,21,21,21,21,21,21,
2026-09-01,HOLINGSWTH,HYDRO,Output,0,0,0,0,0,15,16,16,16,0,0,0,0,0,0,0,15,16,16,16,16,0,0,0,
2026-09-01,HYDROGEN READY POWER PLANT (HRPP),GAS,Capability,206,206,206,206,206,206,206,206,206,206,206,206,206,206,206,206,206,206,206,206,206,206,206,206,
2026-09-01,HYDROGEN READY POWER PLANT (HRPP),GAS,Output,0,0,0,0,0,0,0,0,0,0,0,0,0,0,0,0,0,0,0,0,0,0,0,0,
2026-09-01,JERICHO,WIND,Available Capacity,149,149,149,149,149,149,149,149,149,149,149,149,149,149,149,149,149,149,149,149,149,149,149,149,
2026-09-01,JERICHO,WIND,Forecast,69,67,63,48,41,29,24,11,1,0,2,0,0,0,0,0,0,0,0,0,0,0,9,21,
2026-09-01,JERICHO,WIND,Output,70,67,63,47,41,29,24,10,0,0,0,0,0,0,0,0,0,0,0,0,0,0,11,22,
2026-09-01,K2WIND,WIND,Available Capacity,270,270,270,270,270,270,270,270,270,270,270,270,270,270,270,270,270,270,270,270,270,270,270,270,
2026-09-01,K2WIND,WIND,Forecast,162,127,87,67,36,22,8,1,0,0,3,1,0,0,0,0,0,0,0,0,0,7,30,83,
2026-09-01,K2WIND,WIND,Output,159,124,85,64,35,21,6,0,0,0,0,0,0,0,0,0,0,0,0,0,0,9,33,90,
2026-09-01,KAKABEKA,HYDRO,Capability,0,0,0,0,0,0,0,0,0,0,0,0,0,0,0,0,0,0,0,0,0,0,0,0,
2026-09-01,KAKABEKA,HYDRO,Output,0,0,0,0,0,0,0,0,0,0,0,0,0,0,0,0,0,0,0,0,0,0,0,0,
2026-09-01,KAPGS,GAS,Capability,29,29,29,29,29,29,29,29,29,29,29,29,29,29,29,29,29,29,29,29,29,29,29,29,
2026-09-01,KAPGS,GAS,Output,0,0,0,0,0,0,0,0,0,0,0,0,0,1,1,2,18,19,20,20,1,0,0,0,
2026-09-01,KINGSBRIDGE,WIND,Available Capacity,40,40,40,40,40,40,40,40,40,40,40,40,40,40,40,40,40,40,40,40,40,40,40,40,
2026-09-01,KINGSBRIDGE,WIND,Forecast,15,11,7,5,2,1,0,0,0,0,0,0,0,0,0,0,0,0,0,0,0,0,1,7,
2026-09-01,KINGSBRIDGE,WIND,Output,15,11,7,5,2,1,0,0,0,0,0,0,0,0,0,0,0,0,0,0,0,1,3,9,
2026-09-01,KINGSTONSF,SOLAR,Available Capacity,100,100,100,100,100,100,100,100,100,100,100,100,100,100,100,100,100,100,100,100,100,100,100,100,
2026-09-01,KINGSTONSF,SOLAR,Forecast,0,0,0,0,0,0,0,9,21,24,32,24,26,37,31,29,16,9,1,0,0,0,0,0,
2026-09-01,KINGSTONSF,SOLAR,Output,0,0,0,0,0,0,0,11,18,20,16,21,24,33,31,28,18,9,1,0,0,0,0,0,
2026-09-01,KIPLING,HYDRO,Capability,0,0,0,0,0,76,76,76,152,152,152,152,152,152,152,152,152,152,152,152,152,152,152,152,
2026-09-01,KIPLING,HYDRO,Output,0,0,0,0,0,67,72,72,70,67,67,67,65,65,67,68,69,68,68,68,68,68,68,70,
2026-09-01,KIPLING 2,HYDRO,Capability,79,79,79,79,79,79,79,79,79,79,79,79,79,79,79,79,79,79,79,79,79,79,79,79,
2026-09-01,KIPLING 2,HYDRO,Output,0,0,0,0,0,0,67,72,74,75,74,74,74,75,75,75,75,75,74,70,69,69,69,2,
2026-09-01,LAKESUPERIOR,GAS,Capability,125,125,125,125,125,125,125,125,125,125,125,125,125,125,125,125,125,125,125,125,125,125,125,125,
2026-09-01,LAKESUPERIOR,GAS,Output,0,0,0,0,0,0,0,0,0,0,0,0,0,0,0,0,0,0,0,0,0,0,0,0,
2026-09-01,LANDON,WIND,Available Capacity,40,40,40,40,40,40,40,40,40,40,40,40,40,40,40,40,40,40,40,40,40,40,40,40,
2026-09-01,LANDON,WIND,Forecast,29,25,25,27,24,17,12,5,0,0,1,2,1,0,0,0,0,0,1,0,0,3,10,11,
2026-09-01,LANDON,WIND,Output,29,25,26,28,24,17,12,5,0,0,0,2,1,0,0,0,0,0,2,0,0,4,11,11,
2026-09-01,LENNOX-G1,GAS,Capability,525,525,525,525,525,525,525,525,525,525,525,525,525,525,525,525,525,525,525,525,525,525,525,525,
2026-09-01,LENNOX-G1,GAS,Output,0,0,0,0,0,0,0,0,0,0,0,0,0,0,0,0,0,0,0,0,0,0,0,0,
2026-09-01,LENNOX-G2,GAS,Capability,525,525,525,525,525,525,18,18,525,525,525,525,525,525,525,525,525,525,525,525,525,525,525,525,
2026-09-01,LENNOX-G2,GAS,Output,0,0,0,0,0,0,10,21,30,30,32,34,195,361,391,391,390,391,391,388,369,178,5,0,
2026-09-01,LENNOX-G3,GAS,Capability,525,525,525,525,525,525,525,525,525,525,525,525,525,525,525,525,525,525,525,525,525,525,525,525,
2026-09-01,LENNOX-G3,GAS,Output,0,0,0,0,0,0,0,0,8,56,51,92,225,362,390,390,390,390,390,387,285,11,0,0,
2026-09-01,LENNOX-G4,GAS,Capability,525,525,525,525,525,525,525,525,525,525,525,525,525,525,525,525,525,525,525,525,525,525,525,525,
2026-09-01,LENNOX-G4,GAS,Output,0,0,0,0,0,0,0,0,0,0,0,0,0,0,0,0,0,0,0,0,0,0,0,0,
2026-09-01,LITTLELONG,HYDRO,Capability,144,144,144,144,144,144,144,144,144,144,144,144,144,144,144,144,144,144,144,144,144,144,144,144,
2026-09-01,LITTLELONG,HYDRO,Output,2,2,0,0,0,62,124,127,128,128,126,125,124,126,128,128,127,127,127,129,130,130,130,66,
2026-09-01,LITTLELONG 2,HYDRO,Capability,0,0,0,0,0,0,0,0,0,0,0,0,0,0,0,0,0,0,0,0,0,0,0,0,
2026-09-01,LITTLELONG 2,HYDRO,Output, , , , , , , , , , , , , , , , , , , , , , , , ,
2026-09-01,LONGSAULTE,HYDRO,Capability,20,20,20,20,20,20,20,20,20,20,20,20,20,20,20,20,20,20,20,20,20,20,20,20,
2026-09-01,LONGSAULTE,HYDRO,Output,6,5,5,5,5,5,6,6,6,6,6,7,7,9,9,9,11,11,10,10,11,11,10,9,
2026-09-01,LOWER WHITE RIVER,HYDRO,Capability,1,1,1,1,1,1,1,1,1,1,1,1,1,1,1,1,1,1,1,1,1,1,1,1,
2026-09-01,LOWER WHITE RIVER,HYDRO,Output,1,1,1,1,1,2,2,2,2,2,2,2,2,2,2,2,2,2,2,2,2,2,2,2,
2026-09-01,LOWERNOTCH,HYDRO,Capability,257,257,257,257,257,257,257,257,257,257,257,257,257,257,257,257,257,257,257,257,257,257,257,257,
2026-09-01,LOWERNOTCH,HYDRO,Output,0,0,0,0,0,0,0,0,0,0,0,0,0,0,0,104,107,106,106,106,2,0,0,0,
2026-09-01,MACKAYGS,HYDRO,Capability,54,54,54,54,54,54,54,54,54,54,54,54,54,54,54,54,54,54,54,54,54,54,54,54,
2026-09-01,MACKAYGS,HYDRO,Output,0,0,0,0,0,0,0,0,0,0,0,0,0,0,0,0,0,0,0,0,0,0,0,0,
2026-09-01,MANITOUFALLS,HYDRO,Capability,0,0,0,0,0,0,0,0,0,0,0,0,0,0,0,0,0,0,0,0,0,0,0,0,
2026-09-01,MANITOUFALLS,HYDRO,Output,0,0,0,0,0,0,0,0,0,0,0,0,0,0,0,0,0,0,0,0,0,0,0,0,
2026-09-01,MCLEANSMTNWF-LT.AG_T1,WIND,Available Capacity,50,50,60,60,60,60,60,60,60,60,60,60,60,60,60,60,60,60,60,60,60,60,60,60,
2026-09-01,MCLEANSMTNWF-LT.AG_T1,WIND,Forecast,0,0,0,2,4,1,0,0,0,0,0,0,0,0,0,0,0,0,0,2,4,5,9,11,
2026-09-01,MCLEANSMTNWF-LT.AG_T1,WIND,Output,0,0,1,2,5,1,0,0,0,0,0,0,0,0,0,0,0,0,0,2,5,5,10,12,
2026-09-01,MISSION,HYDRO,Capability,14,14,14,14,14,14,14,14,14,14,14,14,14,14,14,14,14,14,14,14,14,14,14,14,
2026-09-01,MISSION,HYDRO,Output,2,2,2,2,2,2,2,5,4,3,2,3,3,3,11,11,12,12,12,12,12,12,10,3,
2026-09-01,MTNCHUTE,HYDRO,Capability,0,0,0,0,0,0,0,0,0,0,0,0,0,0,0,0,0,0,0,0,0,0,0,0,
2026-09-01,MTNCHUTE,HYDRO,Output,0,0,0,0,0,0,0,0,0,0,0,0,0,0,0,0,0,0,0,0,0,0,0,0,
2026-09-01,NAGAGAMI,HYDRO,Capability,0,0,0,9,9,9,9,9,9,9,9,9,9,9,9,9,9,9,9,9,9,9,9,9,
2026-09-01,NAGAGAMI,HYDRO,Output,0,0,1,2,2,4,1,0,0,0,0,0,0,0,0,0,0,0,0,0,0,0,1,0,
2026-09-01,NANTICOKE SOLAR,SOLAR,Available Capacity,44,44,44,44,44,44,44,44,44,44,44,44,44,44,44,44,44,44,44,44,44,44,44,44,
2026-09-01,NANTICOKE SOLAR,SOLAR,Forecast,0,0,0,0,0,0,1,10,21,31,33,40,40,24,27,26,13,4,0,0,0,0,0,0,
2026-09-01,NANTICOKE SOLAR,SOLAR,Output,0,0,0,0,0,0,2,11,23,33,39,43,41,22,27,27,11,5,1,0,0,0,0,0,
2026-09-01,NAPANEE BESS,OTHER,Capability,278,278,278,278,278,278,278,278,278,278,278,278,278,278,278,278,278,278,278,278,278,278,278,278,
2026-09-01,NAPANEE BESS,OTHER,Output,0,0,0,0,0,0,0,0,0,0,242,8,0,0,0,0,139,7,0,10,11,5,109,0,
2026-09-01,NAPANEE-G1,GAS,Capability,0,0,0,0,0,0,0,0,0,0,0,0,0,0,0,0,0,0,0,0,0,0,0,0,
2026-09-01,NAPANEE-G1,GAS,Output,0,0,0,0,0,0,0,0,0,0,0,0,0,0,0,0,0,0,0,0,0,0,0,0,
2026-09-01,NAPANEE-G2,GAS,Capability,260,260,260,260,260,260,260,260,260,260,260,260,260,260,260,260,260,260,260,260,260,260,260,260,
2026-09-01,NAPANEE-G2,GAS,Output,243,241,243,232,237,244,245,244,242,242,242,242,243,243,242,242,242,241,241,242,243,243,244,245,
2026-09-01,NAPANEE-G3,GAS,Capability,180,180,180,180,180,180,180,180,180,180,180,180,180,180,180,180,180,180,180,180,180,180,180,180,
2026-09-01,NAPANEE-G3,GAS,Output,187,161,146,117,147,174,162,178,181,182,182,182,183,182,177,182,182,181,181,181,182,182,183,183,
2026-09-01,NIPIGONGS,GAS,Capability,23,23,23,23,23,23,23,23,23,23,23,23,23,23,23,23,23,23,23,23,23,23,23,23,
2026-09-01,NIPIGONGS,GAS,Output, , , , , , , , , , , , , , , , , , , , , , , , ,
2026-09-01,NORTH KENT,WIND,Available Capacity,99,99,99,99,99,99,99,99,99,99,99,99,99,99,99,99,99,99,99,99,99,99,99,99,
2026-09-01,NORTH KENT,WIND,Forecast,30,28,42,51,49,35,28,14,5,3,6,4,3,4,3,12,14,12,22,38,48,40,25,17,
2026-09-01,NORTH KENT,WIND,Output,29,29,45,52,49,35,27,13,5,4,6,3,4,4,4,13,13,12,24,40,50,38,25,17,
2026-09-01,NORTHBAYGS,GAS,Capability,60,60,60,60,60,60,60,60,60,60,60,60,60,60,60,60,60,60,60,60,60,60,60,60,
2026-09-01,NORTHBAYGS,GAS,Output,0,0,0,0,0,0,0,0,0,0,0,0,0,0,0,0,0,0,0,0,0,0,0,0,
2026-09-01,NORTHLAND POWER SOLAR FACILITIES,SOLAR,Available Capacity,40,40,40,40,40,40,40,40,40,40,40,40,40,40,40,40,40,40,40,40,40,40,40,40,
2026-09-01,NORTHLAND POWER SOLAR FACILITIES,SOLAR,Forecast,0,0,0,0,0,0,0,2,6,7,10,9,15,27,30,29,21,9,2,0,0,0,0,0,
2026-09-01,NORTHLAND POWER SOLAR FACILITIES,SOLAR,Output,0,0,0,0,0,0,0,2,6,5,5,8,18,30,9,9,9,9,9,9,9,9,9,9,
2026-09-01,NPIROQFALLS,GAS,Capability,125,125,125,125,125,125,125,125,125,125,125,125,125,125,125,125,125,125,125,125,125,125,125,125,
2026-09-01,NPIROQFALLS,GAS,Output,0,0,0,0,0,0,0,0,13,32,65,83,98,98,94,94,96,97,96,98,98,96,44,44,
2026-09-01,NPKIRKLAND-G1-G5,GAS,Capability,59,59,59,59,59,59,59,59,59,59,59,59,59,59,59,59,59,59,59,59,59,59,59,59,
2026-09-01,NPKIRKLAND-G1-G5,GAS,Output,42,42,42,42,42,42,42,42,42,42,42,42,42,42,42,42,42,42,42,42,42,42,42,36,
2026-09-01,NPKIRKLAND-G6,GAS,Capability,33,33,33,33,33,33,33,33,33,33,33,25,25,25,25,25,25,25,25,25,25,25,33,33,
2026-09-01,NPKIRKLAND-G6,GAS,Output,0,0,0,0,0,0,0,0,0,14,11,25,17,6,0,0,0,0,0,0,0,0,0,0,
2026-09-01,ONEIDA ENERGY STORAGE,OTHER,Capability,250,250,250,250,250,250,250,250,250,250,250,250,250,250,250,250,250,250,250,250,250,250,250,250,
2026-09-01,ONEIDA ENERGY STORAGE,OTHER,Output,0,0,0,0,0,0,0,0,0,0,0,0,0,0,0,147,150,170,220,191,68,9,0,0,
2026-09-01,OTTERRAPIDS,HYDRO,Capability,152,152,152,152,152,152,152,152,152,152,152,152,152,152,152,152,152,152,152,152,152,152,152,152,
2026-09-01,OTTERRAPIDS,HYDRO,Output,0,19,43,44,86,132,133,132,132,132,132,132,131,131,89,82,122,123,122,122,122,85,84,43,
2026-09-01,PAROCHES,WIND,Available Capacity,0,0,0,0,0,0,0,0,0,0,0,0,0,0,38,38,38,38,38,38,38,38,38,38,
2026-09-01,PAROCHES,WIND,Forecast,0,0,0,0,0,0,0,0,0,0,0,0,0,0,7,10,12,11,11,12,14,8,3,1,
2026-09-01,PAROCHES,WIND,Output,0,0,0,0,0,0,0,0,0,0,0,0,0,0,8,13,15,14,15,16,17,10,4,2,
2026-09-01,PETER SUTHERLAND SR,HYDRO,Capability,27,27,27,27,27,27,27,27,27,27,27,27,27,27,27,27,27,27,27,27,27,27,27,27,
2026-09-01,PETER SUTHERLAND SR,HYDRO,Output,28,28,28,28,28,28,28,28,28,28,28,28,28,28,28,28,28,22,28,28,28,28,28,28,
2026-09-01,PICKERINGB-G5,NUCLEAR,Capability,508,508,508,508,508,508,508,508,508,508,508,508,508,508,508,508,508,508,508,508,508,508,508,508,
2026-09-01,PICKERINGB-G5,NUCLEAR,Output,505,506,506,506,506,506,505,505,503,503,503,504,502,503,503,503,502,502,502,502,502,502,502,500,
2026-09-01,PICKERINGB-G6,NUCLEAR,Capability,500,500,500,500,500,500,500,500,500,500,500,500,500,500,500,500,500,500,500,500,500,500,500,500,
2026-09-01,PICKERINGB-G6,NUCLEAR,Output,504,504,503,503,501,503,503,503,502,502,502,502,502,501,501,501,501,501,501,498,500,501,501,499,
2026-09-01,PICKERINGB-G7,NUCLEAR,Capability,520,520,520,520,520,520,520,520,520,520,520,520,520,520,520,520,520,520,520,520,520,520,520,520,
2026-09-01,PICKERINGB-G7,NUCLEAR,Output,518,518,516,516,517,517,517,517,516,516,516,514,514,515,515,514,512,514,513,512,513,513,511,513,
2026-09-01,PICKERINGB-G8,NUCLEAR,Capability,515,515,515,515,515,515,515,515,515,515,515,515,515,515,515,515,515,515,515,515,515,515,515,515,
2026-09-01,PICKERINGB-G8,NUCLEAR,Output,511,510,510,511,510,510,510,510,509,509,509,508,508,508,508,508,508,508,507,505,507,507,507,507,
2026-09-01,PINEPORTAGE,HYDRO,Capability,72,72,72,72,72,72,72,72,72,72,72,72,72,72,72,72,72,72,72,72,72,72,72,72,
2026-09-01,PINEPORTAGE,HYDRO,Output,67,67,66,66,66,66,60,63,64,64,64,64,63,63,64,63,63,63,63,63,61,60,60,60,
2026-09-01,PORT BURWELL,WIND,Available Capacity,99,99,99,99,99,99,99,99,99,99,99,99,99,99,99,99,99,99,99,99,99,99,99,99,
2026-09-01,PORT BURWELL,WIND,Forecast,20,19,21,24,23,22,14,5,0,0,2,7,12,7,2,2,7,8,11,7,0,0,0,0,
2026-09-01,PORT BURWELL,WIND,Output,20,20,22,24,24,22,13,4,0,0,0,8,13,7,3,3,8,9,12,5,0,0,0,0,
2026-09-01,PORTALMA-T1,WIND,Available Capacity,101,101,101,101,101,101,101,101,101,101,101,101,101,101,101,101,101,101,101,101,101,101,101,101,
2026-09-01,PORTALMA-T1,WIND,Forecast,39,38,47,34,22,20,19,11,4,3,6,3,3,33,51,29,29,39,23,34,40,32,21,11,
2026-09-01,PORTALMA-T1,WIND,Output,39,41,48,32,21,21,19,10,4,4,4,3,6,38,53,29,32,38,25,38,42,31,21,11,
2026-09-01,PORTALMA-T3,WIND,Available Capacity,101,101,101,101,101,101,101,101,101,101,101,101,101,101,101,101,101,101,101,101,101,101,101,101,
2026-09-01,PORTALMA-T3,WIND,Forecast,48,57,61,41,27,25,24,12,5,5,8,4,5,28,51,43,40,44,39,43,46,34,22,8,
2026-09-01,PORTALMA-T3,WIND,Output,48,61,62,40,27,25,24,11,5,6,7,4,6,33,53,43,41,45,40,46,46,35,20,9,
2026-09-01,PORTLANDS-G1,GAS,Capability,207,207,207,207,207,207,207,207,207,207,207,207,207,207,207,207,207,207,207,207,207,207,207,207,
2026-09-01,PORTLANDS-G1,GAS,Output,184,166,149,141,155,182,172,183,183,183,183,182,188,189,188,188,188,188,188,188,189,188,188,188,
2026-09-01,PORTLANDS-G2,GAS,Capability,214,214,214,214,214,214,214,214,214,214,214,214,214,214,214,214,214,214,214,214,214,214,214,214,
2026-09-01,PORTLANDS-G2,GAS,Output,183,166,149,142,156,181,172,183,183,183,183,182,188,188,188,188,188,188,187,188,188,188,187,187,
2026-09-01,PORTLANDS-G3,GAS,Capability,225,225,225,225,225,225,225,225,225,225,225,225,225,225,225,225,225,225,225,225,225,225,225,225,
2026-09-01,PORTLANDS-G3,GAS,Output,229,210,172,167,181,214,207,226,227,227,227,227,232,232,232,232,232,232,232,232,233,233,233,233,
2026-09-01,PRINCEFARM,WIND,Available Capacity,189,189,189,189,189,189,189,189,189,189,189,189,189,189,189,189,189,189,189,189,189,189,189,189,
2026-09-01,PRINCEFARM,WIND,Forecast,15,2,0,0,0,0,0,0,0,0,1,0,6,11,7,10,13,19,27,39,54,34,21,13,
2026-09-01,PRINCEFARM,WIND,Output,13,1,0,0,0,0,0,0,0,0,0,0,8,11,6,12,13,23,27,42,55,30,22,11,
2026-09-01,RAILBEDWF-LT.AG_SR,WIND,Available Capacity,270,270,270,270,270,270,270,270,270,270,270,270,270,270,270,270,270,270,270,270,270,270,270,270,
2026-09-01,RAILBEDWF-LT.AG_SR,WIND,Forecast,152,153,163,155,132,104,86,49,14,9,15,14,15,32,71,78,69,48,63,74,107,127,83,57,
2026-09-01,RAILBEDWF-LT.AG_SR,WIND,Output,154,157,167,155,131,104,85,45,12,11,24,14,16,35,76,77,69,49,65,78,113,127,82,57,
2026-09-01,RAYNER,HYDRO,Capability,42,42,42,42,42,42,42,42,42,42,42,42,42,42,42,42,42,42,42,42,42,42,42,42,
2026-09-01,RAYNER,HYDRO,Output,0,0,0,0,0,0,38,32,36,38,36,1,0,0,0,0,0,31,31,33,31,33,2,0,
2026-09-01,REDROCK,HYDRO,Capability,19,19,19,19,19,19,19,19,19,19,19,19,19,19,19,19,19,19,19,19,19,19,19,19,
2026-09-01,REDROCK,HYDRO,Output,0,0,0,0,18,19,19,19,19,19,19,19,19,19,19,19,19,19,19,19,1,0,0,0,
2026-09-01,RIPLEY SOUTH,WIND,Available Capacity,76,76,76,76,76,76,76,76,76,76,76,76,76,76,76,76,76,76,76,76,76,76,76,76,
2026-09-01,RIPLEY SOUTH,WIND,Forecast,41,30,21,16,7,5,2,0,0,0,1,1,1,1,1,0,0,0,0,1,1,5,10,11,
2026-09-01,RIPLEY SOUTH,WIND,Output,41,29,21,16,7,5,2,0,0,1,1,1,1,1,1,0,0,0,1,2,2,6,12,12,
2026-09-01,ROMNEY,WIND,Available Capacity,60,60,60,60,60,60,60,60,60,60,60,60,60,60,60,60,60,60,60,60,60,60,60,60,
2026-09-01,ROMNEY,WIND,Forecast,11,3,4,6,4,2,2,1,0,1,4,0,0,0,0,0,0,0,0,0,0,0,0,0,
2026-09-01,ROMNEY,WIND,Output,3,2,3,3,3,2,2,1,0,0,0,0,0,0,0,0,0,0,0,0,0,0,0,0,
2026-09-01,SANDUSK-LT.AG_T1,WIND,Available Capacity,104,104,104,104,104,104,104,104,104,104,104,104,104,104,104,104,104,104,104,104,104,104,104,104,
2026-09-01,SANDUSK-LT.AG_T1,WIND,Forecast,40,50,59,65,48,28,14,11,2,0,4,11,17,16,13,11,16,20,15,15,1,0,0,0,
2026-09-01,SANDUSK-LT.AG_T1,WIND,Output,43,52,61,68,47,26,13,10,2,0,2,12,18,16,13,12,18,19,16,15,0,0,0,0,
2026-09-01,SAUNDERS,HYDRO,Capability,859,921,921,921,921,921,921,921,921,921,921,921,921,921,921,921,921,921,921,921,921,921,921,921,
2026-09-01,SAUNDERS,HYDRO,Output,878,875,873,877,879,878,876,922,927,924,924,924,915,913,913,914,914,914,913,916,922,921,860,868,
2026-09-01,SHANNON,WIND,Available Capacity,91,91,91,91,91,91,91,91,91,91,91,91,91,91,91,91,91,91,91,91,91,91,91,91,
2026-09-01,SHANNON,WIND,Forecast,26,22,11,6,6,2,8,0,0,0,1,2,11,6,1,0,0,0,0,0,0,0,0,0,
2026-09-01,SHANNON,WIND,Output,27,20,10,5,6,3,7,0,0,0,0,4,12,5,1,1,0,0,0,0,0,0,0,0,
2026-09-01,SILVERFALLS,HYDRO,Capability,51,51,51,51,51,51,51,51,51,51,51,51,51,51,51,51,51,51,51,51,51,51,51,51,
2026-09-01,SILVERFALLS,HYDRO,Output,43,2,0,0,44,2,0,45,3,0,45,2,0,44,2,0,44,2,0,0,44,2,0,0,
2026-09-01,SITHE GOREWAY-G11,GAS,Capability,212,212,212,212,212,212,212,212,212,212,212,212,212,212,212,212,212,212,212,212,212,212,212,212,
2026-09-01,SITHE GOREWAY-G11,GAS,Output,185,185,184,184,184,184,184,184,184,183,182,181,181,182,182,182,183,184,184,185,185,186,186,186,
2026-09-01,SITHE GOREWAY-G12,GAS,Capability,212,212,212,212,212,212,212,212,212,212,212,212,212,212,212,212,212,212,212,212,212,212,212,212,
2026-09-01,SITHE GOREWAY-G12,GAS,Output,179,179,178,178,178,178,178,178,177,176,175,175,175,175,175,175,176,177,177,178,179,179,179,179,
2026-09-01,SITHE GOREWAY-G13,GAS,Capability,212,212,212,212,212,212,212,212,212,212,212,212,212,212,212,212,212,212,212,212,212,212,212,212,
2026-09-01,SITHE GOREWAY-G13,GAS,Output,175,175,174,175,174,174,176,175,175,174,173,172,171,172,171,171,173,174,173,174,175,175,176,175,
2026-09-01,SITHE GOREWAY-G15,GAS,Capability,362,362,362,362,362,362,362,362,362,362,362,362,362,362,362,362,362,362,362,362,362,362,362,362,
2026-09-01,SITHE GOREWAY-G15,GAS,Output,332,333,332,332,331,329,319,328,326,324,322,321,321,321,319,318,320,325,327,329,330,331,332,331,
2026-09-01,SMOKY 2,HYDRO,Capability,178,178,178,178,90,178,178,178,266,266,266,266,266,266,266,266,266,266,266,266,266,266,266,266,
2026-09-01,SMOKY 2,HYDRO,Output,2,0,0,0,0,77,156,161,162,164,165,165,165,165,163,162,162,162,162,162,162,162,162,83,
2026-09-01,SOUTHGATE SF,SOLAR,Available Capacity,50,50,50,50,50,50,50,50,50,50,50,50,50,50,50,50,50,50,50,50,50,50,50,50,
2026-09-01,SOUTHGATE SF,SOLAR,Forecast,0,0,0,0,0,0,0,4,8,14,21,20,31,33,31,26,19,7,1,0,0,0,0,0,
2026-09-01,SOUTHGATE SF,SOLAR,Output,0,0,0,0,0,0,0,4,7,16,19,21,32,33,31,27,19,9,1,0,0,0,0,0,
2026-09-01,SPENCE,WIND,Available Capacity,99,99,99,99,99,99,99,99,99,99,99,99,99,99,99,99,99,99,99,99,99,99,99,99,
2026-09-01,SPENCE,WIND,Forecast,29,27,29,33,37,37,28,14,8,3,4,5,4,7,11,19,7,5,4,8,15,30,32,23,
2026-09-01,SPENCE,WIND,Output,31,28,30,35,39,38,28,14,7,3,6,5,4,8,12,19,7,5,4,9,17,34,33,23,
2026-09-01,STCLAIRCGS,GAS,Capability,614,614,614,614,614,614,614,614,614,614,614,614,614,614,614,614,614,614,614,614,614,614,614,614,
2026-09-01,STCLAIRCGS,GAS,Output,589,586,587,582,589,588,587,604,625,627,624,621,621,614,590,612,614,613,613,614,615,616,617,618,
2026-09-01,STEEPHILL,HYDRO,Capability,14,14,14,14,14,14,14,14,14,14,14,14,14,14,14,14,14,14,14,14,14,14,14,14,
2026-09-01,STEEPHILL,HYDRO,Output,3,3,3,3,3,3,3,3,14,14,14,14,14,14,14,14,8,3,3,3,3,3,3,3,
2026-09-01,STEWARTVLE,HYDRO,Capability,120,120,120,120,120,120,120,62,55,44,44,62,62,62,120,120,98,120,120,120,120,120,120,120,
2026-09-01,STEWARTVLE,HYDRO,Output,1,0,0,0,0,0,0,18,37,39,38,39,39,39,40,39,64,66,66,66,66,69,68,52,
2026-09-01,STONE MILLS SF,SOLAR,Available Capacity,54,54,54,54,54,54,54,54,54,54,54,54,54,54,54,54,54,54,54,54,54,54,54,54,
2026-09-01,STONE MILLS SF,SOLAR,Forecast,0,0,0,0,0,0,0,14,11,9,7,16,20,17,17,14,12,7,0,0,0,0,0,0,
2026-09-01,STONE MILLS SF,SOLAR,Output,0,0,0,0,0,0,1,15,10,10,11,18,22,17,18,14,14,7,1,0,0,0,0,0,
2026-09-01,SUMMERHAVEN,WIND,Available Capacity,124,124,124,124,124,124,124,124,124,124,124,124,124,124,124,124,124,124,124,124,124,124,124,124,
2026-09-01,SUMMERHAVEN,WIND,Forecast,3,8,15,19,28,18,12,7,2,0,2,7,10,5,4,6,6,9,10,3,0,0,0,0,
2026-09-01,SUMMERHAVEN,WIND,Output,4,10,15,21,29,17,12,7,2,0,1,9,10,5,5,6,7,9,11,2,0,0,0,0,
2026-09-01,TAOHSC,GAS,Capability,70,70,70,70,70,70,70,70,70,70,70,70,70,70,70,70,70,70,70,70,70,70,70,70,
2026-09-01,TAOHSC,GAS,Output,55,55,56,56,56,56,56,55,56,72,71,71,71,70,62,62,70,71,71,71,71,72,72,72,
2026-09-01,TASARNIA,GAS,Capability,505,505,505,505,505,505,505,505,505,505,505,505,505,505,505,505,379,300,271,271,271,271,303,343,
2026-09-01,TASARNIA,GAS,Output,392,248,222,225,239,300,315,359,391,389,384,386,385,379,348,366,380,324,276,262,268,276,298,332,
2026-09-01,TAWINDSOR,GAS,Capability,76,76,76,76,76,76,76,76,76,76,76,76,76,76,76,76,76,76,76,76,76,76,76,76,
2026-09-01,TAWINDSOR,GAS,Output,49,49,49,49,49,50,50,50,61,71,71,70,71,57,54,58,70,66,64,66,64,62,64,60,
2026-09-01,TBAYBOWATER CTS,BIOFUEL,Capability,50,50,50,50,50,50,50,50,50,50,50,50,50,50,50,50,50,50,50,50,50,50,50,50,
2026-09-01,TBAYBOWATER CTS,BIOFUEL,Output,0,0,0,0,0,0,0,0,0,0,0,0,0,0,0,0,0,0,0,0,0,0,0,0,
2026-09-01,THOROLDCGS,GAS,Capability,303,303,303,303,303,303,303,303,303,303,303,303,303,303,303,303,303,303,303,303,303,303,303,303,
2026-09-01,THOROLDCGS,GAS,Output,219,200,201,200,212,234,223,252,266,264,260,254,253,254,237,255,259,259,259,267,269,269,270,269,
2026-09-01,TILBURY BATTERY STORAGE,OTHER,Capability,87,87,87,87,87,87,87,87,87,87,87,87,87,87,87,87,87,87,87,87,87,87,87,87,
2026-09-01,TILBURY BATTERY STORAGE,OTHER,Output,0,0,0,0,0,0,0,0,5,10,1,10,6,0,0,2,9,39,79,75,26,29,18,11,
2026-09-01,TUNISGS,GAS,Capability,59,59,59,59,59,59,59,59,59,59,59,59,59,59,59,59,59,59,59,59,59,59,59,59,
2026-09-01,TUNISGS,GAS,Output,0,0,0,0,0,0,0,0,0,0,0,0,0,0,0,0,0,0,0,0,0,0,0,0,
2026-09-01,UMBATAFALLS,HYDRO,Capability,24,24,24,24,24,24,24,24,24,24,24,24,24,24,24,24,24,24,24,24,24,24,24,24,
2026-09-01,UMBATAFALLS,HYDRO,Output,0,0,0,0,0,0,0,0,0,0,0,0,0,0,0,0,0,0,0,4,3,3,4,4,
2026-09-01,UNDERWOOD,WIND,Available Capacity,182,182,182,182,182,182,182,182,182,182,182,182,182,182,182,182,182,182,182,182,182,182,182,182,
2026-09-01,UNDERWOOD,WIND,Forecast,91,68,50,31,16,7,2,1,0,0,1,1,0,0,0,0,0,0,0,0,0,4,21,30,
2026-09-01,UNDERWOOD,WIND,Output,90,65,50,28,14,7,1,1,0,0,0,1,0,0,0,0,0,0,0,0,0,6,24,31,
2026-09-01,UPPER WHITE RIVER,HYDRO,Capability,0,0,0,0,0,0,0,0,0,0,0,0,0,0,0,0,0,0,0,0,0,0,0,0,
2026-09-01,UPPER WHITE RIVER,HYDRO,Output,0,0,0,0,0,0,0,0,0,1,4,4,4,4,4,4,4,4,1,0,0,0,0,0,
2026-09-01,VAUGHAN 1 BESS,OTHER,Capability,27,27,27,27,27,27,27,27,27,27,27,27,27,27,27,27,27,27,27,27,27,27,27,27,
2026-09-01,VAUGHAN 1 BESS,OTHER,Output,0,0,0,0,0,0,0,0,0,0,0,0,0,0,0,0,0,0,0,0,0,0,0,0,
2026-09-01,WELLS,HYDRO,Capability,210,210,210,210,210,210,210,210,210,210,210,210,210,210,210,210,210,210,210,210,210,210,210,210,
2026-09-01,WELLS,HYDRO,Output,0,0,4,0,0,0,2,1,0,0,0,0,0,0,0,95,101,100,100,99,3,0,0,0,
2026-09-01,WEST LINCOLN NRWF,WIND,Available Capacity,230,230,230,230,230,230,230,218,218,218,218,218,218,218,218,218,218,230,230,230,230,230,230,230,
2026-09-01,WEST LINCOLN NRWF,WIND,Forecast,75,107,131,130,103,62,50,25,6,1,5,5,11,6,4,5,5,3,4,2,0,0,1,0,
2026-09-01,WEST LINCOLN NRWF,WIND,Output,80,115,134,134,98,61,49,23,4,0,1,6,11,5,4,6,4,3,3,1,0,0,1,0,
2026-09-01,WESTWINDSOR,GAS,Capability,143,143,143,143,143,143,143,143,143,143,143,143,143,143,143,143,143,143,143,143,143,143,143,143,
2026-09-01,WESTWINDSOR,GAS,Output,0,0,11,39,67,73,68,81,105,116,116,115,115,103,75,102,114,115,115,115,115,110,114,109,
2026-09-01,WHITBYCGS,GAS,Capability,55,55,55,55,55,55,55,55,55,55,55,55,55,55,55,55,55,55,55,55,55,55,55,55,
2026-09-01,WHITBYCGS,GAS,Output,0,0,0,0,0,0,0,0,0,0,0,0,0,0,0,0,0,0,0,0,0,0,0,0,
2026-09-01,WHITEDOG,HYDRO,Capability,68,68,68,68,68,68,68,68,68,68,68,68,68,68,68,68,68,68,68,68,68,68,68,68,
2026-09-01,WHITEDOG,HYDRO,Output,10,9,9,9,18,10,10,9,10,10,10,10,8,9,9,9,16,17,19,20,20,20,20,20,
2026-09-01,WINDSOR AIRPORT SF,SOLAR,Available Capacity,50,50,50,50,50,50,50,50,50,50,50,50,50,50,50,50,50,50,50,50,50,50,50,50,
2026-09-01,WINDSOR AIRPORT SF,SOLAR,Forecast,0,0,0,0,0,0,0,5,14,17,27,36,40,29,24,27,12,8,1,0,0,0,0,0,
2026-09-01,WINDSOR AIRPORT SF,SOLAR,Output,0,0,0,0,0,0,0,6,13,15,31,39,41,27,27,27,14,9,1,0,0,0,0,0,
2026-09-01,WOLFE ISLAND,WIND,Available Capacity,171,171,171,171,171,171,171,171,171,171,171,171,171,171,171,171,171,171,171,171,171,171,171,171,
2026-09-01,WOLFE ISLAND,WIND,Forecast,1,2,6,8,18,26,15,46,11,32,32,20,8,5,0,0,0,0,0,0,3,4,1,3,
2026-09-01,WOLFE ISLAND,WIND,Output,1,3,8,10,23,30,19,53,12,40,37,23,9,6,1,0,0,0,0,0,4,4,1,5,
2026-09-01,YORK BESS,OTHER,Capability,132,132,132,132,132,132,132,132,132,132,132,132,132,132,132,132,132,132,132,132,132,132,132,132,
2026-09-01,YORK BESS,OTHER,Output,0,0,0,0,0,0,0,0,0,0,0,0,0,0,0,0,118,78,9,84,0,0,0,0,
2026-09-01,YORKCGS-G1,GAS,Capability,233,233,233,233,233,233,233,233,233,233,233,233,233,233,233,233,233,233,233,233,233,233,233,233,
2026-09-01,YORKCGS-G1,GAS,Output,0,0,0,0,0,0,0,0,0,0,0,0,0,0,0,0,0,0,0,0,0,0,0,0,
2026-09-01,YORKCGS-G2,GAS,Capability,233,233,233,233,233,233,233,233,233,233,233,233,233,233,233,233,233,233,233,233,233,233,233,233,
2026-09-01,YORKCGS-G2,GAS,Output,0,0,0,0,0,0,0,0,0,0,0,0,0,0,0,0,0,0,0,0,0,0,0,0,
2026-09-01,ZURICH,WIND,Available Capacity,99,99,99,99,99,99,99,99,99,99,99,99,99,99,99,99,99,99,99,99,99,99,99,99,
2026-09-01,ZURICH,WIND,Forecast,25,29,42,57,54,29,12,4,0,0,2,0,0,0,0,0,0,0,0,0,0,0,4,11,
2026-09-01,ZURICH,WIND,Output,27,29,46,60,54,27,11,3,0,0,0,0,0,0,0,0,0,0,0,0,1,1,5,13,
2026-09-02,ABKENORA,HYDRO,Capability,11,11,11,11,11,11,11,11,11,11,11,11,11,11,11,11,11,11,11,11,11,11,11,11,
2026-09-02,ABKENORA,HYDRO,Output,7,7,7,7,7,7,7,7,7,7,7,7,7,7,7,7,7,7,7,7,7,7,7,7,
2026-09-02,ADELAIDE,WIND,Available Capacity,60,60,60,60,60,60,60,60,60,60,60,60,60,60,60,60,60,60,60,60,60,60,60,60,
2026-09-02,ADELAIDE,WIND,Forecast,7,10,11,18,20,16,10,2,3,1,1,3,9,8,16,13,21,9,2,0,0,0,0,2,
2026-09-02,ADELAIDE,WIND,Output,8,10,12,19,22,15,9,2,3,1,1,4,9,8,16,13,22,8,1,0,0,0,0,3,
2026-09-02,AGUASABON,HYDRO,Capability,49,49,49,49,49,49,49,49,49,49,49,49,49,49,49,49,49,49,49,49,49,49,49,49,
2026-09-02,AGUASABON,HYDRO,Output,1,0,0,0,0,0,0,0,19,38,39,39,38,38,38,38,37,38,37,37,37,37,20,20,
2026-09-02,ALEXANDER,HYDRO,Capability,53,53,53,53,53,53,53,53,53,53,53,53,53,53,53,53,53,53,53,53,53,53,53,53,
2026-09-02,ALEXANDER,HYDRO,Output,56,56,56,56,56,56,56,56,55,55,56,56,56,56,56,56,56,56,56,56,56,56,56,56,
2026-09-02,AMARANTH,WIND,Available Capacity,168,168,168,168,168,183,183,183,183,183,183,183,183,183,183,183,183,183,183,183,183,183,183,183,
2026-09-02,AMARANTH,WIND,Forecast,14,10,18,22,9,9,1,11,14,8,14,30,36,1,2,11,16,3,4,1,1,9,6,4,
2026-09-02,AMARANTH,WIND,Output,17,11,22,25,7,9,2,12,14,7,16,39,30,0,0,14,15,1,3,0,3,9,6,4,
2026-09-02,AMHERST ISLAND,WIND,Available Capacity,74,74,74,74,74,74,74,74,74,74,74,74,74,74,74,74,74,74,74,74,74,74,74,74,
2026-09-02,AMHERST ISLAND,WIND,Forecast,0,0,0,1,14,19,7,28,22,36,16,34,16,13,8,20,15,12,4,2,13,49,45,7,
2026-09-02,AMHERST ISLAND,WIND,Output,0,0,0,3,15,19,10,25,23,37,17,32,16,12,9,21,16,11,3,1,19,52,41,5,
2026-09-02,APIROQUOIS,HYDRO,Capability,107,107,107,107,107,107,107,107,107,107,107,107,107,107,107,107,107,107,107,107,107,107,107,107,
2026-09-02,APIROQUOIS,HYDRO,Output,47,44,44,44,44,44,44,35,35,35,35,36,35,35,35,36,36,36,36,36,35,36,36,36,
2026-09-02,ARLEN BESS,OTHER,Capability,27,27,27,27,27,27,27,27,27,27,27,27,27,27,27,27,27,27,27,27,27,27,27,27,
2026-09-02,ARLEN BESS,OTHER,Output,0,0,0,0,0,0,0,0,0,0,0,0,0,0,0,0,0,0,0,0,0,0,0,0,
2026-09-02,ARMOW,WIND,Available Capacity,180,180,180,180,180,180,180,180,180,180,180,180,180,180,180,180,180,180,180,180,180,180,180,180,
2026-09-02,ARMOW,WIND,Forecast,74,79,49,50,40,26,19,24,9,16,20,12,5,9,26,6,0,1,0,1,1,0,5,2,
2026-09-02,ARMOW,WIND,Output,77,78,46,53,37,26,20,22,9,16,18,12,5,10,25,5,0,0,0,1,1,0,5,1,
2026-09-02,ARNPRIOR,HYDRO,Capability,41,41,41,41,41,41,41,41,41,41,41,41,41,41,41,41,41,41,41,41,41,41,41,41,
2026-09-02,ARNPRIOR,HYDRO,Output,2,0,21,1,0,0,0,0,0,0,0,35,39,39,39,39,39,39,39,39,31,0,0,0,
2026-09-02,ATIKOKAN-G1,BIOFUEL,Capability,135,135,135,135,135,135,135,135,135,135,135,135,135,135,135,135,135,135,135,135,135,135,135,135,
2026-09-02,ATIKOKAN-G1,BIOFUEL,Output,12,0,0,0,0,0,0,0,17,49,76,56,106,123,82,56,60,54,53,66,63,61,61,12,
2026-09-02,AUBREYFALLS,HYDRO,Capability,132,132,132,132,132,132,132,132,132,132,132,132,132,132,132,132,132,132,132,132,132,132,132,132,
2026-09-02,AUBREYFALLS,HYDRO,Output,0,0,0,0,0,0,0,0,0,0,0,0,0,0,0,64,65,65,66,65,1,0,0,0,
2026-09-02,BARRETT,HYDRO,Capability,176,176,176,176,176,176,176,176,176,176,176,176,176,176,176,176,176,176,176,176,176,176,176,176,
2026-09-02,BARRETT,HYDRO,Output,2,2,2,2,2,2,2,2,0,0,57,60,61,61,77,77,77,77,76,76,75,21,19,20,
2026-09-02,BECK1,HYDRO,Capability,511,511,511,511,511,511,511,511,511,511,511,511,511,511,511,511,511,511,511,511,511,511,511,511,
2026-09-02,BECK1,HYDRO,Output,317,301,303,304,163,311,255,240,254,258,201,228,350,403,392,301,284,241,303,470,489,489,485,477,
2026-09-02,BECK2,HYDRO,Capability,1402,1402,1402,1402,1402,1402,1402,1402,1402,1402,1402,1402,1402,1402,1402,1402,1402,1402,1402,1402,1402,1402,1402,1402,
2026-09-02,BECK2,HYDRO,Output,917,917,920,936,985,1013,1086,1114,1122,1010,1134,1145,1237,1191,1060,1035,1044,1110,1211,1099,983,1001,966,1070,
2026-09-02,BECK2 PGS,HYDRO,Capability,116,116,116,116,116,116,116,116,116,116,116,116,116,116,116,116,116,116,116,116,116,116,116,116,
2026-09-02,BECK2 PGS,HYDRO,Output,0,0,0,0,0,0,0,3,10,7,2,0,44,47,32,7,12,6,4,0,0,0,0,0,
2026-09-02,BELLE RIVER,WIND,Available Capacity,100,100,100,100,100,100,100,100,100,100,100,100,100,100,100,100,100,100,100,100,100,100,100,100,
2026-09-02,BELLE RIVER,WIND,Forecast,9,11,36,50,48,43,38,29,19,7,6,13,27,50,62,67,66,46,50,50,55,54,44,47,
2026-09-02,BELLE RIVER,WIND,Output,9,13,39,50,50,45,38,29,19,7,6,15,29,53,64,67,57,33,5,51,58,57,47,51,
2026-09-02,BLAKE,WIND,Available Capacity,60,60,60,60,60,60,60,60,60,60,60,60,60,60,60,60,60,60,60,60,60,60,60,60,
2026-09-02,BLAKE,WIND,Forecast,9,8,14,21,18,11,13,4,1,4,2,7,3,4,1,2,13,0,6,5,1,2,0,0,
2026-09-02,BLAKE,WIND,Output,9,9,16,22,19,11,13,3,1,4,2,8,3,4,0,2,13,1,6,5,1,3,0,0,
2026-09-02,BORNISH,WIND,Available Capacity,73,73,73,73,73,73,73,73,73,73,73,73,73,73,73,73,73,73,73,73,73,73,73,73,
2026-09-02,BORNISH,WIND,Forecast,13,18,21,18,10,12,10,4,6,3,1,2,8,2,10,21,18,5,3,0,8,5,0,6,
2026-09-02,BORNISH,WIND,Output,13,20,22,16,12,12,10,4,6,3,1,3,8,3,16,18,18,5,2,1,10,3,0,8,
2026-09-02,BOW LAKE,WIND,Available Capacity,20,20,20,20,20,20,20,20,20,20,20,20,20,20,20,20,20,20,20,20,20,20,20,20,
2026-09-02,BOW LAKE,WIND,Forecast,0,0,0,0,0,0,0,0,0,0,0,0,0,0,0,1,1,1,0,0,1,1,0,1,
2026-09-02,BOW LAKE,WIND,Output,0,0,0,0,0,0,0,0,0,0,0,0,0,0,0,2,2,1,0,0,1,1,0,2,
2026-09-02,BOW LAKE 2,WIND,Available Capacity,40,40,40,40,40,40,40,40,40,40,40,40,40,40,40,40,40,40,40,40,40,40,40,40,
2026-09-02,BOW LAKE 2,WIND,Forecast,0,0,0,0,1,0,0,1,3,1,0,1,4,5,4,6,5,4,1,0,3,3,2,4,
2026-09-02,BOW LAKE 2,WIND,Output,0,1,0,0,1,0,1,2,3,1,1,2,5,6,3,7,6,4,1,1,4,3,2,5,
2026-09-02,BRIGHTON BEACH,GAS,Capability,642,642,642,642,642,642,642,642,642,642,642,642,642,642,642,642,642,642,642,642,642,642,642,486,
2026-09-02,BRIGHTON BEACH,GAS,Output,283,237,238,280,325,456,509,552,563,557,535,544,543,542,543,543,514,472,521,499,394,400,435,346,
2026-09-02,BRUCEA-G1,NUCLEAR,Capability,828,828,828,828,828,828,828,828,828,828,828,828,828,828,828,828,828,828,828,828,828,828,828,828,
2026-09-02,BRUCEA-G1,NUCLEAR,Output,805,805,805,805,804,803,802,801,800,800,800,801,800,800,799,799,799,799,799,800,801,802,804,804,
2026-09-02,BRUCEA-G2,NUCLEAR,Capability,828,828,828,828,828,828,828,828,828,828,828,828,828,828,828,828,828,828,828,828,828,828,828,828,
2026-09-02,BRUCEA-G2,NUCLEAR,Output,804,805,805,804,803,803,802,801,800,800,802,802,800,801,801,800,800,800,800,800,800,801,802,804,
2026-09-02,BRUCEA-G3,NUCLEAR,Capability,795,795,795,795,795,795,795,795,795,795,795,795,795,795,795,795,795,795,795,795,795,795,795,795,
2026-09-02,BRUCEA-G3,NUCLEAR,Output,787,789,789,789,788,788,787,787,786,786,786,786,786,786,785,785,783,783,783,783,784,786,787,784,
2026-09-02,BRUCEA-G4,NUCLEAR,Capability,0,0,0,0,0,0,0,0,0,0,0,0,0,0,0,0,0,0,0,0,0,0,0,0,
2026-09-02,BRUCEA-G4,NUCLEAR,Output,0,0,0,0,0,0,0,0,0,0,0,0,0,0,0,0,0,0,0,0,0,0,0,0,
2026-09-02,BRUCEB-G5,NUCLEAR,Capability,795,795,795,795,795,795,795,795,795,795,795,795,795,795,795,795,795,795,795,795,795,795,795,795,
2026-09-02,BRUCEB-G5,NUCLEAR,Output,798,796,796,797,797,797,797,797,798,798,798,798,798,797,797,797,797,797,797,797,798,799,800,799,
2026-09-02,BRUCEB-G6,NUCLEAR,Capability,817,817,817,817,817,817,817,817,817,817,817,817,817,817,817,817,817,817,817,817,817,817,817,817,
2026-09-02,BRUCEB-G6,NUCLEAR,Output,806,806,806,805,806,805,805,805,805,806,805,805,804,804,803,803,803,804,805,804,804,805,800,805,
2026-09-02,BRUCEB-G7,NUCLEAR,Capability,817,817,817,817,817,817,817,817,817,817,817,817,817,817,817,817,817,817,817,817,817,817,817,817,
2026-09-02,BRUCEB-G7,NUCLEAR,Output,811,810,811,812,812,812,811,811,811,811,811,811,811,811,811,811,810,811,811,811,812,813,814,814,
2026-09-02,BRUCEB-G8,NUCLEAR,Capability,817,817,817,817,817,817,817,817,817,817,817,817,817,817,817,817,817,817,817,817,817,817,817,817,
2026-09-02,BRUCEB-G8,NUCLEAR,Output,807,806,806,806,806,806,805,805,805,805,806,807,806,806,806,807,807,807,807,807,807,807,808,808,
2026-09-02,CALSTOCKGS,BIOFUEL,Capability,38,38,38,38,38,38,38,38,38,38,38,38,38,38,38,38,38,38,38,38,38,38,38,38,
2026-09-02,CALSTOCKGS,BIOFUEL,Output,15,15,16,17,17,17,17,17,17,23,29,28,29,29,30,29,29,29,29,29,29,29,29,23,
2026-09-02,CAMERONFALLS,HYDRO,Capability,71,71,71,71,71,71,71,71,71,71,71,71,71,71,71,71,71,71,71,71,71,71,71,71,
2026-09-02,CAMERONFALLS,HYDRO,Output,50,50,50,50,50,51,50,51,51,51,51,51,51,51,51,50,50,50,50,50,50,50,51,51,
2026-09-02,CANYON,HYDRO,Capability,348,348,348,348,348,348,348,348,348,348,348,348,348,348,348,348,348,348,348,348,348,348,348,348,
2026-09-02,CANYON,HYDRO,Output,170,171,172,228,232,232,230,231,232,219,192,174,173,173,211,226,225,278,283,287,290,235,234,172,
2026-09-02,CARDINAL,GAS,Capability,142,142,184,184,184,184,184,184,142,142,142,142,142,142,142,142,142,142,142,142,142,142,184,184,
2026-09-02,CARDINAL,GAS,Output,125,125,126,126,126,127,124,125,126,125,125,125,135,134,136,125,125,125,128,132,125,123,123,124,
2026-09-02,CARIBOUFALLS,HYDRO,Capability,94,94,94,94,94,94,94,94,94,94,94,94,94,94,94,94,94,94,94,94,94,94,94,94,
2026-09-02,CARIBOUFALLS,HYDRO,Output,27,27,27,27,27,27,27,28,28,28,28,28,28,28,28,28,28,28,28,29,29,29,29,29,
2026-09-02,CARMICHAEL,HYDRO,Capability,19,19,19,19,19,19,19,19,19,19,19,19,19,19,19,19,19,19,19,19,19,19,19,19,
2026-09-02,CARMICHAEL,HYDRO,Output,12,12,12,12,12,12,12,12,12,12,12,12,11,11,11,11,11,11,11,11,11,11,11,11,
2026-09-02,CEDAR POINT 2,WIND,Available Capacity,100,100,100,100,100,100,100,100,100,100,100,100,100,100,100,100,100,100,100,100,100,100,100,100,
2026-09-02,CEDAR POINT 2,WIND,Forecast,24,15,0,0,0,1,0,0,4,1,1,2,0,2,8,11,23,4,11,2,2,0,0,9,
2026-09-02,CEDAR POINT 2,WIND,Output,26,10,0,0,0,0,0,0,5,1,1,2,0,3,10,12,21,7,8,2,2,0,0,13,
2026-09-02,CHATSFALLS,HYDRO,Capability,144,144,144,144,144,144,144,144,144,144,144,144,144,144,144,144,144,144,144,144,144,144,144,144,
2026-09-02,CHATSFALLS,HYDRO,Output,49,48,48,48,94,96,96,96,96,96,96,96,118,119,119,140,141,141,141,140,139,139,138,138,
2026-09-02,CHENAUX,HYDRO,Capability,158,158,158,158,158,158,158,158,158,158,158,158,158,158,158,158,158,158,158,158,158,158,158,158,
2026-09-02,CHENAUX,HYDRO,Output,51,34,34,34,50,68,68,68,68,69,68,68,68,68,68,68,82,83,82,81,81,81,66,66,
2026-09-02,CLERGUE,HYDRO,Capability,33,33,33,33,33,33,33,33,33,33,33,33,33,33,33,33,33,33,33,33,33,33,33,33,
2026-09-02,CLERGUE,HYDRO,Output,35,34,34,35,34,34,34,34,34,33,34,34,34,34,33,34,34,34,33,33,32,33,33,33,
2026-09-02,COCHRANECGS,GAS,Capability,29,29,29,29,29,29,29,29,29,29,29,29,29,29,29,29,29,29,29,29,29,29,29,29,
2026-09-02,COCHRANECGS,GAS,Output,0, , , , , ,1,0,0,0,0,0,0,0,0,0,0,0,0,0,0,0,0,0,
2026-09-02,COMBER,WIND,Available Capacity,166,166,166,166,166,166,166,166,166,166,166,166,166,166,166,166,166,166,166,166,166,166,166,166,
2026-09-02,COMBER,WIND,Forecast,0,0,29,57,48,44,40,28,20,8,6,15,33,59,70,78,85,75,71,64,66,60,43,71,
2026-09-02,COMBER,WIND,Output,0,0,36,59,48,45,39,27,20,7,6,17,36,63,73,82,81,68,53,69,68,61,52,68,
2026-09-02,CRYSLER,WIND,Available Capacity,100,100,100,100,100,100,100,100,100,100,100,100,100,100,100,100,100,100,100,100,100,100,100,100,
2026-09-02,CRYSLER,WIND,Forecast,47,35,34,11,0,4,9,14,7,6,10,9,7,8,17,29,36,28,5,1,1,1,1,1,
2026-09-02,CRYSLER,WIND,Output,46,36,32,9,0,5,10,14,7,7,10,10,6,10,18,31,38,26,4,0,0,0,0,1,
2026-09-02,DA WATSON,HYDRO,Capability,12,12,12,12,12,12,12,12,12,12,12,12,12,12,12,12,12,12,12,12,12,12,12,12,
2026-09-02,DA WATSON,HYDRO,Output,11,10,11,11,11,11,10,11,11,11,11,11,11,11,11,11,11,11,11,11,11,11,11,11,
2026-09-02,DARLINGTON-G1,NUCLEAR,Capability,835,835,835,835,835,835,835,835,835,835,835,835,835,835,835,835,835,825,825,825,825,825,825,825,
2026-09-02,DARLINGTON-G1,NUCLEAR,Output,828,828,829,829,828,828,828,828,828,828,827,827,827,827,827,826,826,826,826,825,826,826,826,825,
2026-09-02,DARLINGTON-G2,NUCLEAR,Capability,0,0,0,0,0,0,0,0,0,0,0,0,0,0,0,0,0,0,0,0,0,0,0,0,
2026-09-02,DARLINGTON-G2,NUCLEAR,Output,0,0,0,0,0,0,0,0,0,0,0,0,0,0,0,0,0,0,0,0,0,0,0,0,
2026-09-02,DARLINGTON-G3,NUCLEAR,Capability,0,0,0,0,0,0,0,0,0,0,0,0,0,0,0,0,0,0,0,0,0,0,0,0,
2026-09-02,DARLINGTON-G3,NUCLEAR,Output,0,0,0,0,0,0,0,0,0,0,0,0,0,0,0,0,0,0,0,0,0,0,0,0,
2026-09-02,DARLINGTON-G4,NUCLEAR,Capability,0,0,0,0,0,0,0,0,0,0,0,0,0,0,0,0,0,0,0,0,0,0,0,0,
2026-09-02,DARLINGTON-G4,NUCLEAR,Output,0,0,0,0,0,0,0,0,0,0,0,0,0,0,0,0,0,0,0,0,0,0,0,0,
2026-09-02,DECEWFALLS,HYDRO,Capability,148,148,148,148,148,148,60,60,148,148,148,148,148,148,148,148,148,148,148,148,148,148,148,148,
2026-09-02,DECEWFALLS,HYDRO,Output,136,133,134,132,132,132,101,62,126,132,130,130,130,130,130,130,129,129,129,129,129,129,129,129,
2026-09-02,DECEWND1,HYDRO,Capability,29,29,29,29,29,29,10,10,29,29,29,29,29,29,29,29,29,29,29,29,29,29,29,29,
2026-09-02,DECEWND1,HYDRO,Output,20,20,20,20,20,20,16,10,19,20,20,20,20,20,20,20,20,20,20,20,20,20,20,20,
2026-09-02,DESJOACHIMS,HYDRO,Capability,429,429,429,429,429,429,429,429,429,429,429,429,429,429,429,429,429,429,429,429,429,429,429,429,
2026-09-02,DESJOACHIMS,HYDRO,Output,2,0,0,0,0,48,101,151,240,246,335,340,302,295,278,322,326,336,348,337,252,155,53,1,
2026-09-02,DESTEC,GAS,Capability,120,120,120,120,120,120,120,120,120,120,120,120,120,120,120,120,120,120,120,120,120,120,120,120,
2026-09-02,DESTEC,GAS,Output,0,0,0,0,0,0,0,0,0,0,0,0,0,0,0,0,0,0,0,0,0,0,0,0,
2026-09-02,DILLON,WIND,Available Capacity,78,78,78,78,78,78,78,78,78,78,78,78,78,78,78,78,78,78,78,78,78,78,78,78,
2026-09-02,DILLON,WIND,Forecast,9,9,12,29,33,24,19,11,6,2,1,6,15,31,38,41,43,46,43,28,0,5,15,25,
2026-09-02,DILLON,WIND,Output,10,9,14,32,32,24,18,11,6,2,1,7,17,34,38,42,45,48,28,21,0,8,14,31,
2026-09-02,DOWCHEMICAL,GAS,Capability,36,36,36,36,36,36,36,36,36,36,36,36,36,36,36,36,36,36,36,36,36,36,36,36,
2026-09-02,DOWCHEMICAL,GAS,Output,15,15,15,16,16,16,15,15,15,15,14,15,15,15,15,15,16,15,17,14,15,15,14,15,
2026-09-02,DPNTMTLND,GAS,Capability,52,52,52,52,52,52,52,52,52,52,52,52,52,52,52,52,52,52,52,52,52,52,52,52,
2026-09-02,DPNTMTLND,GAS,Output,0,0,0,0,0,0,0,0,0,0,0,1,4,30,24,21,21,8, , , , , , ,
2026-09-02,EARFALLS,HYDRO,Capability,18,18,18,18,18,18,18,18,18,18,18,18,18,18,18,18,18,18,18,18,18,18,18,18,
2026-09-02,EARFALLS,HYDRO,Output,12,12,12,12,12,12,12,12,13,13,13,12,12,12,12,13,12,13,12,12,12,13,12,13,
2026-09-02,EAST LAKE,WIND,Available Capacity,99,99,99,99,99,99,99,99,99,99,99,99,99,99,99,99,99,99,99,99,99,99,99,99,
2026-09-02,EAST LAKE,WIND,Forecast,14,11,17,31,31,40,34,26,8,8,5,13,27,29,36,70,65,62,46,22,5,24,3,41,
2026-09-02,EAST LAKE,WIND,Output,15,11,20,33,33,41,33,26,7,8,6,15,31,29,39,74,66,59,31,12,5,25,7,43,
2026-09-02,EAST WINDSOR-G1,GAS,Capability,46,46,46,46,46,46,46,46,46,46,46,46,46,46,46,46,46,46,46,46,46,46,46,46,
2026-09-02,EAST WINDSOR-G1,GAS,Output,0,0,0,0,0,0,0,0,0,0,0,0,0,0,0,0,0,0,0,0,0,0,0,0,
2026-09-02,EAST WINDSOR-G2,GAS,Capability,46,46,46,46,46,46,46,46,46,46,46,46,46,46,46,46,46,46,46,46,46,46,46,46,
2026-09-02,EAST WINDSOR-G2,GAS,Output,0,0,0,0,0,0,0,0,0,0,0,0,0,0,0,0,0,0,0,0,0,0,0,0,
2026-09-02,EAST WINDSOR-G3,GAS,Capability,107,107,107,107,107,107,107,107,107,107,107,107,107,107,107,107,107,107,107,107,107,107,107,107,
2026-09-02,EAST WINDSOR-G3,GAS,Output,1,1,1,1,1,1,1,1,1,1,1,1,1,1,1,1,1,1,1,1,1,1,1,1,
2026-09-02,ERIEAU,WIND,Available Capacity,99,99,99,99,99,99,99,99,99,99,99,99,99,99,99,99,99,99,99,99,99,99,99,99,
2026-09-02,ERIEAU,WIND,Forecast,14,18,18,33,50,38,21,12,9,5,8,20,33,52,67,59,64,72,66,39,1,7,15,21,
2026-09-02,ERIEAU,WIND,Output,14,18,20,38,52,35,20,12,8,5,9,20,37,57,66,63,67,74,51,18,1,10,12,24,
2026-09-02,FORTFRANCSWC,HYDRO,Capability,2,2,2,2,2,2,2,2,2,2,2,2,2,2,2,2,2,2,2,2,2,2,2,2,
2026-09-02,FORTFRANCSWC,HYDRO,Output,5,5,5,5,5,5,5,5,5,5,5,5,5,5,5,5,5,5,4,4,4,4,4,4,
2026-09-02,GARTSHORE,HYDRO,Capability,69,69,69,69,69,69,69,69,69,69,69,69,69,69,69,69,69,69,69,69,69,69,69,69,
2026-09-02,GARTSHORE,HYDRO,Output,0,0,0,0,0,0,0,0,0,0,0,0,0,0,0,0,0,0,0,0,0,0,0,0,
2026-09-02,GOREWAY BESS,OTHER,Capability,55,55,55,55,55,55,55,55,55,55,55,55,55,55,55,55,55,55,55,55,55,55,55,55,
2026-09-02,GOREWAY BESS,OTHER,Output,0,0,0,0,0,0,0,0,0,0,0,0,0,0,0,0,0,0,12,17,0,0,0,0,
2026-09-02,GOSFIELDWGS,WIND,Available Capacity,51,51,51,51,51,51,51,51,51,51,51,51,51,51,51,51,51,51,51,51,51,51,25,25,
2026-09-02,GOSFIELDWGS,WIND,Forecast,0,0,6,13,11,9,11,5,5,2,1,3,8,14,17,18,21,19,20,20,17,19,14,4,
2026-09-02,GOSFIELDWGS,WIND,Output,0,0,8,14,11,10,10,5,5,2,1,4,9,15,18,19,20,19,16,21,18,20,15,7,
2026-09-02,GOSHEN,WIND,Available Capacity,102,102,102,102,0,0,0,0,102,102,102,102,102,102,102,102,0,0,0,0,102,102,102,102,
2026-09-02,GOSHEN,WIND,Forecast,8,6,7,5,12,0,0,0,4,3,0,7,12,3,10,4,4,0,0,0,1,0,0,0,
2026-09-02,GOSHEN,WIND,Output,8,7,8,6,10,0,0,0,3,3,0,10,10,4,9,7,0,0,0,0,0,0,0,0,
2026-09-02,GOULAIS,WIND,Available Capacity,25,25,25,25,25,25,25,25,25,25,25,25,25,25,25,25,25,25,25,25,25,25,25,25,
2026-09-02,GOULAIS,WIND,Forecast,0,0,0,0,0,0,0,1,5,1,0,0,2,1,2,1,1,3,3,1,1,0,0,0,
2026-09-02,GOULAIS,WIND,Output,0,0,0,0,0,0,1,2,5,1,0,1,2,2,2,2,2,3,3,1,1,0,0,0,
2026-09-02,GRAND VALLEY 3,WIND,Available Capacity,40,40,40,40,40,40,40,40,40,40,40,40,40,40,40,40,40,40,40,40,40,40,40,40,
2026-09-02,GRAND VALLEY 3,WIND,Forecast,1,2,3,4,6,0,0,3,3,2,3,10,12,3,10,11,14,5,4,1,1,0,0,0,
2026-09-02,GRAND VALLEY 3,WIND,Output,1,2,4,4,5,0,1,3,3,2,4,12,11,3,11,13,10,5,4,1,1,0,0,0,
2026-09-02,GRANDSF,SOLAR,Available Capacity,100,100,100,100,100,100,100,100,100,100,100,100,100,100,100,100,100,100,100,100,100,100,100,100,
2026-09-02,GRANDSF,SOLAR,Forecast,0,0,0,0,0,0,0,3,13,15,26,67,83,77,26,31,16,2,0,0,0,0,0,0,
2026-09-02,GRANDSF,SOLAR,Output,0,0,0,0,0,0,0,0,10,10,28,75,89,74,12,38,10,0,0,0,0,0,0,0,
2026-09-02,GRANDWF,WIND,Available Capacity,149,149,149,149,149,149,149,149,149,149,149,149,149,149,149,149,149,149,149,149,149,149,149,149,
2026-09-02,GRANDWF,WIND,Forecast,0,0,0,0,19,72,116,53,14,13,20,32,48,77,42,57,91,125,89,52,92,57,33,73,
2026-09-02,GRANDWF,WIND,Output,0,0,0,1,22,85,115,48,14,13,22,33,52,80,39,65,62,132,81,60,95,49,36,82,
2026-09-02,GREENFIELD ENERGY CENTRE-G1,GAS,Capability,200,174,174,174,174,174,174,174,174,174,174,174,167,167,167,167,174,174,174,174,174,174,174,174,
2026-09-02,GREENFIELD ENERGY CENTRE-G1,GAS,Output,170,170,170,158,168,171,170,170,169,166,169,167,167,167,166,165,165,171,170,170,162,168,170,172,
2026-09-02,GREENFIELD ENERGY CENTRE-G2,GAS,Capability,200,174,174,174,174,174,174,174,174,174,174,174,167,167,167,167,174,174,174,174,174,174,174,174,
2026-09-02,GREENFIELD ENERGY CENTRE-G2,GAS,Output,173,172,170,158,168,171,171,171,169,171,170,169,168,168,168,167,167,173,172,169,162,168,170,172,
2026-09-02,GREENFIELD ENERGY CENTRE-G3,GAS,Capability,200,174,174,174,174,174,174,174,174,174,174,174,167,167,167,167,174,174,174,174,174,174,174,174,
2026-09-02,GREENFIELD ENERGY CENTRE-G3,GAS,Output,172,172,172,158,169,172,172,172,170,169,165,164,165,168,168,165,167,169,168,169,162,168,169,173,
2026-09-02,GREENFIELD ENERGY CENTRE-G4,GAS,Capability,497,492,492,492,492,492,492,492,492,492,492,492,481,481,481,481,492,492,492,492,492,492,492,492,
2026-09-02,GREENFIELD ENERGY CENTRE-G4,GAS,Output,424,383,382,298,338,383,377,402,426,444,425,410,468,472,481,436,443,398,422,374,333,337,349,355,
2026-09-02,GREENFIELD SOUTH-G1,GAS,Capability,180,180,180,180,180,180,180,180,180,180,180,180,180,180,180,180,180,180,180,180,180,180,180,180,
2026-09-02,GREENFIELD SOUTH-G1,GAS,Output,149,112,108,108,109,121,111,133,150,163,125,126,163,164,163,149,134,118,157,143,112,111,111,111,
2026-09-02,GREENFIELD SOUTH-G2,GAS,Capability,125,125,125,125,125,125,125,125,125,125,125,125,125,125,125,125,125,125,125,125,125,125,125,125,
2026-09-02,GREENFIELD SOUTH-G2,GAS,Output,90,72,69,69,69,73,73,79,90,100,79,79,104,107,110,95,89,74,91,84,74,73,70,70,
2026-09-02,GREENWICH,WIND,Available Capacity,50,50,50,50,50,50,50,50,50,50,50,50,50,50,50,50,50,50,99,99,99,99,99,99,
2026-09-02,GREENWICH,WIND,Forecast,27,30,32,28,19,10,15,11,3,5,6,4,2,3,2,3,2,1,0,1,3,4,4,10,
2026-09-02,GREENWICH,WIND,Output,32,45,45,40,30,17,19,13,5,9,11,6,4,5,3,6,3,1,0,2,3,5,5,11,
2026-09-02,GTAA-G1,GAS,Capability,47,47,47,47,47,47,47,47,47,47,47,47,47,47,47,47,47,47,47,47,47,47,36,36,
2026-09-02,GTAA-G1,GAS,Output,2,0,0,0,0,0,28,31,33,34,32,31,33,33,34,32,32,31,34,34,32,31,5,0,
2026-09-02,GTAA-G2,GAS,Capability,0,0,0,0,0,0,0,0,0,0,0,0,0,0,0,0,0,0,0,0,0,0,0,0,
2026-09-02,GTAA-G2,GAS,Output,0,0,0,0,0,0,0,0,0,0,0,0,0,0,0,0,0,0,0,0,0,0,0,0,
2026-09-02,GTAA-G3,GAS,Capability,0,0,0,0,0,0,0,0,0,0,0,0,0,0,0,0,0,0,0,0,0,0,0,0,
2026-09-02,GTAA-G3,GAS,Output,0,0,0,0,0,0,0,3,8,9,8,8,9,9,9,9,9,8,9,9,9,8,1,0,
2026-09-02,HAGERSVILLE BESS,OTHER,Capability,0,327,327,327,327,327,327,327,327,327,327,327,327,327,327,327,327,327,327,327,327,327,327,327,
2026-09-02,HAGERSVILLE BESS,OTHER,Output,0,0,0,0,0,0,3,31,6,0,0,0,0,48,26,4,11,0,128,207,27,4,0,0,
2026-09-02,HALTONHILLS-LT.G1,GAS,Capability,230,230,230,230,230,230,230,230,230,230,230,230,230,230,230,230,230,230,230,230,230,230,230,230,
2026-09-02,HALTONHILLS-LT.G1,GAS,Output,200,194,190,154,187,196,196,197,198,198,198,195,193,192,191,192,197,199,199,199,155,174,185,194,
2026-09-02,HALTONHILLS-LT.G2,GAS,Capability,230,230,230,230,230,230,230,230,230,230,230,230,230,230,230,230,230,230,230,230,230,230,230,230,
2026-09-02,HALTONHILLS-LT.G2,GAS,Output,200,194,190,155,187,196,196,197,198,198,197,195,192,191,191,192,197,198,199,199,155,174,185,194,
2026-09-02,HALTONHILLS-LT.G3,GAS,Capability,299,299,299,299,299,299,299,299,299,299,299,299,299,299,299,299,299,299,299,299,299,299,299,299,
2026-09-02,HALTONHILLS-LT.G3,GAS,Output,238,228,213,168,198,217,223,234,241,247,251,247,242,239,240,242,250,250,250,250,177,177,193,191,
2026-09-02,HARMON,HYDRO,Capability,156,156,156,156,156,156,156,156,156,156,156,156,156,156,156,156,156,156,156,156,156,156,156,78,
2026-09-02,HARMON,HYDRO,Output,3,0,0,0,0,71,137,145,145,145,145,145,145,145,145,145,145,141,74,74,74,74,73,76,
2026-09-02,HARMON 2,HYDRO,Capability,78,78,78,78,78,78,78,78,78,78,78,78,78,78,78,78,78,78,78,78,78,78,78,0,
2026-09-02,HARMON 2,HYDRO,Output,0,0,0,0,0,0,0,0,0,0,0,0,0,0,0,0,0,6,78,77,77,76,75,2,
2026-09-02,HARRIS,HYDRO,Capability,12,12,12,12,12,12,12,12,12,12,12,12,12,12,12,12,12,12,12,12,12,12,12,12,
2026-09-02,HARRIS,HYDRO,Output,2,3,3,3,3,3,3,2,2,2,2,2,2,2,9,9,9,7,9,10,10,10,7,3,
2026-09-02,HENVEY NORTH,WIND,Available Capacity,117,117,117,117,117,117,117,117,117,117,117,117,117,117,117,117,117,117,117,117,117,117,117,117,
2026-09-02,HENVEY NORTH,WIND,Forecast,28,19,29,30,39,17,35,26,22,17,10,9,2,43,8,11,13,14,19,38,20,36,34,28,
2026-09-02,HENVEY NORTH,WIND,Output,27,22,27,34,38,17,37,25,22,15,9,7,1,44,8,11,10,13,20,39,20,37,35,28,
2026-09-02,HENVEY SOUTH,WIND,Available Capacity,183,183,183,183,183,183,183,183,183,183,183,183,183,183,183,183,183,183,183,183,183,183,183,183,
2026-09-02,HENVEY SOUTH,WIND,Forecast,54,31,47,56,65,32,55,49,39,25,16,13,2,52,8,12,15,20,13,30,25,49,51,43,
2026-09-02,HENVEY SOUTH,WIND,Output,51,34,46,59,63,33,55,50,36,22,14,9,1,53,7,11,12,19,14,30,26,54,51,44,
2026-09-02,HOLDEN,HYDRO,Capability,199,199,199,199,199,199,199,199,199,199,199,199,199,199,199,199,199,199,199,199,199,199,199,199,
2026-09-02,HOLDEN,HYDRO,Output,2,0,0,0,23,52,80,109,141,135,143,143,168,170,169,169,168,168,168,139,109,80,80,29,
2026-09-02,HOLINGSWTH,HYDRO,Capability,21,21,21,21,21,21,21,21,21,21,21,21,21,21,21,21,21,21,21,21,21,21,21,21,
2026-09-02,HOLINGSWTH,HYDRO,Output,0,0,0,0,0,15,16,16,0,0,0,0,0,0,0,0,0,15,16,16,16,0,0,0,
2026-09-02,HYDROGEN READY POWER PLANT (HRPP),GAS,Capability,206,206,206,206,206,206,206,206,206,206,206,206,206,206,206,206,206,206,206,206,206,206,206,206,
2026-09-02,HYDROGEN READY POWER PLANT (HRPP),GAS,Output,0,0,0,0,0,0,0,0,0,0,0,0,0,0,0,0,0,0,0,0,0,0,0,0,
2026-09-02,JERICHO,WIND,Available Capacity,149,149,149,149,149,149,149,149,149,149,149,149,149,149,149,149,149,149,149,149,149,149,149,149,
2026-09-02,JERICHO,WIND,Forecast,25,30,38,35,48,36,28,8,8,4,1,4,5,6,31,33,49,4,15,0,2,0,0,19,
2026-09-02,JERICHO,WIND,Output,26,31,39,37,49,35,26,8,8,3,1,6,3,8,35,29,15,7,11,0,1,0,0,22,
2026-09-02,K2WIND,WIND,Available Capacity,270,270,270,270,270,270,270,270,270,270,270,270,270,270,270,270,270,270,270,270,270,270,270,270,
2026-09-02,K2WIND,WIND,Forecast,114,83,55,88,42,29,26,12,8,25,19,25,8,16,7,4,33,17,0,3,0,0,0,2,
2026-09-02,K2WIND,WIND,Output,115,83,55,86,43,25,27,8,9,26,21,19,7,16,6,4,42,11,1,4,0,0,0,2,
2026-09-02,KAKABEKA,HYDRO,Capability,0,0,0,0,0,0,0,0,0,0,0,0,0,0,0,0,0,0,0,0,0,0,0,0,
2026-09-02,KAKABEKA,HYDRO,Output,0,0,0,0,0,0,0,0,0,0,0,0,0,0,0,0,0,0,0,0,0,0,0,0,
2026-09-02,KAPGS,GAS,Capability,29,29,29,29,29,29,29,29,29,29,29,29,29,29,29,29,29,29,29,29,29,29,29,29,
2026-09-02,KAPGS,GAS,Output,0,0,0,0,0,0,0,0,0,0,0,0,0,0,0,0,0,0,0,0,0,0,0,0,
2026-09-02,KINGSBRIDGE,WIND,Available Capacity,40,40,40,40,40,18,18,18,18,18,40,40,40,40,40,40,0,0,40,40,40,40,40,40,
2026-09-02,KINGSBRIDGE,WIND,Forecast,9,6,6,8,4,0,0,0,0,1,1,2,0,0,0,0,0,0,0,0,0,0,0,0,
2026-09-02,KINGSBRIDGE,WIND,Output,8,7,7,8,4,0,1,0,0,2,2,1,0,0,0,0,0,0,0,0,0,0,0,0,
2026-09-02,KINGSTONSF,SOLAR,Available Capacity,100,100,100,100,100,100,100,100,100,100,100,100,100,100,100,100,100,100,100,100,100,100,100,100,
2026-09-02,KINGSTONSF,SOLAR,Forecast,0,0,0,0,0,0,0,3,11,15,62,74,66,42,21,9,6,2,0,0,0,0,0,0,
2026-09-02,KINGSTONSF,SOLAR,Output,0,0,0,0,0,0,0,4,11,16,77,71,74,40,16,6,5,2,0,0,0,0,0,0,
2026-09-02,KIPLING,HYDRO,Capability,152,152,152,152,152,152,152,152,152,152,152,152,152,152,152,152,152,152,152,152,152,152,152,76,
2026-09-02,KIPLING,HYDRO,Output,2,0,0,0,0,67,66,65,65,65,68,72,72,72,72,73,72,72,72,72,71,71,71,5,
2026-09-02,KIPLING 2,HYDRO,Capability,79,79,79,79,79,79,79,79,79,79,79,79,79,79,79,79,79,79,79,79,79,79,79,0,
2026-09-02,KIPLING 2,HYDRO,Output,0,0,0,0,0,0,63,71,71,71,72,73,72,72,72,72,72,72,75,75,74,73,73,75,
2026-09-02,LAKESUPERIOR,GAS,Capability,125,125,125,125,125,125,125,125,125,125,125,125,125,125,125,125,125,125,125,125,125,125,125,125,
2026-09-02,LAKESUPERIOR,GAS,Output,0,0,0,0,0,0,0,0,0,0,0,0,0,0,0,0,0,0,0,0,0,0,0,0,
2026-09-02,LANDON,WIND,Available Capacity,40,40,40,40,40,40,40,40,40,40,40,40,40,40,40,40,40,40,40,40,40,40,40,40,
2026-09-02,LANDON,WIND,Forecast,10,15,14,17,16,14,11,2,3,1,2,3,8,5,9,5,7,3,4,2,0,1,0,5,
2026-09-02,LANDON,WIND,Output,11,15,16,17,16,14,10,2,3,1,2,3,8,5,9,5,6,2,1,0,1,1,0,6,
2026-09-02,LENNOX-G1,GAS,Capability,525,525,525,525,525,525,525,525,525,525,525,525,525,525,525,525,525,525,525,525,525,525,525,525,
2026-09-02,LENNOX-G1,GAS,Output,0,0,0,0,0,0,0,0,0,0,0,0,0,0,0,0,0,0,0,0,0,0,0,0,
2026-09-02,LENNOX-G2,GAS,Capability,525,525,525,525,525,525,525,525,525,525,525,525,525,525,525,525,525,525,525,525,525,525,525,525,
2026-09-02,LENNOX-G2,GAS,Output,0,0,0,0,0,0,0,0,0,0,0,0,0,0,0,0,0,0,0,0,0,0,0,0,
2026-09-02,LENNOX-G3,GAS,Capability,525,525,525,525,525,525,525,525,525,525,525,525,525,525,525,525,525,525,525,525,525,525,525,525,
2026-09-02,LENNOX-G3,GAS,Output,0,0,0,0,0,0,0,0,0,0,0,0,0,0,0,0,0,0,0,0,0,0,0,0,
2026-09-02,LENNOX-G4,GAS,Capability,525,525,525,525,525,525,525,525,525,525,525,525,525,525,525,525,525,525,525,525,525,525,525,525,
2026-09-02,LENNOX-G4,GAS,Output,0,0,0,0,0,0,0,0,0,0,0,0,0,0,0,0,0,0,0,0,0,0,0,0,
2026-09-02,LITTLELONG,HYDRO,Capability,144,144,144,144,144,144,144,144,144,144,144,144,144,144,144,144,144,144,144,144,144,144,144,72,
2026-09-02,LITTLELONG,HYDRO,Output,2,0,0,0,0,61,116,118,118,118,118,122,123,124,124,124,124,124,126,125,124,125,124,65,
2026-09-02,LITTLELONG 2,HYDRO,Capability,0,0,0,0,0,0,0,0,0,0,0,0,0,0,0,0,0,0,0,0,0,0,0,0,
2026-09-02,LITTLELONG 2,HYDRO,Output, , , , , , , , , ,0, , , , , , , , , , , , , , ,
2026-09-02,LONGSAULTE,HYDRO,Capability,20,20,20,20,20,20,20,20,20,20,20,20,20,20,20,20,20,20,20,20,20,20,20,20,
2026-09-02,LONGSAULTE,HYDRO,Output,9, , , , , , , , ,10,10,10,10,10,10,9,9,9,9,9,9,9,7,7,
2026-09-02,LOWER WHITE RIVER,HYDRO,Capability,1,1,1,1,1,1,1,1,1,1,1,1,1,1,1,1,1,1,1,1,1,1,1,1,
2026-09-02,LOWER WHITE RIVER,HYDRO,Output,2,2,2,2,2,2,2,2,2,2,2,2,2,2,2,2,2,2,2,2,2,2,2,2,
2026-09-02,LOWERNOTCH,HYDRO,Capability,257,257,257,257,257,257,257,257,257,257,257,257,257,257,257,257,257,257,257,257,257,257,257,257,
2026-09-02,LOWERNOTCH,HYDRO,Output,1,0,0,0,0,0,0,0,0,0,0,0,0,0,106,209,220,221,111,107,2,0,0,0,
2026-09-02,MACKAYGS,HYDRO,Capability,54,54,54,54,54,54,54,54,54,54,54,54,54,54,54,54,54,54,54,54,54,54,54,54,
2026-09-02,MACKAYGS,HYDRO,Output,0,0,0,0,0,0,0,0,0,0,0,0,0,0,0,0,0,0,0,0,0,0,0,0,
2026-09-02,MANITOUFALLS,HYDRO,Capability,0,0,0,0,0,0,0,0,0,0,0,0,0,0,0,0,0,0,0,0,0,0,0,0,
2026-09-02,MANITOUFALLS,HYDRO,Output,0,0,0,0,0,0,0,0,0,0,0,0,0,0,0,0,0,0,0,0,0,0,0,0,
2026-09-02,MCLEANSMTNWF-LT.AG_T1,WIND,Available Capacity,60,60,60,60,60,60,60,60,60,60,60,60,60,60,60,50,50,50,50,60,60,60,60,60,
2026-09-02,MCLEANSMTNWF-LT.AG_T1,WIND,Forecast,6,5,2,10,9,5,3,2,0,8,9,0,11,8,14,11,8,11,15,18,27,23,24,24,
2026-09-02,MCLEANSMTNWF-LT.AG_T1,WIND,Output,6,5,4,11,9,5,3,2,1,10,8,0,13,9,15,12,7,13,16,19,29,23,25,24,
2026-09-02,MISSION,HYDRO,Capability,14,14,14,14,14,14,14,14,14,14,14,14,14,14,14,14,14,14,14,14,14,14,14,14,
2026-09-02,MISSION,HYDRO,Output,2,2,2,2,2,3,2,3,3,3,4,4,3,3,10,11,11,8,11,12,13,13,7,4,
2026-09-02,MTNCHUTE,HYDRO,Capability,0,0,0,0,0,0,0,0,0,0,0,0,0,0,0,0,0,0,0,0,0,0,0,0,
2026-09-02,MTNCHUTE,HYDRO,Output,0,0,0,0,0,0,0,0,0,0,0,0,0,0,0,0,0,0,0,0,0,0,0,0,
2026-09-02,NAGAGAMI,HYDRO,Capability,9,9,9,9,9,9,9,9,9,9,9,9,9,9,9,9,9,9,9,9,9,9,9,9,
2026-09-02,NAGAGAMI,HYDRO,Output,0,0,0,1,1,1,0,0,0,0,0,0,0,0,0,0,0,0,0,0,0,0,0,0,
2026-09-02,NANTICOKE SOLAR,SOLAR,Available Capacity,44,44,44,44,44,44,44,44,44,44,44,44,44,44,44,44,44,44,18,18,18,18,18,18,
2026-09-02,NANTICOKE SOLAR,SOLAR,Forecast,0,0,0,0,0,0,0,3,4,6,17,39,38,37,14,13,7,1,0,0,0,0,0,0,
2026-09-02,NANTICOKE SOLAR,SOLAR,Output,0,0,0,0,0,0,0,3,3,6,21,42,39,35,10,16,5,0,0,0,0, , , ,
2026-09-02,NAPANEE BESS,OTHER,Capability,278,278,278,278,278,278,278,278,278,278,278,278,278,278,278,278,278,278,278,278,278,278,278,278,
2026-09-02,NAPANEE BESS,OTHER,Output,0,0,0,0,0,0,0,0,0,0,0,0,0,0,0,0,0,0,153,171,8,0,0,0,
2026-09-02,NAPANEE-G1,GAS,Capability,0,0,0,0,0,0,0,0,0,0,0,0,0,0,0,0,0,0,0,0,0,0,0,0,
2026-09-02,NAPANEE-G1,GAS,Output,0,0,0,0,0,0,0,0,0,0,0,0,0,0,0,0,0,0,0,0,0,0,0,0,
2026-09-02,NAPANEE-G2,GAS,Capability,260,260,260,260,260,260,260,260,260,260,260,260,260,260,260,260,260,260,260,260,260,260,260,0,
2026-09-02,NAPANEE-G2,GAS,Output,246,244,242,223,238,242,242,242,241,241,242,242,241,240,240,240,239,239,239,239,240,242,242,237,
2026-09-02,NAPANEE-G3,GAS,Capability,180,180,180,180,180,180,180,180,180,180,180,180,180,180,180,180,180,180,180,180,180,180,180,0,
2026-09-02,NAPANEE-G3,GAS,Output,180,168,138,114,150,172,172,175,179,179,179,179,179,178,178,178,178,179,182,184,157,137,163,135,
2026-09-02,NIPIGONGS,GAS,Capability,23,23,23,23,23,23,23,23,23,23,23,23,23,23,23,23,23,23,23,23,23,23,23,23,
2026-09-02,NIPIGONGS,GAS,Output, , , , , , , , , , , , , , , , , , , , , , , , ,
2026-09-02,NORTH KENT,WIND,Available Capacity,99,99,99,99,99,99,99,99,99,99,99,99,99,99,99,99,99,99,99,99,99,99,99,99,
2026-09-02,NORTH KENT,WIND,Forecast,19,19,19,39,42,47,38,27,8,8,4,11,24,33,27,58,54,39,50,24,3,22,4,48,
2026-09-02,NORTH KENT,WIND,Output,21,19,21,43,43,48,37,26,8,8,5,12,27,30,31,62,35,34,0,9,5,24,6,52,
2026-09-02,NORTHBAYGS,GAS,Capability,60,60,60,60,60,60,60,60,60,60,60,60,60,60,60,60,60,60,60,60,60,60,60,60,
2026-09-02,NORTHBAYGS,GAS,Output,0,0,0,0,0,0,0,0,0,0,0,0,0,0,0,0,0,0,0,0,0,0,0,0,
2026-09-02,NORTHLAND POWER SOLAR FACILITIES,SOLAR,Available Capacity,40,40,40,40,40,40,40,40,40,40,40,40,40,40,40,40,40,40,40,40,40,40,40,40,
2026-09-02,NORTHLAND POWER SOLAR FACILITIES,SOLAR,Forecast,0,0,0,0,0,0,1,5,15,31,30,29,29,29,26,16,12,3,0,0,0,0,0,0,
2026-09-02,NORTHLAND POWER SOLAR FACILITIES,SOLAR,Output,9,9,9,1,0,11,1,2,17,33,31,22,16,20,23,15,10,3,1,0,0,0,0,0,
2026-09-02,NPIROQFALLS,GAS,Capability,125,125,125,125,125,125,125,125,125,125,125,125,125,125,125,125,125,125,125,125,125,125,125,125,
2026-09-02,NPIROQFALLS,GAS,Output,44,44,44,45,44,45,45,45,45,59,83,85,95,100,100,87,87,85,89,97,89,82,2,0,
2026-09-02,NPKIRKLAND-G1-G5,GAS,Capability,59,59,59,59,59,59,59,59,59,59,59,59,59,59,59,59,59,59,59,59,59,59,59,59,
2026-09-02,NPKIRKLAND-G1-G5,GAS,Output,34,34,34,34,34,34,34,34,34,35,35,35,35,35,35,35,35,35,35,34,34,34,34,34,
2026-09-02,NPKIRKLAND-G6,GAS,Capability,33,33,33,33,33,33,33,33,33,33,33,33,33,33,33,33,33,33,33,33,33,33,33,33,
2026-09-02,NPKIRKLAND-G6,GAS,Output,0,0,0,0,0,0,0,0,0,0,14,3,0,0,0,0,0,0,0,0,0,0,0,0,
2026-09-02,ONEIDA ENERGY STORAGE,OTHER,Capability,250,250,250,250,250,250,250,250,250,250,250,250,250,250,250,250,250,250,250,250,250,250,250,250,
2026-09-02,ONEIDA ENERGY STORAGE,OTHER,Output,0,0,0,0,0,0,0,0,0,0,0,0,0,0,79,151,90,3,69,94,9,0,0,0,
2026-09-02,OTTERRAPIDS,HYDRO,Capability,152,152,152,152,152,152,152,152,152,152,152,152,152,152,152,152,152,152,152,152,152,152,152,152,
2026-09-02,OTTERRAPIDS,HYDRO,Output,42,42,43,43,84,85,116,123,124,124,124,124,123,123,123,123,123,123,123,123,123,123,123,82,
2026-09-02,PAROCHES,WIND,Available Capacity,38,38,38,38,38,38,38,38,38,38,38,38,38,38,49,49,49,49,49,49,49,49,49,49,
2026-09-02,PAROCHES,WIND,Forecast,1,2,8,12,13,14,9,7,4,1,2,3,9,18,26,27,28,24,27,22,17,19,19,11,
2026-09-02,PAROCHES,WIND,Output,1,3,11,16,18,16,12,9,5,2,3,5,14,22,29,28,29,26,25,12,18,19,23,11,
2026-09-02,PETER SUTHERLAND SR,HYDRO,Capability,27,27,27,27,27,27,27,27,27,27,27,27,27,27,27,27,27,27,27,27,27,27,27,27,
2026-09-02,PETER SUTHERLAND SR,HYDRO,Output,28,28,28,28,28,28,28,28,28,28,28,28,28,28,28,28,28,28,28,28,28,28,28,28,
2026-09-02,PICKERINGB-G5,NUCLEAR,Capability,508,508,508,508,508,508,508,508,508,508,508,500,500,500,500,500,500,500,500,500,500,500,500,500,
2026-09-02,PICKERINGB-G5,NUCLEAR,Output,502,502,502,500,502,501,501,501,499,494,494,495,500,501,501,501,501,502,502,502,502,501,501,501,
2026-09-02,PICKERINGB-G6,NUCLEAR,Capability,500,500,500,500,500,500,500,500,500,500,500,500,500,500,500,500,500,500,500,500,500,500,500,500,
2026-09-02,PICKERINGB-G6,NUCLEAR,Output,501,501,501,499,501,500,500,500,500,500,500,500,499,499,499,499,499,499,498,500,500,500,498,500,
2026-09-02,PICKERINGB-G7,NUCLEAR,Capability,520,520,520,520,520,520,520,520,520,520,520,520,520,520,520,520,520,520,520,520,520,520,520,520,
2026-09-02,PICKERINGB-G7,NUCLEAR,Output,513,513,513,513,513,513,513,512,510,511,513,513,512,511,511,509,511,512,512,511,510,511,512,511,
2026-09-02,PICKERINGB-G8,NUCLEAR,Capability,515,515,515,515,515,515,515,515,515,515,515,515,515,515,515,515,515,515,515,515,515,515,515,515,
2026-09-02,PICKERINGB-G8,NUCLEAR,Output,506,506,506,506,506,506,506,505,505,506,506,506,505,505,505,505,505,506,506,506,506,506,505,505,
2026-09-02,PINEPORTAGE,HYDRO,Capability,72,72,72,72,72,72,72,72,72,72,72,72,72,72,72,72,72,72,72,72,72,72,72,72,
2026-09-02,PINEPORTAGE,HYDRO,Output,59,59,59,60,60,60,59,61,62,62,62,62,61,61,61,61,61,62,61,61,61,61,61,62,
2026-09-02,PORT BURWELL,WIND,Available Capacity,99,99,99,99,99,99,99,99,99,99,99,99,99,99,99,99,99,99,99,99,99,99,99,99,
2026-09-02,PORT BURWELL,WIND,Forecast,0,0,0,0,27,56,19,9,20,36,32,23,19,11,9,5,16,24,35,27,20,1,0,2,
2026-09-02,PORT BURWELL,WIND,Output,0,0,0,2,37,53,16,12,21,38,32,24,17,12,8,6,7,13,0,23,16,0,0,2,
2026-09-02,PORTALMA-T1,WIND,Available Capacity,101,101,101,101,101,101,101,101,101,101,101,101,101,101,101,101,101,101,101,101,101,101,101,101,
2026-09-02,PORTALMA-T1,WIND,Forecast,9,7,14,36,45,27,22,15,9,4,4,15,32,53,61,64,59,50,63,50,20,35,24,34,
2026-09-02,PORTALMA-T1,WIND,Output,10,7,17,42,43,26,22,14,8,4,5,18,35,56,64,66,37,35,4,40,20,36,23,41,
2026-09-02,PORTALMA-T3,WIND,Available Capacity,101,101,101,101,101,101,101,101,101,101,101,101,101,101,101,101,101,101,101,101,101,101,101,101,
2026-09-02,PORTALMA-T3,WIND,Forecast,7,5,20,42,40,39,32,19,12,6,2,8,31,53,57,61,66,64,60,57,40,61,40,34,
2026-09-02,PORTALMA-T3,WIND,Output,7,6,23,46,39,39,32,18,12,6,3,10,35,55,60,63,43,64,10,51,41,64,41,32,
2026-09-02,PORTLANDS-G1,GAS,Capability,207,207,207,207,207,207,207,207,207,207,207,207,207,207,207,207,207,207,207,207,207,207,207,207,
2026-09-02,PORTLANDS-G1,GAS,Output,187,187,167,139,164,182,185,189,189,188,187,186,184,182,181,182,184,186,186,187,172,169,176,167,
2026-09-02,PORTLANDS-G2,GAS,Capability,214,214,214,214,214,214,214,214,214,214,214,214,214,214,214,214,214,214,214,214,214,214,214,214,
2026-09-02,PORTLANDS-G2,GAS,Output,187,186,168,139,164,182,184,188,188,187,185,185,183,181,181,181,184,185,186,186,172,169,176,168,
2026-09-02,PORTLANDS-G3,GAS,Capability,225,225,225,225,225,225,225,225,225,225,225,225,225,225,225,225,225,225,225,225,225,225,225,225,
2026-09-02,PORTLANDS-G3,GAS,Output,233,233,210,168,191,219,228,234,234,233,233,232,231,230,230,230,230,232,232,232,218,202,208,208,
2026-09-02,PRINCEFARM,WIND,Available Capacity,189,189,189,189,189,189,189,189,189,189,189,189,159,159,159,159,189,189,189,189,189,189,189,189,
2026-09-02,PRINCEFARM,WIND,Forecast,1,0,0,0,0,0,1,8,15,2,0,2,6,1,1,1,6,12,11,1,2,0,4,9,
2026-09-02,PRINCEFARM,WIND,Output,0,0,0,0,0,0,2,12,13,1,0,3,5,1,1,1,7,13,9,1,1,0,5,9,
2026-09-02,RAILBEDWF-LT.AG_SR,WIND,Available Capacity,270,270,270,270,270,270,270,270,270,270,270,270,270,270,270,270,270,270,270,270,270,270,270,270,
2026-09-02,RAILBEDWF-LT.AG_SR,WIND,Forecast,47,56,62,128,158,139,89,72,36,13,11,21,51,101,132,162,159,208,192,111,7,59,55,79,
2026-09-02,RAILBEDWF-LT.AG_SR,WIND,Output,48,56,67,138,159,137,80,72,33,12,10,22,56,107,134,168,66,87,4,67,8,62,57,85,
2026-09-02,RAYNER,HYDRO,Capability,42,42,42,42,42,42,42,42,42,42,42,42,42,42,42,42,42,42,42,42,42,42,42,42,
2026-09-02,RAYNER,HYDRO,Output,0,0,0,0,0,1,38,36,37,32,36,1,0,0,0,0,0,35,41,36,30,33,1,0,
2026-09-02,REDROCK,HYDRO,Capability,19,19,19,19,19,19,19,19,19,19,19,19,19,19,19,19,19,19,19,19,19,19,19,19,
2026-09-02,REDROCK,HYDRO,Output,0,0,0,0,18,19,19,19,19,19,19,19,19,19,19,19,19,19,19,19,1,0,0,0,
2026-09-02,RIPLEY SOUTH,WIND,Available Capacity,76,76,76,76,76,76,76,76,76,76,76,76,76,76,76,76,76,76,76,76,76,76,76,76,
2026-09-02,RIPLEY SOUTH,WIND,Forecast,16,18,11,17,9,6,6,4,2,6,4,4,2,3,4,1,0,1,0,0,0,0,0,0,
2026-09-02,RIPLEY SOUTH,WIND,Output,17,18,11,17,9,6,6,4,3,6,4,4,2,4,4,1,0,1,0,0,0,0,0,1,
2026-09-02,ROMNEY,WIND,Available Capacity,60,60,60,60,60,60,60,60,60,60,60,60,60,60,60,60,60,60,60,60,60,60,60,60,
2026-09-02,ROMNEY,WIND,Forecast,0,0,0,0,0,0,0,0,0,0,0,0,0,0,0,35,34,50,52,50,54,53,42,35,
2026-09-02,ROMNEY,WIND,Output,0,0,0,0,0,0,0,0,0,0,0,0,0,0,0,41,21,51,40,46,54,55,42,33,
2026-09-02,SANDUSK-LT.AG_T1,WIND,Available Capacity,104,104,104,104,104,104,104,104,104,104,104,104,104,104,104,104,104,104,104,104,104,104,104,104,
2026-09-02,SANDUSK-LT.AG_T1,WIND,Forecast,0,0,0,4,28,53,36,10,19,24,23,45,56,56,28,52,72,72,53,48,47,19,4,24,
2026-09-02,SANDUSK-LT.AG_T1,WIND,Output,0,0,0,6,31,60,29,9,21,25,25,50,59,54,30,58,75,78,47,52,53,11,4,31,
2026-09-02,SAUNDERS,HYDRO,Capability,921,921,921,921,921,921,921,921,921,855,921,921,921,921,921,921,921,921,921,921,921,921,921,921,
2026-09-02,SAUNDERS,HYDRO,Output,874,874,876,877,875,866,909,912,917,907,918,921,919,920,918,922,913,920,920,919,921,923,922,926,
2026-09-02,SHANNON,WIND,Available Capacity,91,91,91,91,91,91,91,91,91,91,91,91,91,91,91,91,91,91,91,91,91,91,91,91,
2026-09-02,SHANNON,WIND,Forecast,0,0,2,2,1,2,3,16,14,12,13,14,12,0,1,12,10,2,1,0,0,0,0,0,
2026-09-02,SHANNON,WIND,Output,0,0,2,2,0,1,5,17,13,12,14,15,10,0,2,12,10,1,0,0,0,0,0,0,
2026-09-02,SILVERFALLS,HYDRO,Capability,51,51,51,51,51,51,51,51,51,51,51,51,51,51,51,51,51,51,51,51,51,51,51,51,
2026-09-02,SILVERFALLS,HYDRO,Output,43,2,0,0,44,2,0,44,2,0,34,17,0,44,2,0,44,2,0,0,45,3,0,0,
2026-09-02,SITHE GOREWAY-G11,GAS,Capability,212,212,212,212,212,212,212,212,212,212,212,212,212,212,212,212,212,212,212,212,212,212,212,212,
2026-09-02,SITHE GOREWAY-G11,GAS,Output,185,185,185,185,184,184,185,185,185,186,185,184,182,180,184,183,184,183,184,184,184,184,184,184,
2026-09-02,SITHE GOREWAY-G12,GAS,Capability,212,212,212,212,212,212,212,212,212,212,212,212,212,212,212,212,212,212,212,212,212,212,212,212,
2026-09-02,SITHE GOREWAY-G12,GAS,Output,179,179,178,178,178,178,178,179,178,179,178,177,175,174,177,176,176,175,175,175,174,175,174,174,
2026-09-02,SITHE GOREWAY-G13,GAS,Capability,212,212,212,212,212,212,212,212,212,212,212,212,212,212,212,212,212,212,212,212,212,212,212,212,
2026-09-02,SITHE GOREWAY-G13,GAS,Output,175,175,175,175,175,176,176,175,175,176,175,174,172,171,174,175,178,176,177,177,177,177,178,178,
2026-09-02,SITHE GOREWAY-G15,GAS,Capability,362,362,362,362,362,362,362,362,362,362,362,362,362,362,362,362,362,362,362,362,362,362,362,362,
2026-09-02,SITHE GOREWAY-G15,GAS,Output,331,330,330,330,324,329,331,331,331,330,330,328,323,315,322,320,320,323,324,324,323,324,324,325,
2026-09-02,SMOKY 2,HYDRO,Capability,266,266,266,266,266,266,266,266,266,266,266,266,266,266,266,266,266,266,266,266,266,266,266,88,
2026-09-02,SMOKY 2,HYDRO,Output,2,0,0,0,0,78,156,166,166,166,166,166,166,166,160,159,159,158,150,148,158,165,164,85,
2026-09-02,SOUTHGATE SF,SOLAR,Available Capacity,50,50,50,50,50,50,50,50,50,50,50,50,50,50,50,50,50,50,50,50,50,50,50,50,
2026-09-02,SOUTHGATE SF,SOLAR,Forecast,0,0,0,0,0,0,0,3,6,11,22,22,18,19,12,15,4,0,0,0,0,0,0,0,
2026-09-02,SOUTHGATE SF,SOLAR,Output,0,0,0,0,0,0,0,3,6,9,25,18,19,19,14,15,1,0,1,0,0,0,0,0,
2026-09-02,SPENCE,WIND,Available Capacity,99,99,99,99,99,99,99,99,99,99,99,99,99,99,99,99,99,99,99,99,99,99,99,99,
2026-09-02,SPENCE,WIND,Forecast,16,12,8,21,38,35,28,15,6,1,4,8,20,38,31,47,59,49,62,36,2,6,2,4,
2026-09-02,SPENCE,WIND,Output,15,12,8,24,40,37,28,14,5,1,3,9,23,41,30,51,61,52,8,24,1,8,2,5,
2026-09-02,STCLAIRCGS,GAS,Capability,614,614,614,614,614,614,614,614,614,614,614,614,614,614,614,614,614,614,614,614,614,614,614,614,
2026-09-02,STCLAIRCGS,GAS,Output,619,611,598,589,582,590,594,599,612,615,596,596,612,611,611,607,604,589,589,589,571,569,584,584,
2026-09-02,STEEPHILL,HYDRO,Capability,14,14,14,14,14,14,14,14,14,14,14,14,14,14,14,14,14,14,14,14,14,14,14,14,
2026-09-02,STEEPHILL,HYDRO,Output,3,3,3,3,3,3,3,3,9,12,14,14,14,14,14,14,8,3,3,3,3,3,3,3,
2026-09-02,STEWARTVLE,HYDRO,Capability,120,120,120,120,120,120,120,120,120,120,120,120,120,120,120,120,120,120,120,120,120,120,120,98,
2026-09-02,STEWARTVLE,HYDRO,Output,1,0,6,0,0,0,0,0,0,0,18,67,68,68,68,68,85,85,66,66,65,20,20,26,
2026-09-02,STONE MILLS SF,SOLAR,Available Capacity,54,54,54,54,54,54,54,54,54,54,54,54,54,54,54,54,54,54,54,54,54,54,54,54,
2026-09-02,STONE MILLS SF,SOLAR,Forecast,0,0,0,0,0,0,0,3,9,7,37,33,43,26,14,2,7,0,0,0,0,0,0,0,
2026-09-02,STONE MILLS SF,SOLAR,Output,0,0,0,0,0,0,0,4,8,12,39,33,41,27,11,3,9,0,0,0,0,0,0,0,
2026-09-02,SUMMERHAVEN,WIND,Available Capacity,124,124,124,124,124,124,124,124,124,124,124,124,124,124,124,124,124,124,124,124,124,124,124,124,
2026-09-02,SUMMERHAVEN,WIND,Forecast,0,0,0,0,0,17,39,14,12,12,14,30,42,48,17,39,53,80,54,11,41,22,0,8,
2026-09-02,SUMMERHAVEN,WIND,Output,0,0,0,0,0,26,32,13,14,13,14,32,46,46,20,43,30,88,46,16,45,15,0,12,
2026-09-02,TAOHSC,GAS,Capability,70,70,70,70,70,70,70,70,70,70,70,70,70,70,70,70,70,70,70,70,70,70,70,70,
2026-09-02,TAOHSC,GAS,Output,69,56,56,56,56,57,57,57,60,71,71,70,70,69,69,69,69,70,71,71,71,71,59,56,
2026-09-02,TASARNIA,GAS,Capability,365,365,370,370,505,505,505,505,505,505,505,350,350,350,350,350,350,350,350,350,350,350,350,350,
2026-09-02,TASARNIA,GAS,Output,356,371,352,307,267,294,351,377,385,377,373,363,350,350,350,347,336,332,334,326,268,232,285,235,
2026-09-02,TAWINDSOR,GAS,Capability,76,76,76,76,76,76,76,76,76,76,76,76,76,76,76,76,76,76,76,76,76,76,76,76,
2026-09-02,TAWINDSOR,GAS,Output,52,52,52,51,52,51,51,53,57,55,54,54,64,68,69,57,59,55,54,54,54,54,53,51,
2026-09-02,TBAYBOWATER CTS,BIOFUEL,Capability,50,50,50,50,50,50,50,50,50,50,50,50,50,50,50,50,50,50,50,50,50,50,50,50,
2026-09-02,TBAYBOWATER CTS,BIOFUEL,Output,0,0,0,0,0,0,0,0,0,0,0,0,0,0,0,0,0,0,0,0,0,0,0,0,
2026-09-02,THOROLDCGS,GAS,Capability,303,303,303,303,303,303,303,303,303,303,303,303,303,303,303,303,303,303,303,303,303,303,303,303,
2026-09-02,THOROLDCGS,GAS,Output,252,212,200,200,215,223,245,252,265,262,247,250,257,257,257,257,242,230,258,266,238,221,231,219,
2026-09-02,TILBURY BATTERY STORAGE,OTHER,Capability,87,87,87,87,87,87,87,87,87,87,87,87,87,87,87,87,87,87,87,87,87,87,87,87,
2026-09-02,TILBURY BATTERY STORAGE,OTHER,Output,1,0,0,0,0,0,0,0,0,0,0,0,0,13,4,0,0,1,2,31,9,5,0,0,
2026-09-02,TUNISGS,GAS,Capability,59,59,59,59,59,59,59,59,59,59,59,59,59,59,59,59,59,59,59,59,59,59,59,59,
2026-09-02,TUNISGS,GAS,Output,0,0,0,0,0,0,0,0,0,0,0,0,0,0,0,0,0,0,0,0,0,0,0,0,
2026-09-02,UMBATAFALLS,HYDRO,Capability,24,24,24,24,24,24,24,24,24,24,24,24,24,24,24,24,24,24,24,24,24,24,24,24,
2026-09-02,UMBATAFALLS,HYDRO,Output,4,4,4,4,4,3,0,0,0,0,0,0,0,0,0,0,3,3,0,0,0,0,0,0,
2026-09-02,UNDERWOOD,WIND,Available Capacity,182,182,182,182,182,182,182,182,182,182,182,182,182,182,182,182,182,182,182,182,182,182,182,182,
2026-09-02,UNDERWOOD,WIND,Forecast,49,56,38,36,35,16,14,13,6,18,16,2,0,1,15,0,0,0,0,0,0,0,0,0,
2026-09-02,UNDERWOOD,WIND,Output,52,56,37,40,31,16,13,11,8,20,12,1,0,2,14,0,0,0,0,0,0,0,0,0,
2026-09-02,UPPER WHITE RIVER,HYDRO,Capability,0,0,0,0,0,0,0,0,0,0,0,0,0,0,0,0,0,0,0,0,0,0,0,0,
2026-09-02,UPPER WHITE RIVER,HYDRO,Output,0,0,0,0,0,0,0,0,0,0,4,4,4,4,4,4,4,4,1,0,0,0,0,0,
2026-09-02,VAUGHAN 1 BESS,OTHER,Capability,27,27,27,27,27,27,27,27,27,27,27,27,27,27,27,27,9,9,9,9,9,9,9,9,
2026-09-02,VAUGHAN 1 BESS,OTHER,Output,0,0,0,0,0,0,0,0,0,0,0,0,0,0,0,0,0,0,0,0,0,0,0,0,
2026-09-02,WELLS,HYDRO,Capability,210,210,210,210,210,210,210,210,210,210,210,210,210,210,210,210,210,210,210,210,210,210,210,210,
2026-09-02,WELLS,HYDRO,Output,0,0,0,0,0,0,0,0,0,0,0,0,0,0,0,97,100,100,100,100,3,0,0,0,
2026-09-02,WEST LINCOLN NRWF,WIND,Available Capacity,230,230,230,230,230,230,230,230,230,218,218,218,218,218,218,230,230,230,230,230,230,230,230,230,
2026-09-02,WEST LINCOLN NRWF,WIND,Forecast,0,1,8,45,73,91,132,53,6,26,39,36,69,86,72,93,97,179,75,66,92,90,98,102,
2026-09-02,WEST LINCOLN NRWF,WIND,Output,0,1,10,53,77,99,130,43,9,28,45,36,79,91,75,99,66,192,53,80,92,87,114,94,
2026-09-02,WESTWINDSOR,GAS,Capability,143,143,143,143,143,143,143,143,143,143,143,143,143,143,143,143,143,143,143,143,143,5,5,5,
2026-09-02,WESTWINDSOR,GAS,Output,81,66,66,66,66,68,68,84,90,92,69,68,112,114,114,80,87,67,70,85,68,7,0,0,
2026-09-02,WHITBYCGS,GAS,Capability,55,55,55,55,55,55,55,55,55,55,55,55,55,55,55,55,55,55,55,55,55,55,55,55,
2026-09-02,WHITBYCGS,GAS,Output,0,0,0,0,0,0,0,0,0,0,0,0,0,0,0,0,0,0,0,0,0,0,0,0,
2026-09-02,WHITEDOG,HYDRO,Capability,68,68,68,68,68,68,68,68,68,68,68,68,68,68,68,68,68,68,68,68,68,68,68,68,
2026-09-02,WHITEDOG,HYDRO,Output,9,9,9,9,9,9,18,18,18,18,18,19,18,18,18,18,18,19,19,18,22,22,22,22,
2026-09-02,WINDSOR AIRPORT SF,SOLAR,Available Capacity,50,50,50,50,50,50,50,50,50,50,50,50,50,50,50,50,50,50,50,50,50,50,50,50,
2026-09-02,WINDSOR AIRPORT SF,SOLAR,Forecast,0,0,0,0,0,0,0,5,18,29,35,35,40,38,34,25,17,7,1,0,0,0,0,0,
2026-09-02,WINDSOR AIRPORT SF,SOLAR,Output,0,0,0,0,0,0,0,7,19,30,33,39,42,40,35,26,18,7,1,0,0,0,0,0,
2026-09-02,WOLFE ISLAND,WIND,Available Capacity,171,171,171,171,171,171,171,171,171,171,171,171,171,171,171,171,171,171,171,171,171,171,171,171,
2026-09-02,WOLFE ISLAND,WIND,Forecast,9,8,6,5,3,8,6,6,37,41,86,51,41,53,31,52,37,37,30,68,30,105,117,35,
2026-09-02,WOLFE ISLAND,WIND,Output,12,10,6,5,3,9,7,6,44,55,92,53,48,57,37,59,44,41,35,75,46,119,130,34,
2026-09-02,YORK BESS,OTHER,Capability,132,132,132,132,132,132,132,132,132,132,132,132,132,132,132,132,132,132,132,132,132,132,132,132,
2026-09-02,YORK BESS,OTHER,Output,0,0,0,0,0,0,0,0,0,0,0,0,0,0,0,0,40,0,18,50,0,0,0,0,
2026-09-02,YORKCGS-G1,GAS,Capability,233,233,233,233,233,233,233,233,233,233,233,233,233,233,233,233,233,233,233,233,233,233,233,233,
2026-09-02,YORKCGS-G1,GAS,Output,0,0,0,0,0,0,0,0,0,0,0,0,0,0,0,0,0,0,0,0,0,0,0,0,
2026-09-02,YORKCGS-G2,GAS,Capability,233,233,233,233,233,233,233,233,233,233,233,233,233,233,233,233,233,233,233,233,233,233,233,233,
2026-09-02,YORKCGS-G2,GAS,Output,0,0,0,0,0,0,0,0,0,0,0,0,0,0,0,0,0,0,0,0,0,0,0,0,
2026-09-02,ZURICH,WIND,Available Capacity,99,99,99,99,99,99,99,99,99,99,99,99,99,99,99,99,70,99,99,99,99,99,99,99,
2026-09-02,ZURICH,WIND,Forecast,14,18,34,26,33,31,30,2,1,3,2,7,3,1,1,4,28,0,10,3,5,2,0,0,
2026-09-02,ZURICH,WIND,Output,14,20,36,26,36,33,25,1,1,3,2,7,3,1,1,10,22,1,11,2,8,0,0,0,
2026-09-03,ABKENORA,HYDRO,Capability,11,11,11,11,11,11,11,11,11,11,11,11,11,11,11,11,11,11,11,11,11,11,11,11,
2026-09-03,ABKENORA,HYDRO,Output,7,7,7,7,7,7,7,7,7,7,7,7,7,7,7,7,7,7,7,7,7,7,7,7,
2026-09-03,ADELAIDE,WIND,Available Capacity,60,60,60,60,60,60,60,60,60,60,60,60,60,60,60,60,60,60,60,60,60,60,60,60,
2026-09-03,ADELAIDE,WIND,Forecast,5,0,1,3,0,0,0,0,0,0,0,0,5,0,0,22,5,1,0,0,0,0,0,0,
2026-09-03,ADELAIDE,WIND,Output,5,0,2,3,0,0,0,0,0,0,0,0,5,0,1,26,4,2,0,0,0,0,0,0,
2026-09-03,AGUASABON,HYDRO,Capability,49,49,49,49,49,49,49,49,49,49,49,49,49,49,49,49,49,49,49,49,49,49,49,49,
2026-09-03,AGUASABON,HYDRO,Output,0,0,0,0,0,0,0,0,0,0,19,21,21,21,21,38,39,38,37,37,18,2,1,1,
2026-09-03,ALEXANDER,HYDRO,Capability,53,53,53,53,53,53,53,53,53,53,53,53,53,53,53,53,53,53,53,53,53,53,53,53,
2026-09-03,ALEXANDER,HYDRO,Output,56,56,56,56,56,56,56,56,56,56,56,56,56,56,56,56,56,56,56,56,56,56,56,56,
2026-09-03,AMARANTH,WIND,Available Capacity,183,183,183,183,183,183,183,183,183,183,183,183,183,183,183,183,183,183,183,183,183,183,183,183,
2026-09-03,AMARANTH,WIND,Forecast,1,0,1,2,3,5,7,7,1,1,3,6,13,20,19,13,12,8,1,0,0,0,0,2,
2026-09-03,AMARANTH,WIND,Output,2,0,2,2,3,6,8,7,1,2,3,8,16,23,20,14,13,8,1,0,0,0,0,3,
2026-09-03,AMHERST ISLAND,WIND,Available Capacity,74,74,74,74,74,74,74,74,74,74,74,74,74,74,74,74,74,74,74,74,74,74,74,74,
2026-09-03,AMHERST ISLAND,WIND,Forecast,0,10,16,8,0,1,7,5,6,8,12,13,10,16,16,4,5,6,12,29,21,22,26,8,
2026-09-03,AMHERST ISLAND,WIND,Output,0,13,15,7,0,2,7,6,7,9,14,13,11,17,14,4,5,7,14,30,21,24,25,6,
2026-09-03,APIROQUOIS,HYDRO,Capability,107,107,107,107,107,107,107,107,107,107,107,107,107,107,107,107,107,107,107,107,107,107,107,107,
2026-09-03,APIROQUOIS,HYDRO,Output,36,36,36,36,36,36,36,34,11,0,0,0,0,0,0,0,0,15,48,49,49,49,44,47,
2026-09-03,ARLEN BESS,OTHER,Capability,27,27,27,27,27,27,27,27,27,27,27,27,27,27,27,27,27,27,27,27,27,27,27,27,
2026-09-03,ARLEN BESS,OTHER,Output,0,0,0,0,0,0,0,0,0,0,0,0,0,0,0,0,0,0,0,0,0,0,0,0,
2026-09-03,ARMOW,WIND,Available Capacity,180,180,180,180,180,180,180,180,180,180,180,180,180,180,180,180,180,180,180,180,180,180,180,180,
2026-09-03,ARMOW,WIND,Forecast,0,0,0,0,0,0,0,0,0,0,0,0,0,6,5,2,1,0,0,0,0,0,1,4,
2026-09-03,ARMOW,WIND,Output,0,0,0,0,0,1,0,0,0,0,0,0,1,7,4,2,0,0,0,0,0,0,1,5,
2026-09-03,ARNPRIOR,HYDRO,Capability,41,41,41,41,41,41,41,41,41,41,41,41,41,41,41,41,41,41,41,41,41,41,41,41,
2026-09-03,ARNPRIOR,HYDRO,Output,0,0,0,0,1,1,35,1,0,37,1,0,33,34,34,34,37,40,38,38,38,1,0,0,
2026-09-03,ATIKOKAN-G1,BIOFUEL,Capability,135,135,135,135,135,135,135,135,135,135,135,135,135,135,135,135,135,135,135,135,135,135,135,135,
2026-09-03,ATIKOKAN-G1,BIOFUEL,Output,0,0,0,0,0,0,0,0,23,52,86,122,123,115,120,124,70,74,70,78,130,91,54,13,
2026-09-03,AUBREYFALLS,HYDRO,Capability,132,132,132,132,132,132,132,132,132,132,132,132,132,132,132,132,132,132,132,132,132,132,132,132,
2026-09-03,AUBREYFALLS,HYDRO,Output,0,0,0,0,0,0,0,0,0,0,0,0,0,0,0,0,63,66,65,1,0,0,0,0,
2026-09-03,BARRETT,HYDRO,Capability,176,176,176,176,176,176,176,176,176,176,176,176,109,176,176,176,176,176,176,176,176,176,176,176,
2026-09-03,BARRETT,HYDRO,Output,1,0,0,0,0,0,0,0,0,16,17,18,18,75,78,77,78,77,77,77,76,76,18,1,
2026-09-03,BECK1,HYDRO,Capability,511,511,511,511,511,511,511,511,511,511,511,511,511,511,511,511,511,511,511,511,511,511,511,511,
2026-09-03,BECK1,HYDRO,Output,448,398,402,432,394,339,260,315,408,429,408,471,455,408,424,457,407,451,412,455,468,470,460,400,
2026-09-03,BECK2,HYDRO,Capability,1402,1402,1402,1402,1402,1402,1402,1402,1402,1402,1402,1402,1402,1402,1402,1402,1402,1402,1402,1402,1402,1402,1402,1402,
2026-09-03,BECK2,HYDRO,Output,1077,1141,939,969,1086,1096,1094,1106,1086,1043,1102,1018,1133,1144,1205,1077,1221,1092,1116,1190,982,1040,1055,1067,
2026-09-03,BECK2 PGS,HYDRO,Capability,116,116,116,116,116,116,116,116,116,116,116,116,116,116,116,116,116,116,116,116,116,116,116,116,
2026-09-03,BECK2 PGS,HYDRO,Output,0,0,0,0,9,10,9,7,21,27,26,28,42,35,47,35,33,18,11,1,0,0,0,0,
2026-09-03,BELLE RIVER,WIND,Available Capacity,100,100,100,100,100,100,100,100,100,100,100,100,100,100,100,100,100,100,100,100,100,100,100,100,
2026-09-03,BELLE RIVER,WIND,Forecast,52,15,70,66,11,12,24,15,3,0,1,27,4,0,1,26,16,2,1,0,7,0,0,0,
2026-09-03,BELLE RIVER,WIND,Output,47,20,76,62,9,16,24,14,3,0,2,30,3,0,2,27,2,2,1,2,6,0,0,0,
2026-09-03,BLAKE,WIND,Available Capacity,60,60,60,60,60,60,60,60,60,60,60,60,60,60,60,60,60,60,60,60,60,60,60,60,
2026-09-03,BLAKE,WIND,Forecast,0,2,0,0,0,0,0,0,0,0,0,0,3,0,0,6,7,7,0,0,0,0,0,0,
2026-09-03,BLAKE,WIND,Output,0,3,0,0,0,0,0,0,0,0,0,0,3,0,0,6,7,8,0,0,0,0,0,0,
2026-09-03,BORNISH,WIND,Available Capacity,73,73,73,73,73,73,73,73,73,73,73,73,73,73,73,73,73,73,73,73,73,73,73,73,
2026-09-03,BORNISH,WIND,Forecast,13,3,1,0,0,0,0,0,0,0,0,0,2,0,0,26,10,1,0,0,0,0,0,0,
2026-09-03,BORNISH,WIND,Output,14,2,1,0,0,0,0,0,0,0,0,0,2,0,0,28,4,1,0,0,0,0,0,0,
2026-09-03,BOW LAKE,WIND,Available Capacity,20,20,20,20,20,20,20,20,20,20,20,20,20,20,20,20,20,20,20,20,20,20,20,20,
2026-09-03,BOW LAKE,WIND,Forecast,1,1,1,0,0,0,0,0,0,0,0,0,0,0,1,0,0,0,0,0,1,2,6,7,
2026-09-03,BOW LAKE,WIND,Output,1,2,1,0,0,0,0,0,0,0,0,0,1,1,1,0,0,0,0,0,2,3,7,7,
2026-09-03,BOW LAKE 2,WIND,Available Capacity,40,40,40,40,40,40,40,40,40,40,40,40,40,40,40,40,40,40,40,40,40,40,40,40,
2026-09-03,BOW LAKE 2,WIND,Forecast,3,5,4,0,0,0,0,0,0,0,0,1,2,2,2,1,0,0,1,1,5,7,14,19,
2026-09-03,BOW LAKE 2,WIND,Output,4,7,3,0,1,0,0,0,0,0,1,1,2,3,3,1,1,1,1,2,6,8,16,21,
2026-09-03,BRIGHTON BEACH,GAS,Capability,642,642,642,642,642,642,642,642,642,642,642,642,642,642,642,642,642,642,642,642,642,642,642,642,
2026-09-03,BRIGHTON BEACH,GAS,Output,245,238,239,282,323,472,562,571,566,564,565,567,563,556,557,570,566,576,575,574,571,571,550,408,
2026-09-03,BRUCEA-G1,NUCLEAR,Capability,828,828,828,828,828,828,828,828,828,828,828,828,828,828,828,828,828,828,828,828,828,828,828,828,
2026-09-03,BRUCEA-G1,NUCLEAR,Output,804,804,804,804,804,803,803,803,803,803,803,803,803,803,803,804,804,804,804,804,803,804,805,807,
2026-09-03,BRUCEA-G2,NUCLEAR,Capability,828,828,828,828,828,828,828,828,828,828,828,828,828,828,828,828,828,828,828,828,828,828,828,828,
2026-09-03,BRUCEA-G2,NUCLEAR,Output,805,805,805,806,805,805,805,804,804,804,804,804,803,801,803,805,805,805,805,805,805,806,805,805,
2026-09-03,BRUCEA-G3,NUCLEAR,Capability,795,795,795,795,795,795,795,795,795,795,795,795,795,795,795,795,795,795,795,795,795,795,795,795,
2026-09-03,BRUCEA-G3,NUCLEAR,Output,783,786,789,789,789,789,789,789,789,789,789,789,789,790,791,791,791,791,792,792,793,793,793,791,
2026-09-03,BRUCEA-G4,NUCLEAR,Capability,0,0,0,0,0,0,0,0,0,0,0,0,0,0,0,0,0,0,0,0,0,0,0,0,
2026-09-03,BRUCEA-G4,NUCLEAR,Output,0,0,0,0,0,0,0,0,0,0,0,0,0,0,0,0,0,0,0,0,0,0,0,0,
2026-09-03,BRUCEB-G5,NUCLEAR,Capability,795,795,795,795,795,795,795,795,795,795,795,795,795,795,795,795,795,795,795,795,795,795,795,795,
2026-09-03,BRUCEB-G5,NUCLEAR,Output,797,798,798,798,800,800,799,799,799,798,798,798,799,799,799,800,801,802,802,802,802,802,801,801,
2026-09-03,BRUCEB-G6,NUCLEAR,Capability,817,817,817,817,817,817,817,817,817,817,817,817,817,817,817,817,817,817,817,817,817,817,817,817,
2026-09-03,BRUCEB-G6,NUCLEAR,Output,805,806,805,807,807,808,808,808,808,808,807,808,808,808,808,806,805,806,805,805,804,804,804,804,
2026-09-03,BRUCEB-G7,NUCLEAR,Capability,817,817,817,817,817,817,817,817,817,817,817,817,817,817,817,817,817,817,817,817,817,817,817,817,
2026-09-03,BRUCEB-G7,NUCLEAR,Output,814,814,814,810,811,813,814,814,814,814,814,815,815,815,815,815,815,815,815,815,814,814,814,814,
2026-09-03,BRUCEB-G8,NUCLEAR,Capability,817,817,817,817,817,817,817,817,817,817,817,817,817,817,817,817,817,817,817,817,817,817,817,817,
2026-09-03,BRUCEB-G8,NUCLEAR,Output,808,808,808,808,808,807,808,808,808,807,807,808,808,808,808,808,808,808,808,808,807,808,808,809,
2026-09-03,CALSTOCKGS,BIOFUEL,Capability,38,38,38,38,38,38,38,38,38,38,38,38,38,38,38,38,38,38,38,38,38,38,38,38,
2026-09-03,CALSTOCKGS,BIOFUEL,Output,15,15,15,15,15,15,15,15,15,19,25,25,25,26,26,28,28,28,28,29,29,29,29,21,
2026-09-03,CAMERONFALLS,HYDRO,Capability,71,71,71,71,71,71,71,71,71,71,71,71,71,71,71,71,71,71,71,71,71,71,71,71,
2026-09-03,CAMERONFALLS,HYDRO,Output,51,52,53,53,53,53,52,53,53,53,53,53,53,53,53,53,53,52,49,49,50,51,51,51,
2026-09-03,CANYON,HYDRO,Capability,348,348,348,348,348,348,348,348,348,348,348,348,348,348,348,348,348,348,348,348,348,348,348,348,
2026-09-03,CANYON,HYDRO,Output,169,118,117,117,117,120,182,241,244,245,180,178,179,178,219,207,297,296,281,223,222,222,117,2,
2026-09-03,CARDINAL,GAS,Capability,142,142,142,142,142,184,184,184,139,139,139,139,139,139,139,139,139,139,139,139,139,139,139,139,
2026-09-03,CARDINAL,GAS,Output,123,123,124,124,123,126,122,123,134,139,142,142,142,140,141,140,127,127,124,123,123,124,128,131,
2026-09-03,CARIBOUFALLS,HYDRO,Capability,94,94,94,94,94,94,94,94,94,94,94,94,94,94,94,94,94,94,94,94,94,94,94,94,
2026-09-03,CARIBOUFALLS,HYDRO,Output,29,29,29,29,29,29,28,28,28,28,28,28,28,28,28,28,28,28,28,27,28,28,28,27,
2026-09-03,CARMICHAEL,HYDRO,Capability,19,19,19,19,19,19,19,19,19,19,19,19,19,19,19,19,19,19,19,19,19,19,19,19,
2026-09-03,CARMICHAEL,HYDRO,Output,11,11,11,11,11,11,11,11,11,12,11,12,12,12,12,12,12,12,12,11,11,12,12,11,
2026-09-03,CEDAR POINT 2,WIND,Available Capacity,100,100,100,100,100,100,100,100,100,100,100,100,100,100,100,100,100,100,100,100,100,100,100,100,
2026-09-03,CEDAR POINT 2,WIND,Forecast,20,8,5,2,0,0,0,0,0,0,0,0,0,0,2,40,8,0,0,0,0,0,0,0,
2026-09-03,CEDAR POINT 2,WIND,Output,20,6,6,2,0,0,0,0,0,0,0,0,0,0,9,35,2,0,0,0,0,0,0,0,
2026-09-03,CHATSFALLS,HYDRO,Capability,144,144,144,144,144,144,72,72,72,72,72,72,72,72,144,144,144,144,144,144,144,144,144,144,
2026-09-03,CHATSFALLS,HYDRO,Output,117,117,116,116,116,115,74,70,74,74,74,74,74,75,75,75,142,145,146,145,145,145,145,99,
2026-09-03,CHENAUX,HYDRO,Capability,158,158,158,158,158,158,158,158,148,148,148,148,158,158,158,158,158,158,158,158,158,158,158,158,
2026-09-03,CHENAUX,HYDRO,Output,65,34,33,34,34,51,52,68,69,64,66,66,66,66,66,81,81,81,80,80,79,64,64,49,
2026-09-03,CLERGUE,HYDRO,Capability,33,33,33,33,33,33,33,33,33,33,33,33,33,33,33,33,33,33,33,33,33,33,33,33,
2026-09-03,CLERGUE,HYDRO,Output,33,33,33,33,33,33,33,33,33,33,33,34,33,33,34,33,33,34,34,34,33,33,33,34,
2026-09-03,COCHRANECGS,GAS,Capability,29,29,29,29,29,29,29,29,29,29,29,29,29,29,29,29,29,29,29,29,29,29,29,29,
2026-09-03,COCHRANECGS,GAS,Output,0,0,0,0,0,0,0,0,0,0,0,0,0,0,0,0,0,0,0,0,0,0,0,0,
2026-09-03,COMBER,WIND,Available Capacity,166,166,83,83,83,83,83,83,83,83,166,166,166,166,166,85,85,85,85,85,166,166,166,166,
2026-09-03,COMBER,WIND,Forecast,28,1,85,44,2,0,10,9,1,1,1,17,14,0,0,8,14,0,0,0,1,0,0,0,
2026-09-03,COMBER,WIND,Output,19,2,94,37,1,0,12,8,1,0,2,23,8,0,1,12,10,0,0,1,0,0,0,0,
2026-09-03,CRYSLER,WIND,Available Capacity,100,100,100,100,100,100,100,100,100,100,100,100,100,100,100,100,100,100,100,100,100,100,100,100,
2026-09-03,CRYSLER,WIND,Forecast,1,9,20,12,21,16,13,9,6,7,11,12,11,10,8,9,5,2,3,8,17,13,31,31,
2026-09-03,CRYSLER,WIND,Output,1,11,20,13,21,16,12,9,6,8,11,13,11,11,8,9,4,2,2,11,15,18,31,32,
2026-09-03,DA WATSON,HYDRO,Capability,12,12,12,12,12,12,12,12,12,12,12,12,12,12,12,12,12,12,12,12,12,12,12,12,
2026-09-03,DA WATSON,HYDRO,Output,11,11,11,11,11,11,11,11,11,11,11,11,11,11,11,11,11,11,11,11,11,11,11,11,
2026-09-03,DARLINGTON-G1,NUCLEAR,Capability,825,825,825,825,825,825,825,825,825,825,825,825,825,825,825,825,825,825,825,825,825,825,825,825,
2026-09-03,DARLINGTON-G1,NUCLEAR,Output,825,826,826,826,825,826,826,826,826,826,825,825,825,824,825,827,827,825,825,825,825,824,824,825,
2026-09-03,DARLINGTON-G2,NUCLEAR,Capability,0,0,0,0,0,0,0,0,0,0,0,0,0,0,0,0,0,0,0,0,0,0,0,0,
2026-09-03,DARLINGTON-G2,NUCLEAR,Output,0,0,0,0,0,0,0,0,0,0,0,0,0,0,0,0,0,0,0,0,0,0,0,0,
2026-09-03,DARLINGTON-G3,NUCLEAR,Capability,0,0,0,0,0,0,0,0,0,0,0,0,0,0,0,0,0,0,0,0,0,0,0,0,
2026-09-03,DARLINGTON-G3,NUCLEAR,Output,0,0,0,0,0,0,0,0,0,0,0,0,0,0,0,0,0,0,0,0,0,0,0,0,
2026-09-03,DARLINGTON-G4,NUCLEAR,Capability,0,0,0,0,0,0,0,0,0,0,0,0,0,0,0,0,0,0,0,0,0,0,0,0,
2026-09-03,DARLINGTON-G4,NUCLEAR,Output,0,0,0,0,0,0,0,0,0,0,0,0,0,0,0,0,0,0,0,0,0,0,0,0,
2026-09-03,DECEWFALLS,HYDRO,Capability,148,148,148,148,148,148,148,0,0,0,0,0,15,148,148,148,148,148,148,148,148,148,148,148,
2026-09-03,DECEWFALLS,HYDRO,Output,128,129,129,129,128,129,128,26,17,17,17,17,51,123,123,125,125,125,125,131,140,140,139,139,
2026-09-03,DECEWND1,HYDRO,Capability,29,29,29,29,29,29,29,29,29,29,29,29,29,29,29,29,29,29,29,29,29,29,29,29,
2026-09-03,DECEWND1,HYDRO,Output,20,20,20,20,20,20,20,20,20,20,20,20,20,20,20,20,20,20,20,20,20,20,20,20,
2026-09-03,DESJOACHIMS,HYDRO,Capability,429,429,429,429,429,429,429,429,429,429,429,429,429,429,429,429,429,429,429,429,429,429,429,429,
2026-09-03,DESJOACHIMS,HYDRO,Output,0,0,0,0,0,0,49,99,196,208,246,306,283,330,338,321,344,326,329,293,302,254,204,105,
2026-09-03,DESTEC,GAS,Capability,120,120,120,120,120,120,120,120,120,120,120,120,120,120,120,120,120,120,120,120,120,120,120,120,
2026-09-03,DESTEC,GAS,Output,0,0,0,0,0,0,0,0,0,0,0,0,0,0,0,0,0,0,0,0,0,0,0,0,
2026-09-03,DILLON,WIND,Available Capacity,78,78,78,39,39,39,39,39,39,39,39,39,39,39,39,39,39,39,39,39,39,39,39,39,
2026-09-03,DILLON,WIND,Forecast,17,0,16,29,8,7,4,1,0,0,0,1,6,0,2,1,13,0,0,0,0,0,0,0,
2026-09-03,DILLON,WIND,Output,13,1,18,31,15,13,8,3,0,0,0,5,10,0,5,8,19,0,1,0,0,0,0,0,
2026-09-03,DOWCHEMICAL,GAS,Capability,36,36,36,36,36,36,36,36,36,36,36,36,36,36,36,36,36,36,36,36,36,36,36,36,
2026-09-03,DOWCHEMICAL,GAS,Output,14,14,15,15,16,16,16,16,16,16,15,13,15,16,17,17,16,15,15,15,14,14,15,15,
2026-09-03,DPNTMTLND,GAS,Capability,52,52,52,52,52,52,52,52,52,52,52,52,52,52,52,52,52,52,52,52,52,52,52,52,
2026-09-03,DPNTMTLND,GAS,Output,0,0,0,0,0,0,0,0,0,0,0,8,40,40,40,41,25,26,21,21,7,0,0,0,
2026-09-03,EARFALLS,HYDRO,Capability,18,18,18,18,18,18,18,18,18,18,18,18,18,18,18,18,18,18,18,18,18,18,18,18,
2026-09-03,EARFALLS,HYDRO,Output,12,12,13,12,12,13,12,12,12,13,12,12,12,13,13,12,13,13,13,12,12,12,12,12,
2026-09-03,EAST LAKE,WIND,Available Capacity,99,99,99,99,99,99,99,99,99,99,99,99,99,99,99,99,99,99,99,99,99,99,99,99,
2026-09-03,EAST LAKE,WIND,Forecast,20,3,27,38,21,21,12,1,0,0,0,23,6,4,1,47,19,4,9,6,0,0,0,0,
2026-09-03,EAST LAKE,WIND,Output,16,2,31,41,21,22,11,1,0,0,1,25,5,4,1,58,9,4,11,4,0,0,0,0,
2026-09-03,EAST WINDSOR-G1,GAS,Capability,46,46,46,46,46,46,46,46,46,46,46,0,0,46,0,46,0,46,46,46,46,46,46,46,
2026-09-03,EAST WINDSOR-G1,GAS,Output,0,0,0,0,0,0,0,0,0,16,37,34,12,36,21,34,0, ,0,0,0,0,0,0,
2026-09-03,EAST WINDSOR-G2,GAS,Capability,46,46,46,46,46,46,46,46,46,46,46,0,0,46,0,46,0,46,46,46,46,46,46,46,
2026-09-03,EAST WINDSOR-G2,GAS,Output,0,0,0,0,0,0,0,0,0,16,38,34,11,36,22,35,0, ,0,0,0,0,0,0,
2026-09-03,EAST WINDSOR-G3,GAS,Capability,107,107,107,107,107,107,107,107,107,107,107,107,107,107,107,107,107,107,107,107,107,107,107,107,
2026-09-03,EAST WINDSOR-G3,GAS,Output,1,1,1,1,1,1,1,1,1,1,1,1,1,1,1,1,1,1,1,1,1,1,1,1,
2026-09-03,ERIEAU,WIND,Available Capacity,99,99,99,99,99,99,99,99,99,99,99,99,99,99,99,99,99,99,99,99,99,99,99,99,
2026-09-03,ERIEAU,WIND,Forecast,23,7,27,48,35,29,17,2,0,0,0,0,12,10,21,2,60,2,3,4,0,0,0,0,
2026-09-03,ERIEAU,WIND,Output,22,8,30,53,35,29,16,2,0,0,0,1,12,15,17,11,56,2,3,4,0,0,0,0,
2026-09-03,FORTFRANCSWC,HYDRO,Capability,2,2,2,2,2,2,2,2,2,2,2,2,2,2,2,2,2,2,2,2,2,2,2,2,
2026-09-03,FORTFRANCSWC,HYDRO,Output,4,4,4,4,4,4,4,4,4,4,4,4,4,4,5,5,5,4,4,4,4,4,4,4,
2026-09-03,GARTSHORE,HYDRO,Capability,69,69,69,69,69,69,69,69,69,69,69,69,69,69,69,69,69,69,69,69,69,69,69,69,
2026-09-03,GARTSHORE,HYDRO,Output,0,0,0,0,0,0,0,0,0,0,0,0,0,0,0,0,0,0,0,0,0,0,0,0,
2026-09-03,GOREWAY BESS,OTHER,Capability,55,55,55,55,55,55,55,55,55,55,55,55,55,55,55,55,55,55,55,55,55,55,55,55,
2026-09-03,GOREWAY BESS,OTHER,Output,0,0,0,0,0,0,0,0,0,0,0,0,0,0,0,0,10,6,0,0,0,0,0,0,
2026-09-03,GOSFIELDWGS,WIND,Available Capacity,25,25,0,0,0,0,0,0,0,0,0,25,25,25,25,25,25,25,25,25,25,25,25,25,
2026-09-03,GOSFIELDWGS,WIND,Forecast,0,0,1,0,0,0,0,0,0,0,0,0,0,0,0,0,0,0,0,0,0,0,0,0,
2026-09-03,GOSFIELDWGS,WIND,Output,0,0,2,0,0, , , , , ,0,1,1,0,0,1,1,0,0,1,0,0,0,0,
2026-09-03,GOSHEN,WIND,Available Capacity,102,102,102,102,0,0,102,102,102,102,102,102,102,102,102,102,102,102,102,102,102,102,102,102,
2026-09-03,GOSHEN,WIND,Forecast,1,5,0,0,0,0,0,0,0,0,0,0,2,1,0,20,15,7,0,0,0,0,0,0,
2026-09-03,GOSHEN,WIND,Output,4,4,0,0,0,0,0,0,0,0,0,1,2,1,0,20,15,5,0,0,0,0,0,0,
2026-09-03,GOULAIS,WIND,Available Capacity,25,25,25,25,25,25,25,25,25,25,25,25,25,25,25,25,25,25,25,25,25,25,25,25,
2026-09-03,GOULAIS,WIND,Forecast,0,1,0,1,1,0,0,0,0,0,0,1,2,2,2,1,1,1,1,2,1,0,1,3,
2026-09-03,GOULAIS,WIND,Output,1,1,0,1,1,0,1,0,0,0,1,2,2,3,2,2,2,2,2,2,1,0,2,4,
2026-09-03,GRAND VALLEY 3,WIND,Available Capacity,40,40,40,40,40,40,40,40,40,40,40,40,40,40,40,40,40,40,40,40,40,40,40,40,
2026-09-03,GRAND VALLEY 3,WIND,Forecast,0,0,0,0,0,0,0,1,0,0,0,1,3,5,5,4,7,6,1,0,0,0,0,0,
2026-09-03,GRAND VALLEY 3,WIND,Output,0,0,0,0,0,1,1,1,1,0,1,2,4,6,5,4,8,6,1,0,0,0,0,0,
2026-09-03,GRANDSF,SOLAR,Available Capacity,100,100,100,100,100,100,100,100,100,100,100,100,100,100,100,100,100,100,100,100,100,100,100,100,
2026-09-03,GRANDSF,SOLAR,Forecast,0,0,0,0,0,0,1,11,27,44,59,76,73,69,32,21,9,2,0,0,0,0,0,0,
2026-09-03,GRANDSF,SOLAR,Output,0,0,0,0,0,0,0,15,22,47,63,81,81,64,28,15,6,1,0,0,0,0,0,0,
2026-09-03,GRANDWF,WIND,Available Capacity,149,149,149,149,149,149,149,149,149,149,149,149,149,149,149,149,149,149,149,149,149,149,149,149,
2026-09-03,GRANDWF,WIND,Forecast,61,30,30,18,2,0,3,0,0,0,4,9,12,11,14,10,13,30,29,19,13,1,0,0,
2026-09-03,GRANDWF,WIND,Output,57,28,31,16,1,2,2,0,0,1,4,10,11,13,13,9,15,30,30,16,13,1,0,0,
2026-09-03,GREENFIELD ENERGY CENTRE-G1,GAS,Capability,200,200,200,200,200,175,175,175,175,175,175,175,175,175,175,175,175,175,175,175,175,175,175,175,
2026-09-03,GREENFIELD ENERGY CENTRE-G1,GAS,Output,173,173,173,169,172,174,173,174,171,170,169,171,173,173,173,175,175,174,174,175,175,176,176,177,
2026-09-03,GREENFIELD ENERGY CENTRE-G2,GAS,Capability,200,200,200,200,200,175,175,175,175,175,175,175,175,175,175,175,175,175,175,175,175,175,175,175,
2026-09-03,GREENFIELD ENERGY CENTRE-G2,GAS,Output,173,173,173,169,173,174,174,173,173,173,172,172,173,172,173,175,174,174,174,175,175,176,176,177,
2026-09-03,GREENFIELD ENERGY CENTRE-G3,GAS,Capability,200,200,200,200,200,175,175,175,175,175,175,175,175,175,175,175,175,175,175,175,175,175,175,175,
2026-09-03,GREENFIELD ENERGY CENTRE-G3,GAS,Output,174,174,174,170,173,174,175,175,173,172,170,172,173,173,173,176,175,175,175,175,175,176,177,178,
2026-09-03,GREENFIELD ENERGY CENTRE-G4,GAS,Capability,497,497,497,497,497,493,493,493,493,493,493,493,493,493,493,493,493,493,493,493,493,493,493,493,
2026-09-03,GREENFIELD ENERGY CENTRE-G4,GAS,Output,379,383,364,339,361,410,393,424,485,485,484,485,487,487,486,487,429,460,461,460,446,448,420,439,
2026-09-03,GREENFIELD SOUTH-G1,GAS,Capability,180,180,180,180,180,180,180,180,180,175,175,175,175,175,175,175,175,175,175,175,175,175,175,175,
2026-09-03,GREENFIELD SOUTH-G1,GAS,Output,114,135,132,109,115,138,126,150,168,167,167,168,169,169,169,174,152,171,170,171,159,164,145,168,
2026-09-03,GREENFIELD SOUTH-G2,GAS,Capability,125,125,125,125,125,125,125,125,125,120,120,120,120,120,120,120,120,120,120,120,120,120,120,120,
2026-09-03,GREENFIELD SOUTH-G2,GAS,Output,71,80,80,72,72,85,80,86,113,114,116,117,117,116,118,118,96,97,93,93,89,91,89,100,
2026-09-03,GREENWICH,WIND,Available Capacity,99,99,99,99,99,99,99,99,99,99,99,99,99,99,99,99,99,99,99,99,99,99,99,99,
2026-09-03,GREENWICH,WIND,Forecast,6,8,5,5,4,1,3,8,3,0,2,1,0,0,1,0,1,1,0,0,0,4,4,4,
2026-09-03,GREENWICH,WIND,Output,7,8,5,5,4,1,4,8,3,1,2,0,0,1,1,0,2,1,0,0,1,4,3,5,
2026-09-03,GTAA-G1,GAS,Capability,36,36,36,36,36,36,36,36,36,36,36,36,36,36,36,36,36,36,36,36,36,36,36,36,
2026-09-03,GTAA-G1,GAS,Output,0,0,0,29,32,35,35,35,35,34,34,33,33,33,33,33,34,34,35,35,35,35,33,36,
2026-09-03,GTAA-G2,GAS,Capability,0,0,0,0,0,0,0,0,0,0,0,0,0,0,0,0,0,0,0,0,0,0,0,0,
2026-09-03,GTAA-G2,GAS,Output,0,0,0,0,0,0,0,0,0,0,0,0,0,0,0,0,0,0,0,0,0,0,0,0,
2026-09-03,GTAA-G3,GAS,Capability,0,0,0,0,0,0,0,0,0,0,0,0,0,0,0,0,0,0,0,0,0,0,0,0,
2026-09-03,GTAA-G3,GAS,Output,0,0,0,0,4,9,9,9,9,9,9,9,9,9,9,9,9,9,9,9,9,9,9,9,
2026-09-03,HAGERSVILLE BESS,OTHER,Capability,327,327,327,327,327,327,327,327,327,327,327,327,327,327,327,327,327,327,327,327,327,0,0,0,
2026-09-03,HAGERSVILLE BESS,OTHER,Output,0,0,0,0,0,0,0,0,0,35,45,109,37,46,174,198,8,1,77,275,95,106,0,0,
2026-09-03,HALTONHILLS-LT.G1,GAS,Capability,230,230,230,230,230,230,230,230,230,230,230,230,230,230,230,230,230,230,230,230,230,230,230,230,
2026-09-03,HALTONHILLS-LT.G1,GAS,Output,200,200,200,195,199,200,200,200,199,198,198,196,196,196,196,196,196,198,199,201,202,203,203,203,
2026-09-03,HALTONHILLS-LT.G2,GAS,Capability,230,230,230,230,230,230,230,230,230,230,230,230,230,230,230,230,230,230,230,230,230,230,230,230,
2026-09-03,HALTONHILLS-LT.G2,GAS,Output,200,200,200,195,199,200,200,200,199,198,198,196,196,196,196,196,196,197,199,201,202,203,203,203,
2026-09-03,HALTONHILLS-LT.G3,GAS,Capability,299,299,299,299,299,299,299,299,299,299,299,299,299,299,299,299,299,299,299,299,299,299,299,299,
2026-09-03,HALTONHILLS-LT.G3,GAS,Output,227,239,226,199,224,237,237,243,246,244,243,245,243,243,244,245,247,250,250,248,247,242,241,241,
2026-09-03,HARMON,HYDRO,Capability,0,156,156,156,156,156,156,156,156,156,156,156,156,156,156,156,156,156,156,156,156,156,156,156,
2026-09-03,HARMON,HYDRO,Output,3,0,0,0,0,0,70,73,73,73,73,73,73,73,73,73,73,76,77,77,76,75,75,75,
2026-09-03,HARMON 2,HYDRO,Capability,78,78,78,78,78,78,78,78,78,78,78,78,78,78,78,78,78,78,78,78,78,78,78,78,
2026-09-03,HARMON 2,HYDRO,Output,0,0,0,0,0,0,0,0,0,70,74,74,74,74,74,74,74,75,74,73,73,73,74,73,
2026-09-03,HARRIS,HYDRO,Capability,12,12,12,12,12,12,12,12,12,12,12,12,12,12,12,12,12,12,12,12,12,12,12,12,
2026-09-03,HARRIS,HYDRO,Output,3,3,3,3,2,3,3,3,3,3,2,2,3,3,9,9,9,9,9,9,9,9,7,4,
2026-09-03,HENVEY NORTH,WIND,Available Capacity,117,117,117,117,117,117,117,117,117,117,117,117,117,117,117,117,117,117,117,117,117,117,117,117,
2026-09-03,HENVEY NORTH,WIND,Forecast,23,18,14,15,19,13,11,5,1,0,1,1,3,21,14,25,23,23,11,5,5,15,13,10,
2026-09-03,HENVEY NORTH,WIND,Output,21,17,13,16,19,13,9,4,0,0,0,1,3,22,13,23,22,22,10,4,6,17,12,11,
2026-09-03,HENVEY SOUTH,WIND,Available Capacity,183,183,183,183,183,183,183,183,183,183,183,183,183,183,183,183,183,183,183,183,183,183,183,183,
2026-09-03,HENVEY SOUTH,WIND,Forecast,42,25,19,21,23,16,11,8,1,1,1,2,6,27,16,34,26,25,12,10,7,9,16,10,
2026-09-03,HENVEY SOUTH,WIND,Output,40,24,18,21,23,15,9,7,1,0,1,2,6,28,17,30,26,24,12,9,8,12,14,11,
2026-09-03,HOLDEN,HYDRO,Capability,199,199,199,199,199,199,199,199,199,199,199,199,199,199,199,199,199,199,199,199,199,199,199,199,
2026-09-03,HOLDEN,HYDRO,Output,1,0,0,0,0,25,82,85,108,113,114,151,143,171,172,171,171,170,169,168,168,139,138,111,
2026-09-03,HOLINGSWTH,HYDRO,Capability,21,21,21,21,21,21,21,21,21,21,21,21,21,21,21,21,21,21,21,21,21,21,21,21,
2026-09-03,HOLINGSWTH,HYDRO,Output,0,0,0,0,0,15,16,16,0,0,0,0,0,0,0,0,0,15,16,16,16,0,0,0,
2026-09-03,HYDROGEN READY POWER PLANT (HRPP),GAS,Capability,206,206,206,206,206,206,206,206,206,206,206,206,206,206,206,206,206,206,206,206,206,206,206,206,
2026-09-03,HYDROGEN READY POWER PLANT (HRPP),GAS,Output,0,0,0,0,0,0,0,0,0,0,0,0,22,81,81,81,81,81,81,7,0,0,0,0,
2026-09-03,JERICHO,WIND,Available Capacity,149,149,149,149,149,149,149,149,149,149,149,149,149,149,149,149,149,149,149,149,149,149,149,149,
2026-09-03,JERICHO,WIND,Forecast,26,2,3,2,0,0,0,0,0,0,0,0,1,0,0,62,11,1,0,0,0,0,0,0,
2026-09-03,JERICHO,WIND,Output,25,2,4,1,0,0,0,0,0,0,0,0,1,0,7,51,1,1,0,0,0,0,0,0,
2026-09-03,K2WIND,WIND,Available Capacity,270,270,270,270,270,270,270,270,270,270,270,270,270,270,270,270,270,270,270,270,270,270,270,270,
2026-09-03,K2WIND,WIND,Forecast,0,0,0,0,0,0,0,0,0,0,0,0,2,1,5,20,3,3,0,0,0,0,0,0,
2026-09-03,K2WIND,WIND,Output,0,0,0,0,0,0,0,0,0,0,1,1,2,1,7,19,3,3,1,0,1,0,0,0,
2026-09-03,KAKABEKA,HYDRO,Capability,0,0,0,0,0,0,0,0,0,0,0,0,0,0,0,0,0,0,0,0,0,0,0,0,
2026-09-03,KAKABEKA,HYDRO,Output,0,0,0,0,0,0,0,0,0,0,0,0,0,0,0,0,0,0,0,0,0,0,0,0,
2026-09-03,KAPGS,GAS,Capability,29,29,29,29,29,29,29,29,29,29,29,29,29,29,29,29,29,29,29,29,29,29,29,29,
2026-09-03,KAPGS,GAS,Output,0,0,0,0,0,0,0,0,0,0,0,0,2,2,16,21,20,21,22,2,0,0,0,0,
2026-09-03,KINGSBRIDGE,WIND,Available Capacity,40,40,40,40,40,40,40,40,40,40,40,40,40,40,40,40,40,40,40,40,40,40,40,40,
2026-09-03,KINGSBRIDGE,WIND,Forecast,0,0,0,0,0,0,0,0,0,0,0,0,0,0,0,0,0,0,0,0,0,0,0,0,
2026-09-03,KINGSBRIDGE,WIND,Output,0,0,0,0,0,0,0,0,0,0,0,0,0,0,0,0,0,0,0,0,0,0,0,0,
2026-09-03,KINGSTONSF,SOLAR,Available Capacity,100,100,100,100,100,100,100,100,100,100,100,100,100,100,100,100,100,100,100,100,100,100,100,100,
2026-09-03,KINGSTONSF,SOLAR,Forecast,0,0,0,0,0,0,3,28,59,82,91,92,84,60,66,49,23,6,1,0,0,0,0,0,
2026-09-03,KINGSTONSF,SOLAR,Output,0,0,0,0,0,0,3,31,64,85,95,96,77,59,71,40,21,7,1,0,0,0,0,0,
2026-09-03,KIPLING,HYDRO,Capability,0,152,152,152,152,152,152,152,152,152,152,152,152,152,152,152,152,152,152,152,152,152,152,152,
2026-09-03,KIPLING,HYDRO,Output,0,0,0,0,0,0,66,69,69,69,69,69,69,69,69,69,69,70,71,71,71,71,71,71,
2026-09-03,KIPLING 2,HYDRO,Capability,79,79,79,79,79,79,79,79,79,79,79,79,79,79,79,79,79,79,79,79,79,79,79,79,
2026-09-03,KIPLING 2,HYDRO,Output,2,0,0,0,0,0,0,0,0,70,73,73,73,72,72,72,72,73,75,75,74,74,74,73,
2026-09-03,LAKESUPERIOR,GAS,Capability,125,125,125,125,125,125,125,125,125,125,125,125,125,125,125,125,125,125,125,125,125,125,125,125,
2026-09-03,LAKESUPERIOR,GAS,Output,0,0,0,0,0,0,0,0,0,0,0,0,0,0,0,0,0,0,0,0,0,0,0,0,
2026-09-03,LANDON,WIND,Available Capacity,40,40,40,40,40,40,40,40,40,40,40,40,40,40,40,40,40,40,40,40,40,40,40,40,
2026-09-03,LANDON,WIND,Forecast,7,2,1,1,0,0,0,0,0,0,0,0,2,1,0,10,6,0,0,0,0,0,0,0,
2026-09-03,LANDON,WIND,Output,8,2,1,1,0,0,0,0,0,0,0,0,3,0,0,12,5,1,1,0,0,0,0,0,
2026-09-03,LENNOX-G1,GAS,Capability,525,525,525,525,525,525,525,525,525,525,525,525,525,525,525,525,525,525,525,525,525,525,525,525,
2026-09-03,LENNOX-G1,GAS,Output,0,0,0,0,0,0,0,0,0,0,0,0,0,0,0,0,0,0,0,0,0,0,0,0,
2026-09-03,LENNOX-G2,GAS,Capability,525,525,525,525,525,525,525,525,525,525,525,525,525,525,525,525,525,350,525,525,525,525,525,525,
2026-09-03,LENNOX-G2,GAS,Output,0,0,0,0,0,0,8,31,54,76,95,326,329,315,370,387,391,364,390,390,315,34,0,0,
2026-09-03,LENNOX-G3,GAS,Capability,525,525,525,525,525,525,525,525,525,525,525,525,525,525,525,525,525,525,525,525,525,525,525,525,
2026-09-03,LENNOX-G3,GAS,Output,0,0,0,0,0,0,15,30,65,85,104,327,340,390,390,390,390,390,390,390,355,52,2,0,
2026-09-03,LENNOX-G4,GAS,Capability,525,525,525,525,525,525,525,525,525,525,525,525,525,525,525,525,525,525,525,525,525,525,525,525,
2026-09-03,LENNOX-G4,GAS,Output,0,0,0,0,0,0,0,0,0,0,0,0,0,0,0,0,0,0,0,0,0,0,0,0,
2026-09-03,LITTLELONG,HYDRO,Capability,0,144,144,144,144,144,144,72,72,72,72,72,72,72,72,72,144,144,144,144,144,144,144,144,
2026-09-03,LITTLELONG,HYDRO,Output,2,0,0,0,0,0,58,58,58,66,66,66,66,66,62,62,123,119,120,119,124,126,126,125,
2026-09-03,LITTLELONG 2,HYDRO,Capability,0,0,0,0,0,0,0,0,0,0,0,0,0,0,0,0,0,0,0,0,0,0,0,0,
2026-09-03,LITTLELONG 2,HYDRO,Output, , , , , , , , , , , , , , , , , , ,0, , ,0,0, ,
2026-09-03,LONGSAULTE,HYDRO,Capability,20,20,20,20,20,20,20,20,20,20,20,20,20,20,20,20,20,20,20,20,20,20,20,20,
2026-09-03,LONGSAULTE,HYDRO,Output,7,7,7,7,7,7,9,9,8,8,9,9,8,8,7,7,7,7,6,5,5,5,5,5,
2026-09-03,LOWER WHITE RIVER,HYDRO,Capability,1,1,1,1,1,1,1,1,1,1,1,1,1,1,1,1,1,1,1,1,1,1,1,1,
2026-09-03,LOWER WHITE RIVER,HYDRO,Output,2,2,2,2,2,2,2,2,2,2,2,2,2,1,2,3,3,3,3,3,3,3,3,3,
2026-09-03,LOWERNOTCH,HYDRO,Capability,257,257,257,257,257,257,257,247,247,247,137,137,257,257,257,257,257,257,257,257,257,257,257,257,
2026-09-03,LOWERNOTCH,HYDRO,Output,0,0,0,0,0,100,106,106,105,106,9,22,0,0,110,111,110,109,109,109,109,2,0,0,
2026-09-03,MACKAYGS,HYDRO,Capability,54,54,54,54,54,54,54,54,54,54,54,54,54,54,54,54,54,54,54,54,54,54,54,54,
2026-09-03,MACKAYGS,HYDRO,Output,0,0,0,0,0,0,0,0,0,0,0,0,0,0,0,0,0,0,0,0,0,0,0,0,
2026-09-03,MANITOUFALLS,HYDRO,Capability,0,0,0,0,0,0,0,0,0,0,0,0,0,0,0,0,0,0,0,0,0,0,0,0,
2026-09-03,MANITOUFALLS,HYDRO,Output,0,0,0,0,0,0,0,0,0,0,0,0,0,0,0,0,0,0,0,0,0,0,0,0,
2026-09-03,MCLEANSMTNWF-LT.AG_T1,WIND,Available Capacity,60,60,60,60,60,60,60,60,50,50,50,50,50,50,50,50,60,60,60,60,60,60,60,60,
2026-09-03,MCLEANSMTNWF-LT.AG_T1,WIND,Forecast,19,12,11,9,11,14,10,2,2,0,0,2,1,0,1,4,6,5,6,7,6,3,0,0,
2026-09-03,MCLEANSMTNWF-LT.AG_T1,WIND,Output,18,12,11,9,12,15,10,2,2,0,1,3,1,0,2,4,6,4,6,7,7,3,0,1,
2026-09-03,MISSION,HYDRO,Capability,14,14,14,14,14,14,14,14,14,14,14,14,14,14,14,14,14,14,14,14,14,14,14,14,
2026-09-03,MISSION,HYDRO,Output,4,4,4,2,2,2,2,2,5,4,4,4,4,4,9,11,11,12,12,12,12,12,9,4,
2026-09-03,MTNCHUTE,HYDRO,Capability,0,0,0,0,0,0,0,0,0,0,0,0,0,0,0,0,0,0,0,0,0,0,0,0,
2026-09-03,MTNCHUTE,HYDRO,Output,0,0,0,0,0,0,0,0,0,0,0,0,0,0,0,0,0,0,0,0,0,0,0,0,
2026-09-03,NAGAGAMI,HYDRO,Capability,9,9,9,9,9,9,9,9,9,9,9,9,9,9,9,9,9,9,9,9,9,9,9,9,
2026-09-03,NAGAGAMI,HYDRO,Output,0,0,0,1,1,1,0,0,0,0,0,0,0,0,0,0,1,0,0,0,0,0,0,0,
2026-09-03,NANTICOKE SOLAR,SOLAR,Available Capacity,44,44,44,44,44,44,44,44,44,44,44,44,44,44,44,44,44,44,18,18,18,18,18,18,
2026-09-03,NANTICOKE SOLAR,SOLAR,Forecast,0,0,0,0,0,0,0,8,18,27,37,38,40,29,16,8,4,0,0,0,0,0,0,0,
2026-09-03,NANTICOKE SOLAR,SOLAR,Output,0,0,0,0,0,0,0,11,18,29,42,40,43,26,15,7,3,0,0,0,0,0,0,0,
2026-09-03,NAPANEE BESS,OTHER,Capability,278,278,278,278,278,278,278,278,278,278,278,278,278,278,278,278,278,278,278,278,278,278,278,278,
2026-09-03,NAPANEE BESS,OTHER,Output,0,0,0,1,1,0,0,0,0,0,0,0,0,10,8,120,0,3,0,0,0,1,6,0,
2026-09-03,NAPANEE-G1,GAS,Capability,0,0,0,0,0,0,0,0,0,0,0,0,0,0,0,0,0,0,0,260,260,260,260,260,
2026-09-03,NAPANEE-G1,GAS,Output,0,0,0,0,0,0,0,0,0,0,0,0,0,0,0,0,0,0,0,0,0,0,0,0,
2026-09-03,NAPANEE-G2,GAS,Capability,0,0,0,0,0,0,0,0,0,0,0,0,0,0,0,0,0,0,0,260,260,260,260,260,
2026-09-03,NAPANEE-G2,GAS,Output,43,0,0,0,0,0,0,0,0,0,0,0,0,0,0,0,0,0,0,0,0,0,0,0,
2026-09-03,NAPANEE-G3,GAS,Capability,0,0,0,0,0,0,0,0,0,0,0,0,0,0,0,0,0,0,0,458,458,458,458,458,
2026-09-03,NAPANEE-G3,GAS,Output,22,0,0,0,0,0,0,0,0,0,0,0,0,0,0,0,0,0,0,0,0,0,0,0,
2026-09-03,NIPIGONGS,GAS,Capability,23,23,23,23,23,23,23,23,23,23,23,23,23,23,23,23,23,23,23,23,23,23,23,23,
2026-09-03,NIPIGONGS,GAS,Output, , , , , , , , , , , , , , , , , , , , , , , , ,
2026-09-03,NORTH KENT,WIND,Available Capacity,99,99,99,99,99,99,99,99,99,99,99,99,99,99,99,99,99,99,99,99,99,99,99,99,
2026-09-03,NORTH KENT,WIND,Forecast,38,6,30,27,29,26,15,1,0,0,0,26,4,0,1,41,25,4,14,6,0,0,0,0,
2026-09-03,NORTH KENT,WIND,Output,34,6,31,31,30,27,13,0,0,0,0,29,2,1,1,41,12,5,16,4,0,0,0,0,
2026-09-03,NORTHBAYGS,GAS,Capability,60,60,60,60,60,60,60,60,60,60,60,60,60,60,60,60,60,60,60,60,60,60,60,60,
2026-09-03,NORTHBAYGS,GAS,Output,0,0,0,0,0,0,0,0,0,0,0,0,0,0,0,0,0,0,0,0,0,0,0,0,
2026-09-03,NORTHLAND POWER SOLAR FACILITIES,SOLAR,Available Capacity,40,40,40,40,40,40,40,40,40,40,40,40,40,40,40,40,40,40,40,40,40,40,40,40,
2026-09-03,NORTHLAND POWER SOLAR FACILITIES,SOLAR,Forecast,0,0,0,0,0,0,0,6,13,10,13,14,15,22,19,15,12,8,0,0,0,0,0,0,
2026-09-03,NORTHLAND POWER SOLAR FACILITIES,SOLAR,Output,0,0,0,0,0,0,1,5,13,7,13,13,14,26,16,15,13,8,0,0,0,0,0,0,
2026-09-03,NPIROQFALLS,GAS,Capability,125,125,125,125,125,125,125,125,125,125,125,125,125,125,125,125,125,125,125,125,125,125,125,125,
2026-09-03,NPIROQFALLS,GAS,Output,0,0,0,0,0,0,0,0,0,0,0,0,0,0,0,0,0,0,0,0,0,0,0,0,
2026-09-03,NPKIRKLAND-G1-G5,GAS,Capability,59,59,59,59,59,59,59,59,59,59,59,59,59,59,59,59,59,59,59,59,59,59,59,59,
2026-09-03,NPKIRKLAND-G1-G5,GAS,Output,34,34,34,34,34,34,34,34,34,35,35,35,36,49,47,47,47,47,47,47,47,47,47,47,
2026-09-03,NPKIRKLAND-G6,GAS,Capability,25,25,25,25,25,25,25,25,33,25,25,25,25,25,25,25,25,25,25,25,25,25,25,25,
2026-09-03,NPKIRKLAND-G6,GAS,Output,0,0,0,0,0,0,0,0,10,17,24,25,25,15,25,14,0,0,0,0,0,0,0,0,
2026-09-03,ONEIDA ENERGY STORAGE,OTHER,Capability,250,250,250,250,250,250,250,250,250,125,125,125,235,235,250,250,250,250,250,250,250,0,250,250,
2026-09-03,ONEIDA ENERGY STORAGE,OTHER,Output,0,0,0,0,0,0,0,0,0,8,10,10,63,69,137,139,102,160,121,102,84,1,0,0,
2026-09-03,OTTERRAPIDS,HYDRO,Capability,152,152,152,152,152,152,152,152,152,152,152,152,152,152,152,152,152,152,152,152,152,152,152,152,
2026-09-03,OTTERRAPIDS,HYDRO,Output,80,81,81,81,81,81,123,126,127,127,127,127,127,127,127,126,127,126,126,126,126,127,127,89,
2026-09-03,PAROCHES,WIND,Available Capacity,49,49,49,49,49,49,49,49,49,49,49,49,49,49,49,49,49,49,49,18,18,49,49,49,
2026-09-03,PAROCHES,WIND,Forecast,9,3,20,20,11,7,10,8,1,0,0,7,4,0,1,11,0,0,0,0,0,0,0,0,
2026-09-03,PAROCHES,WIND,Output,8,4,24,20,12,7,11,7,1,0,0,10,2,0,2,10,0,1,0,1,0,0,0,0,
2026-09-03,PETER SUTHERLAND SR,HYDRO,Capability,27,27,27,27,27,27,27,27,27,27,27,27,27,27,27,27,27,27,27,27,27,27,27,27,
2026-09-03,PETER SUTHERLAND SR,HYDRO,Output,28,28,28,28,28,28,28,28,28,28,28,26,28,28,28,28,28,28,28,28,28,28,28,28,
2026-09-03,PICKERINGB-G5,NUCLEAR,Capability,500,500,500,500,500,500,500,500,500,500,500,500,500,500,500,500,500,500,500,500,500,500,500,500,
2026-09-03,PICKERINGB-G5,NUCLEAR,Output,502,502,500,501,502,502,502,501,499,501,501,501,501,499,499,499,498,501,502,502,502,502,501,500,
2026-09-03,PICKERINGB-G6,NUCLEAR,Capability,500,500,500,500,500,500,500,500,500,500,500,500,500,500,500,500,500,500,500,500,500,500,500,500,
2026-09-03,PICKERINGB-G6,NUCLEAR,Output,500,500,499,498,500,500,498,499,499,499,499,499,499,498,498,497,497,498,498,500,500,498,500,500,
2026-09-03,PICKERINGB-G7,NUCLEAR,Capability,520,520,520,520,520,520,520,520,520,520,520,520,520,520,520,510,510,510,510,510,510,510,510,510,
2026-09-03,PICKERINGB-G7,NUCLEAR,Output,512,512,512,512,512,512,512,512,511,511,511,511,509,510,508,509,509,511,512,512,512,511,511,510,
2026-09-03,PICKERINGB-G8,NUCLEAR,Capability,500,500,500,500,500,500,500,500,500,500,500,500,500,500,500,500,500,500,500,500,500,500,500,500,
2026-09-03,PICKERINGB-G8,NUCLEAR,Output,504,506,506,506,506,506,505,505,505,505,505,505,504,504,504,504,504,505,506,506,506,506,506,506,
2026-09-03,PINEPORTAGE,HYDRO,Capability,72,72,72,72,72,72,72,72,72,72,72,72,72,72,72,72,72,72,72,72,72,72,72,72,
2026-09-03,PINEPORTAGE,HYDRO,Output,61,61,62,62,62,62,62,62,62,62,62,62,62,62,66,69,69,67,66,66,54,63,65,65,
2026-09-03,PORT BURWELL,WIND,Available Capacity,99,99,99,99,99,99,99,99,99,99,99,99,99,99,99,99,99,99,99,99,99,99,99,99,
2026-09-03,PORT BURWELL,WIND,Forecast,1,6,9,2,1,8,1,0,0,0,0,3,5,3,2,3,30,13,4,0,0,0,0,1,
2026-09-03,PORT BURWELL,WIND,Output,2,6,11,1,4,6,1,0,0,0,0,4,5,3,2,3,32,13,2,0,0,0,0,2,
2026-09-03,PORTALMA-T1,WIND,Available Capacity,101,101,0,0,0,0,0,0,0,0,0,0,0,0,0,0,0,0,0,0,0,0,0,0,
2026-09-03,PORTALMA-T1,WIND,Forecast,25,13,15,0,2,5,10,10,7,0,0,0,0,0,0,0,0,0,0,0,0,0,0,0,
2026-09-03,PORTALMA-T1,WIND,Output,20,15,12,0,0,0,0,0,0,0,0,0,0,0,0,0,0,0,0,0,0,0,0,0,
2026-09-03,PORTALMA-T3,WIND,Available Capacity,101,101,0,0,0,0,0,0,0,0,0,0,0,0,0,0,0,0,0,0,0,0,0,0,
2026-09-03,PORTALMA-T3,WIND,Forecast,16,14,27,0,1,6,9,10,7,0,0,0,0,0,0,0,0,0,0,0,0,0,0,0,
2026-09-03,PORTALMA-T3,WIND,Output,15,17,22,0,0,0,0,0,0,0,0,0,0,0,0,0,0,0,0,0,0,0,0,0,
2026-09-03,PORTLANDS-G1,GAS,Capability,207,207,207,207,207,207,207,207,207,207,207,207,207,207,207,207,207,207,207,207,207,207,207,207,
2026-09-03,PORTLANDS-G1,GAS,Output,182,187,170,137,158,186,186,188,186,184,183,182,182,181,181,182,181,180,181,183,184,186,187,187,
2026-09-03,PORTLANDS-G2,GAS,Capability,214,214,214,214,214,214,214,214,214,214,214,214,214,214,214,214,214,214,214,214,214,214,214,214,
2026-09-03,PORTLANDS-G2,GAS,Output,182,186,171,138,157,185,185,187,185,183,182,181,181,180,180,181,180,179,181,182,184,185,186,186,
2026-09-03,PORTLANDS-G3,GAS,Capability,225,225,225,225,225,225,225,225,225,225,225,225,225,225,225,225,225,225,225,225,225,225,225,225,
2026-09-03,PORTLANDS-G3,GAS,Output,218,228,212,168,187,217,222,231,231,229,229,228,228,228,228,228,228,227,228,229,230,231,232,232,
2026-09-03,PRINCEFARM,WIND,Available Capacity,189,189,189,189,189,189,189,189,189,189,189,189,189,189,189,189,189,189,189,189,189,189,189,189,
2026-09-03,PRINCEFARM,WIND,Forecast,8,8,0,1,0,0,1,0,0,0,0,1,4,1,0,0,0,1,5,14,9,0,1,9,
2026-09-03,PRINCEFARM,WIND,Output,8,7,0,1,0,0,1,0,0,0,0,2,4,1,0,0,1,2,7,15,8,0,3,12,
2026-09-03,RAILBEDWF-LT.AG_SR,WIND,Available Capacity,270,270,270,270,270,120,120,120,120,120,120,120,120,270,270,270,270,270,270,270,270,270,270,270,
2026-09-03,RAILBEDWF-LT.AG_SR,WIND,Forecast,96,41,85,114,111,83,18,12,2,0,0,5,9,13,13,36,117,1,17,14,1,0,0,1,
2026-09-03,RAILBEDWF-LT.AG_SR,WIND,Output,92,41,88,122,107,80,30,26,3,0,0,18,13,14,13,39,85,2,17,12,0,0,0,1,
2026-09-03,RAYNER,HYDRO,Capability,42,42,42,42,42,42,42,42,42,42,42,42,42,42,42,42,42,42,42,42,42,42,42,42,
2026-09-03,RAYNER,HYDRO,Output,0,0,0,0,0,1,35,36,35,33,34,0,0,0,0,0,1,31,33,38,31,32,1,0,
2026-09-03,REDROCK,HYDRO,Capability,19,19,19,19,19,19,19,19,19,19,19,19,19,19,19,19,19,19,19,19,19,19,19,19,
2026-09-03,REDROCK,HYDRO,Output,0,0,0,0,11,12,12,12,12,12,12,12,12,12,12,12,12,12,12,12,0,0,0,0,
2026-09-03,RIPLEY SOUTH,WIND,Available Capacity,76,76,76,76,76,76,76,76,76,76,76,76,76,76,76,76,76,76,76,76,76,76,76,76,
2026-09-03,RIPLEY SOUTH,WIND,Forecast,0,1,0,0,0,0,0,0,0,0,0,0,2,2,2,5,1,1,0,0,0,1,0,0,
2026-09-03,RIPLEY SOUTH,WIND,Output,1,1,0,0,0,0,0,0,0,0,1,1,2,2,3,5,1,2,0,0,0,2,1,0,
2026-09-03,ROMNEY,WIND,Available Capacity,60,60,0,0,0,0,0,0,0,0,0,0,0,0,0,0,0,0,0,0,0,0,0,0,
2026-09-03,ROMNEY,WIND,Forecast,28,21,44,2,0,0,0,0,0,0,0,0,8,6,0,0,0,0,0,0,0,0,0,0,
2026-09-03,ROMNEY,WIND,Output,28,22,43,0,0,0,0,0,0,0,0,0,0,0,0,0,0,0,0,0,0,0,0,0,
2026-09-03,SANDUSK-LT.AG_T1,WIND,Available Capacity,104,104,104,104,104,104,104,104,104,104,104,104,104,104,104,104,104,104,104,104,104,104,104,104,
2026-09-03,SANDUSK-LT.AG_T1,WIND,Forecast,32,29,35,25,1,1,0,0,0,0,0,6,5,13,3,16,9,22,17,7,9,7,8,3,
2026-09-03,SANDUSK-LT.AG_T1,WIND,Output,31,31,37,23,0,1,0,0,0,0,1,6,6,13,3,16,12,23,16,7,9,9,8,3,
2026-09-03,SAUNDERS,HYDRO,Capability,921,921,921,921,921,921,921,921,921,921,921,921,921,921,921,921,921,921,921,921,921,921,921,921,
2026-09-03,SAUNDERS,HYDRO,Output,925,924,903,897,898,900,895,898,899,868,874,873,912,919,918,919,919,922,921,920,920,920,918,869,
2026-09-03,SHANNON,WIND,Available Capacity,91,91,91,91,91,91,91,91,91,91,91,91,91,91,91,91,91,91,91,91,91,91,91,91,
2026-09-03,SHANNON,WIND,Forecast,0,0,0,0,0,1,14,9,3,6,4,4,10,13,13,10,7,4,0,0,0,0,0,0,
2026-09-03,SHANNON,WIND,Output,0,0,0,0,0,3,14,9,4,6,4,5,11,13,13,10,7,4,0,0,0,0,0,0,
2026-09-03,SILVERFALLS,HYDRO,Capability,51,51,51,51,51,51,51,51,51,51,51,51,51,51,51,51,51,51,51,51,51,51,51,51,
2026-09-03,SILVERFALLS,HYDRO,Output,43,3,0,0,38,2,0,44,2,0,43,2,0,47,2,0,44,2,0,0,45,6,0,0,
2026-09-03,SITHE GOREWAY-G11,GAS,Capability,212,212,212,212,212,212,212,212,212,212,212,212,212,212,212,212,212,212,212,212,212,212,212,212,
2026-09-03,SITHE GOREWAY-G11,GAS,Output,183,183,183,183,183,184,185,185,185,183,182,182,181,180,180,180,182,184,185,186,186,186,186,186,
2026-09-03,SITHE GOREWAY-G12,GAS,Capability,212,212,212,212,212,212,212,212,212,212,212,212,212,212,212,212,212,212,212,212,212,212,212,212,
2026-09-03,SITHE GOREWAY-G12,GAS,Output,174,174,174,174,174,175,176,176,175,174,172,172,172,172,171,171,173,175,176,177,177,177,177,178,
2026-09-03,SITHE GOREWAY-G13,GAS,Capability,212,212,212,212,212,212,212,212,212,212,212,212,212,212,212,212,212,212,212,212,212,212,212,212,
2026-09-03,SITHE GOREWAY-G13,GAS,Output,178,177,178,178,178,179,179,178,177,175,175,175,174,175,175,174,176,178,179,180,180,181,181,181,
2026-09-03,SITHE GOREWAY-G15,GAS,Capability,362,362,362,362,362,362,362,362,362,362,362,362,362,362,362,362,362,362,362,362,362,362,362,362,
2026-09-03,SITHE GOREWAY-G15,GAS,Output,325,324,325,323,323,325,327,326,322,318,314,311,311,309,306,310,312,313,323,324,326,326,326,326,
2026-09-03,SMOKY 2,HYDRO,Capability,90,266,266,266,266,266,266,266,266,266,266,266,266,266,266,266,266,266,266,266,266,266,266,266,
2026-09-03,SMOKY 2,HYDRO,Output,2,0,0,0,0,0,75,83,83,162,163,163,163,166,166,166,166,167,164,163,163,163,164,163,
2026-09-03,SOUTHGATE SF,SOLAR,Available Capacity,50,50,50,50,50,50,50,50,50,50,50,50,50,50,50,50,50,50,50,50,50,50,50,50,
2026-09-03,SOUTHGATE SF,SOLAR,Forecast,0,0,0,0,0,0,1,10,21,31,38,39,41,30,16,7,7,5,0,0,0,0,0,0,
2026-09-03,SOUTHGATE SF,SOLAR,Output,0,0,0,0,0,0,1,11,24,34,40,43,44,26,10,4,9,5,1,0,0,0,0,0,
2026-09-03,SPENCE,WIND,Available Capacity,99,99,99,99,99,99,99,99,99,99,99,99,99,99,99,99,99,99,99,99,99,99,99,99,
2026-09-03,SPENCE,WIND,Forecast,19,6,6,22,10,9,24,18,1,1,3,0,6,0,0,13,37,0,9,4,0,0,0,1,
2026-09-03,SPENCE,WIND,Output,21,6,9,24,8,11,26,18,1,1,3,1,7,0,0,25,29,0,10,3,0,0,0,1,
2026-09-03,STCLAIRCGS,GAS,Capability,614,614,614,614,614,614,614,614,614,614,614,614,614,614,614,614,614,614,614,614,614,614,614,614,
2026-09-03,STCLAIRCGS,GAS,Output,597,599,598,598,597,603,603,593,631,631,628,626,628,627,633,637,613,622,620,620,631,623,625,626,
2026-09-03,STEEPHILL,HYDRO,Capability,14,14,14,14,14,14,14,14,14,14,14,14,14,14,14,14,14,14,14,14,14,14,14,14,
2026-09-03,STEEPHILL,HYDRO,Output,3,3,3,3,3,3,3,3,13,14,14,14,14,14,14,14,9,3,3,3,3,3,3,3,
2026-09-03,STEWARTVLE,HYDRO,Capability,80,120,120,120,120,120,120,120,120,120,120,120,120,120,120,120,120,120,120,120,120,120,120,120,
2026-09-03,STEWARTVLE,HYDRO,Output,0,0,0,0,0,0,0,18,19,19,19,37,37,84,87,87,80,80,83,64,19,0,0,0,
2026-09-03,STONE MILLS SF,SOLAR,Available Capacity,54,54,54,54,54,54,54,54,54,54,54,54,54,54,54,54,54,54,54,54,54,54,54,54,
2026-09-03,STONE MILLS SF,SOLAR,Forecast,0,0,0,0,0,0,4,16,37,49,53,51,42,33,39,22,16,3,0,0,0,0,0,0,
2026-09-03,STONE MILLS SF,SOLAR,Output,0,0,0,0,0,0,5,17,37,50,54,53,39,36,35,24,15,4,1,0,0,0,0,0,
2026-09-03,SUMMERHAVEN,WIND,Available Capacity,124,124,124,124,124,124,124,124,124,124,124,124,124,124,124,124,124,124,124,124,124,124,124,124,
2026-09-03,SUMMERHAVEN,WIND,Forecast,24,12,10,6,0,0,0,0,0,0,0,2,3,6,3,6,5,14,11,1,0,0,0,0,
2026-09-03,SUMMERHAVEN,WIND,Output,23,11,11,5,0,0,0,0,0,0,0,3,3,8,3,6,7,16,9,1,0,0,0,0,
2026-09-03,TAOHSC,GAS,Capability,70,70,70,70,70,70,70,70,70,70,70,70,70,70,70,70,70,70,70,70,70,70,70,70,
2026-09-03,TAOHSC,GAS,Output,56,56,56,55,54,55,57,58,65,70,70,69,69,68,68,69,69,69,69,70,70,70,71,71,
2026-09-03,TASARNIA,GAS,Capability,350,350,350,350,350,350,350,350,350,350,350,350,350,350,350,350,350,316,316,316,316,316,325,325,
2026-09-03,TASARNIA,GAS,Output,328,341,341,311,249,296,326,351,351,350,349,349,351,351,351,351,345,346,314,310,320,325,323,323,
2026-09-03,TAWINDSOR,GAS,Capability,76,76,76,76,76,76,76,76,76,76,76,76,76,76,76,76,76,76,76,76,76,76,76,76,
2026-09-03,TAWINDSOR,GAS,Output,50,50,50,51,50,52,56,55,61,70,70,72,72,72,71,69,61,68,63,63,62,60,56,58,
2026-09-03,TBAYBOWATER CTS,BIOFUEL,Capability,50,50,50,50,50,50,50,50,50,50,50,50,50,50,50,50,50,50,50,50,50,50,50,50,
2026-09-03,TBAYBOWATER CTS,BIOFUEL,Output,0,0,0,0,0,0,0,0,0,0,0,0,0,0,0,0,0,0,0,0,0,0,0,0,
2026-09-03,THOROLDCGS,GAS,Capability,303,303,303,303,303,303,303,303,303,303,303,303,303,303,303,303,303,303,303,303,303,303,303,303,
2026-09-03,THOROLDCGS,GAS,Output,223,219,211,203,209,229,233,256,273,269,266,261,253,256,257,257,250,259,259,263,264,270,260,266,
2026-09-03,TILBURY BATTERY STORAGE,OTHER,Capability,87,87,87,87,87,87,87,87,87,87,87,87,87,87,87,87,87,87,87,87,87,87,87,87,
2026-09-03,TILBURY BATTERY STORAGE,OTHER,Output,0,0,0,0,0,0,0,0,0,0,0,11,9,9,37,40,7,1,34,18,7,40,21,32,
2026-09-03,TUNISGS,GAS,Capability,59,59,59,59,59,59,59,59,59,59,59,59,59,59,59,59,59,59,59,59,59,59,59,59,
2026-09-03,TUNISGS,GAS,Output,0,0,0,0,0,0,0,32,36,36,36,36,36,35,35,36,36,36,36,36,4,0,0,0,
2026-09-03,UMBATAFALLS,HYDRO,Capability,24,24,24,24,24,24,24,24,24,24,24,24,24,24,24,24,24,24,24,24,24,24,24,24,
2026-09-03,UMBATAFALLS,HYDRO,Output,0,0,0,0,0,0,0,0,0,0,0,0,0,0,2,3,3,3,3,3,3,3,3,3,
2026-09-03,UNDERWOOD,WIND,Available Capacity,182,182,182,182,182,182,182,182,182,182,182,182,182,182,182,182,182,182,182,182,182,182,182,182,
2026-09-03,UNDERWOOD,WIND,Forecast,0,0,0,0,0,0,0,0,0,0,0,0,0,0,0,0,0,0,0,0,0,0,0,0,
2026-09-03,UNDERWOOD,WIND,Output,0,0,0,0,0,0,0,0,0,0,0,0,0,0,0,0,0,0,0,0,0,0,0,0,
2026-09-03,UPPER WHITE RIVER,HYDRO,Capability,0,0,0,0,0,0,0,0,0,0,0,0,0,0,0,0,0,0,0,0,0,0,0,0,
2026-09-03,UPPER WHITE RIVER,HYDRO,Output,0,0,0,0,0,0,0,0,0,1,4,4,4,4,4,4,4,4,1,0,0,0,0,0,
2026-09-03,VAUGHAN 1 BESS,OTHER,Capability,9,9,9,9,9,9,9,9,9,9,9,9,9,9,27,27,27,27,27,27,27,27,27,27,
2026-09-03,VAUGHAN 1 BESS,OTHER,Output,0,0,0,0,0,0,0,0,0,0,0,0,0,0,0,0,0,0,0,0,0,0,0,0,
2026-09-03,WELLS,HYDRO,Capability,210,210,210,210,210,210,210,210,210,210,210,210,210,210,210,210,210,210,210,210,210,210,210,210,
2026-09-03,WELLS,HYDRO,Output,0,0,0,0,0,0,0,0,0,0,0,0,0,0,0,0,0,0,0,0,0,0,0,0,
2026-09-03,WEST LINCOLN NRWF,WIND,Available Capacity,230,230,230,230,230,230,230,230,218,218,218,218,218,218,218,218,230,230,230,230,230,230,230,230,
2026-09-03,WEST LINCOLN NRWF,WIND,Forecast,49,35,19,12,3,9,22,9,5,4,6,10,18,12,11,5,10,37,34,23,29,5,1,0,
2026-09-03,WEST LINCOLN NRWF,WIND,Output,45,37,16,12,3,13,20,9,5,5,6,12,21,12,12,4,11,40,35,23,27,4,0,1,
2026-09-03,WESTWINDSOR,GAS,Capability,5,5,5,5,5,5,5,5,5,5,5,5,5,5,5,5,5,5,5,5,5,5,5,5,
2026-09-03,WESTWINDSOR,GAS,Output,0,0,0,0,0,0,0,0,0,0,0,0,0,0,0,0,0,0,0,0,0,0,0,0,
2026-09-03,WHITBYCGS,GAS,Capability,55,55,55,55,55,55,55,55,55,55,55,55,55,55,55,55,55,55,55,55,55,55,55,55,
2026-09-03,WHITBYCGS,GAS,Output,0,0,0,0,0,0,0,0,0,0,0,0,0,0,0,0,0,0,0,0,0,0,0,0,
2026-09-03,WHITEDOG,HYDRO,Capability,68,68,68,68,68,68,68,68,68,68,68,68,68,68,68,68,68,68,68,68,68,68,68,68,
2026-09-03,WHITEDOG,HYDRO,Output,22,22,22,22,20,20,16,19,19,19,19,19,19,19,19,19,19,19,19,19,19,19,19,19,
2026-09-03,WINDSOR AIRPORT SF,SOLAR,Available Capacity,50,50,50,50,50,50,50,50,50,50,50,50,50,50,50,50,50,50,50,50,50,50,50,50,
2026-09-03,WINDSOR AIRPORT SF,SOLAR,Forecast,0,0,0,0,0,0,0,7,19,16,6,9,31,34,13,4,5,4,0,0,0,0,0,0,
2026-09-03,WINDSOR AIRPORT SF,SOLAR,Output,0,0,0,0,0,0,0,9,21,9,2,15,31,35,8,0,0,5,1,0,0,0,0,0,
2026-09-03,WOLFE ISLAND,WIND,Available Capacity,171,171,171,171,171,171,171,171,171,171,171,171,171,171,171,171,171,171,171,171,171,171,171,171,
2026-09-03,WOLFE ISLAND,WIND,Forecast,22,14,20,16,16,10,9,8,7,12,14,24,38,60,45,30,24,30,24,30,24,17,18,12,
2026-09-03,WOLFE ISLAND,WIND,Output,24,15,24,19,17,12,10,9,9,15,18,28,47,68,50,34,29,35,27,36,26,21,21,13,
2026-09-03,YORK BESS,OTHER,Capability,132,132,132,132,132,132,132,132,132,132,132,132,132,132,132,132,132,132,132,132,132,132,132,132,
2026-09-03,YORK BESS,OTHER,Output,0,0,0,0,0,0,0,0,0,0,0,0,0,0,0,0,32,95,6,85,0,0,0,0,
2026-09-03,YORKCGS-G1,GAS,Capability,233,233,233,233,233,233,233,233,233,233,233,233,233,233,233,233,233,233,233,233,233,233,233,233,
2026-09-03,YORKCGS-G1,GAS,Output,0,0,0,0,0,0,0,0,0,0,0,0,0,0,0,0,0,0,0,0,0,0,0,0,
2026-09-03,YORKCGS-G2,GAS,Capability,233,233,233,233,233,233,233,233,233,233,233,233,233,233,233,233,233,233,233,233,233,233,233,233,
2026-09-03,YORKCGS-G2,GAS,Output,0,0,0,0,0,0,0,0,0,0,0,0,0,0,0,0,0,0,0,0,0,0,0,0,
2026-09-03,ZURICH,WIND,Available Capacity,99,99,99,99,99,99,99,99,99,99,99,99,99,99,99,99,99,99,99,99,99,99,99,99,
2026-09-03,ZURICH,WIND,Forecast,5,6,0,0,0,0,0,0,0,0,0,0,0,0,0,14,17,3,0,0,0,0,0,0,
2026-09-03,ZURICH,WIND,Output,8,4,0,0,0,0,0,0,0,0,0,1,0,0,0,16,16,4,0,0,0,0,0,0,
2026-09-04,ABKENORA,HYDRO,Capability,11,11,11,11,11,11,11,11,11,11,11,11,11,11,11,11,11,11,11,11,11,11,11,11,
2026-09-04,ABKENORA,HYDRO,Output,7,7,7,7,7,7,7,7,7,7,7,7,7,7,7,7,7,7,7,7,7,7,7,7,
2026-09-04,ADELAIDE,WIND,Available Capacity,60,60,60,60,60,60,60,60,60,60,60,60,60,60,60,60,60,60,60,60,60,60,60,60,
2026-09-04,ADELAIDE,WIND,Forecast,0,0,0,0,0,0,0,0,0,0,0,0,0,0,0,0,6,4,0,0,0,0,0,0,
2026-09-04,ADELAIDE,WIND,Output,0,0,0,0,0,0,0,0,0,0,0,0,0,0,0,0,8,4,0,0,0,0,0,0,
2026-09-04,AGUASABON,HYDRO,Capability,49,49,49,49,49,49,49,49,49,49,49,49,49,49,49,49,49,49,49,49,49,49,49,49,
2026-09-04,AGUASABON,HYDRO,Output,1,1,1,1,1,1,1,1,1,1,0,19,20,19,19,19,19,20,22,22,4,10,0,0,
2026-09-04,ALEXANDER,HYDRO,Capability,53,53,53,53,53,53,53,53,53,53,53,53,53,53,53,53,53,53,53,53,53,53,53,53,
2026-09-04,ALEXANDER,HYDRO,Output,56,56,56,56,56,56,56,56,56,56,56,50,50,51,51,51,51,50,50,50,50,50,50,50,
2026-09-04,AMARANTH,WIND,Available Capacity,183,183,183,183,183,183,183,183,183,183,183,183,183,183,183,183,183,183,183,183,183,183,183,183,
2026-09-04,AMARANTH,WIND,Forecast,9,13,12,9,8,3,3,7,0,0,0,0,0,0,0,4,18,10,5,0,1,13,20,21,
2026-09-04,AMARANTH,WIND,Output,11,15,13,10,8,4,3,7,0,0,0,0,0,0,0,8,20,10,5,0,1,17,24,22,
2026-09-04,AMHERST ISLAND,WIND,Available Capacity,74,74,74,74,74,74,74,74,74,74,74,74,74,74,74,74,74,74,74,74,74,74,74,74,
2026-09-04,AMHERST ISLAND,WIND,Forecast,5,2,2,3,6,6,9,7,2,1,2,4,4,6,4,2,8,22,3,2,19,14,8,0,
2026-09-04,AMHERST ISLAND,WIND,Output,6,1,2,3,7,7,9,7,2,1,3,5,5,6,4,3,9,24,2,4,20,14,7,0,
2026-09-04,APIROQUOIS,HYDRO,Capability,107,107,107,107,107,107,107,107,107,107,107,107,107,107,107,107,107,107,107,107,107,107,107,107,
2026-09-04,APIROQUOIS,HYDRO,Output,47,47,47,47,50,52,51,51,52,52,51,51,51,49,50,50,50,50,50,50,50,50,50,50,
2026-09-04,ARLEN BESS,OTHER,Capability,27,27,27,27,27,27,27,27,27,27,27,27,27,27,27,27,27,27,27,27,27,27,27,27,
2026-09-04,ARLEN BESS,OTHER,Output,0,0,0,0,0,0,0,0,0,0,0,0,0,0,0,0,0,0,0,0,0,0,0,0,
2026-09-04,ARMOW,WIND,Available Capacity,180,180,180,180,180,180,180,180,180,180,180,180,180,180,180,180,180,180,180,180,180,180,180,180,
2026-09-04,ARMOW,WIND,Forecast,0,0,0,0,0,1,3,0,0,0,0,0,0,4,4,0,0,1,6,1,3,6,10,18,
2026-09-04,ARMOW,WIND,Output,0,1,0,0,0,1,3,0,0,0,0,0,0,5,3,0,0,2,6,2,3,7,11,20,
2026-09-04,ARNPRIOR,HYDRO,Capability,41,41,41,41,41,41,41,41,41,41,41,41,41,41,41,41,41,41,41,41,41,41,41,41,
2026-09-04,ARNPRIOR,HYDRO,Output,0,0,0,0,0,0,0,0,0,35,38,1,0,37,38,38,38,38,38,1,0,0,0,0,
2026-09-04,ATIKOKAN-G1,BIOFUEL,Capability,135,135,135,135,135,135,135,135,135,135,135,135,135,135,135,135,135,135,135,135,135,135,135,135,
2026-09-04,ATIKOKAN-G1,BIOFUEL,Output,0,0,0,0,0,0,0,0,0,0,0,0,0,0,0,0,0,0,0,0,0,0,0,0,
2026-09-04,AUBREYFALLS,HYDRO,Capability,132,132,132,132,132,132,132,132,132,132,132,132,132,132,132,132,132,132,132,132,132,132,132,132,
2026-09-04,AUBREYFALLS,HYDRO,Output,0,0,0,0,0,0,0,0,0,0,0,0,0,0,0,0,64,66,67,1,0,0,0,0,
2026-09-04,BARRETT,HYDRO,Capability,176,176,176,176,176,176,176,176,176,176,176,176,176,176,176,176,176,176,176,176,176,176,176,176,
2026-09-04,BARRETT,HYDRO,Output,0,0,0,0,0,0,0,0,0,0,0,4,19,74,78,77,77,77,77,20,20,1,0,0,
2026-09-04,BECK1,HYDRO,Capability,511,511,511,511,511,511,511,511,511,511,511,511,511,511,511,511,511,511,511,511,511,511,511,511,
2026-09-04,BECK1,HYDRO,Output,306,284,286,284,244,133,176,129,161,248,426,426,460,292,280,207,357,438,447,469,480,480,479,408,
2026-09-04,BECK2,HYDRO,Capability,1402,1402,1402,1402,1402,1402,1402,1402,1402,1402,1402,1402,1402,1402,1402,1402,1402,1402,1402,1402,1402,1402,1402,1402,
2026-09-04,BECK2,HYDRO,Output,1047,988,1022,1002,1205,1034,1170,1136,1183,1143,1101,1088,1077,1070,1138,1143,1206,1119,1149,1097,1091,1074,996,985,
2026-09-04,BECK2 PGS,HYDRO,Capability,116,116,116,116,116,116,116,116,116,116,116,116,116,116,116,116,116,116,116,116,116,116,116,116,
2026-09-04,BECK2 PGS,HYDRO,Output,0,0,0,0,0,0,5,11,14,21,42,27,36,11,11,9,14,10,8,0,0,0,0,0,
2026-09-04,BELLE RIVER,WIND,Available Capacity,100,100,100,100,100,100,100,100,100,100,100,100,100,100,100,100,100,100,100,100,100,100,100,100,
2026-09-04,BELLE RIVER,WIND,Forecast,0,0,3,0,3,4,4,0,0,2,9,8,20,6,7,0,0,0,0,0,0,0,0,4,
2026-09-04,BELLE RIVER,WIND,Output,0,1,3,1,4,4,4,0,0,4,8,12,19,8,6,0,1,0,0,0,0,0,0,5,
2026-09-04,BLAKE,WIND,Available Capacity,60,60,60,60,60,60,60,60,60,60,60,60,60,60,60,60,60,60,60,60,60,60,60,60,
2026-09-04,BLAKE,WIND,Forecast,0,0,1,0,0,3,3,1,3,0,0,0,0,4,6,1,1,0,0,0,0,3,5,12,
2026-09-04,BLAKE,WIND,Output,0,0,2,1,0,3,4,2,2,0,0,0,0,5,6,1,1,1,0,0,1,3,6,14,
2026-09-04,BORNISH,WIND,Available Capacity,73,73,73,73,73,73,73,73,73,73,73,73,73,73,73,73,73,73,73,73,73,73,73,73,
2026-09-04,BORNISH,WIND,Forecast,0,0,0,0,0,0,0,0,0,0,0,0,0,0,0,1,8,1,0,4,0,0,0,0,
2026-09-04,BORNISH,WIND,Output,0,0,0,0,0,0,0,0,0,0,0,0,0,0,0,2,8,1,1,4,0,0,0,0,
2026-09-04,BOW LAKE,WIND,Available Capacity,20,20,20,20,20,20,20,20,20,20,20,20,20,20,20,20,20,20,20,20,20,20,20,20,
2026-09-04,BOW LAKE,WIND,Forecast,6,7,6,6,5,6,4,4,2,0,0,0,0,0,0,2,2,1,1,0,0,1,1,2,
2026-09-04,BOW LAKE,WIND,Output,7,7,7,6,6,6,5,4,1,0,0,0,0,0,1,3,3,1,1,1,1,1,1,2,
2026-09-04,BOW LAKE 2,WIND,Available Capacity,40,40,40,40,40,40,40,40,40,40,40,40,40,40,40,40,40,40,40,40,40,40,40,40,
2026-09-04,BOW LAKE 2,WIND,Forecast,18,21,22,20,16,17,17,13,6,0,0,0,0,0,1,2,4,2,2,1,1,2,3,5,
2026-09-04,BOW LAKE 2,WIND,Output,20,23,23,21,16,18,18,14,5,0,0,0,0,1,1,3,4,2,2,2,1,3,3,6,
2026-09-04,BRIGHTON BEACH,GAS,Capability,642,642,642,642,642,642,642,642,642,642,642,642,642,642,642,642,642,642,642,642,642,642,642,642,
2026-09-04,BRIGHTON BEACH,GAS,Output,278,239,240,267,318,497,412,376,513,578,579,577,574,572,572,557,568,569,569,572,574,574,552,271,
2026-09-04,BRUCEA-G1,NUCLEAR,Capability,828,828,828,828,828,828,828,828,828,828,828,828,828,828,828,828,828,828,828,828,828,828,828,828,
2026-09-04,BRUCEA-G1,NUCLEAR,Output,807,806,805,805,805,805,804,804,804,804,804,803,804,805,805,804,803,803,803,802,802,802,803,806,
2026-09-04,BRUCEA-G2,NUCLEAR,Capability,828,828,828,828,828,828,828,828,828,828,828,828,828,828,828,828,828,828,828,828,828,828,828,828,
2026-09-04,BRUCEA-G2,NUCLEAR,Output,805,804,805,804,805,805,804,804,804,804,804,804,804,805,805,805,804,804,805,805,806,808,809,810,
2026-09-04,BRUCEA-G3,NUCLEAR,Capability,795,795,795,795,795,795,795,795,795,795,795,795,795,795,795,795,795,795,795,795,795,795,795,795,
2026-09-04,BRUCEA-G3,NUCLEAR,Output,787,784,786,790,790,790,791,791,791,791,791,791,791,792,793,792,791,790,790,790,790,790,792,793,
2026-09-04,BRUCEA-G4,NUCLEAR,Capability,0,0,0,0,0,0,0,0,0,0,0,0,0,0,0,0,0,0,0,0,0,0,0,0,
2026-09-04,BRUCEA-G4,NUCLEAR,Output,0,0,0,0,0,0,0,0,0,0,0,0,0,0,0,0,0,0,0,0,0,0,0,0,
2026-09-04,BRUCEB-G5,NUCLEAR,Capability,795,795,795,795,795,795,795,795,795,795,795,795,795,795,795,795,795,795,795,795,795,795,795,795,
2026-09-04,BRUCEB-G5,NUCLEAR,Output,802,802,802,802,802,802,802,802,802,802,802,801,802,802,802,802,804,804,804,804,803,804,804,804,
2026-09-04,BRUCEB-G6,NUCLEAR,Capability,817,817,817,817,817,817,817,817,817,817,817,817,817,817,817,817,817,817,817,817,817,817,817,817,
2026-09-04,BRUCEB-G6,NUCLEAR,Output,804,805,805,807,807,808,808,808,808,808,808,808,808,807,806,806,806,806,806,806,806,807,807,807,
2026-09-04,BRUCEB-G7,NUCLEAR,Capability,817,817,817,817,817,817,817,817,817,817,817,817,817,817,817,817,817,817,817,817,817,817,817,817,
2026-09-04,BRUCEB-G7,NUCLEAR,Output,814,814,814,814,814,814,815,815,815,816,815,815,815,815,815,815,812,812,812,812,812,812,812,812,
2026-09-04,BRUCEB-G8,NUCLEAR,Capability,817,817,817,817,817,817,817,817,817,817,817,817,817,817,817,817,817,817,817,817,817,817,817,817,
2026-09-04,BRUCEB-G8,NUCLEAR,Output,810,811,811,810,811,811,810,810,809,810,810,810,809,809,810,810,811,811,810,810,811,811,811,810,
2026-09-04,CALSTOCKGS,BIOFUEL,Capability,38,38,38,38,38,38,38,38,38,38,38,38,38,38,38,38,38,38,38,38,38,38,38,38,
2026-09-04,CALSTOCKGS,BIOFUEL,Output,16,16,16,16,16,16,16,16,15,19,26,26,28,28,29,29,29,29,29,29,29,29,29,29,
2026-09-04,CAMERONFALLS,HYDRO,Capability,71,71,71,71,71,71,71,71,71,71,71,71,71,71,71,71,71,71,71,71,71,71,71,71,
2026-09-04,CAMERONFALLS,HYDRO,Output,51,52,52,53,53,53,53,52,52,51,51,51,52,53,53,53,53,53,53,52,52,52,52,51,
2026-09-04,CANYON,HYDRO,Capability,348,348,348,348,348,348,348,348,348,348,348,348,348,348,348,348,348,348,348,348,348,348,348,348,
2026-09-04,CANYON,HYDRO,Output,0,0,0,0,0,0,50,109,112,216,240,281,292,290,290,289,289,289,288,287,285,262,177,122,
2026-09-04,CARDINAL,GAS,Capability,0,0,0,0,0,0,0,0,0,0,0,0,0,0,0,0,0,0,0,0,0,0,0,0,
2026-09-04,CARDINAL,GAS,Output,35,0,0,0,0,0,0,0,0,0,0,0,0,0,0,0,0,0,0,0,0,0,0,0,
2026-09-04,CARIBOUFALLS,HYDRO,Capability,94,94,94,94,94,94,94,94,94,94,94,94,94,94,94,94,94,94,94,94,94,94,94,94,
2026-09-04,CARIBOUFALLS,HYDRO,Output,28,27,28,28,28,28,28,28,28,28,28,28,28,27,28,28,28,28,27,28,28,28,28,28,
2026-09-04,CARMICHAEL,HYDRO,Capability,19,19,19,19,19,19,19,19,19,19,19,19,19,19,19,19,19,19,19,19,19,19,19,19,
2026-09-04,CARMICHAEL,HYDRO,Output,12,11,12,12,12,12,11,11,12,12,12,11,11,11,11,10,10,10,10,10,10,10,10,10,
2026-09-04,CEDAR POINT 2,WIND,Available Capacity,100,100,100,100,100,100,100,100,100,100,100,100,100,100,100,100,100,100,100,100,100,100,100,100,
2026-09-04,CEDAR POINT 2,WIND,Forecast,0,0,0,0,0,0,0,0,0,0,0,0,0,0,0,2,9,5,3,2,0,0,0,4,
2026-09-04,CEDAR POINT 2,WIND,Output,0,0,0,0,0,0,0,0,0,0,0,0,0,0,0,4,9,5,4,2,0,0,0,5,
2026-09-04,CHATSFALLS,HYDRO,Capability,144,144,144,144,144,144,144,144,144,144,144,144,144,144,144,144,144,144,144,144,144,144,144,144,
2026-09-04,CHATSFALLS,HYDRO,Output,74,73,73,73,74,74,74,93,90,110,110,110,111,130,131,131,131,131,131,131,112,73,72,71,
2026-09-04,CHENAUX,HYDRO,Capability,158,158,158,158,158,158,158,158,158,158,158,158,158,158,158,158,158,158,158,158,158,158,158,158,
2026-09-04,CHENAUX,HYDRO,Output,49,49,49,50,50,50,50,67,70,70,70,70,84,85,99,99,83,83,82,82,82,67,66,50,
2026-09-04,CLERGUE,HYDRO,Capability,33,33,33,33,33,33,33,33,33,33,33,33,33,33,33,33,33,33,33,33,33,33,33,33,
2026-09-04,CLERGUE,HYDRO,Output,33,33,33,34,34,33,31,33,34,31,30,31,33,31,30,32,31,32,34,33,33,34,34,34,
2026-09-04,COCHRANECGS,GAS,Capability,29,29,29,29,29,29,29,29,29,29,29,29,29,29,29,29,29,29,29,29,29,29,29,29,
2026-09-04,COCHRANECGS,GAS,Output,0,0,0,0,0,0,0,0,0,0,0,0,0,0,0,0,0,0,0,0,0,0,0,0,
2026-09-04,COMBER,WIND,Available Capacity,166,166,166,166,166,166,166,166,166,166,166,166,166,166,166,166,166,166,166,166,166,166,166,166,
2026-09-04,COMBER,WIND,Forecast,0,0,0,0,0,0,0,0,0,1,8,11,28,6,7,0,2,0,0,0,0,0,0,0,
2026-09-04,COMBER,WIND,Output,0,0,0,0,0,0,0,0,0,2,8,16,26,7,6,0,2,0,0,0,0,0,0,0,
2026-09-04,CRYSLER,WIND,Available Capacity,100,100,100,100,100,100,100,100,100,100,100,100,100,100,100,100,100,100,100,100,100,100,100,100,
2026-09-04,CRYSLER,WIND,Forecast,32,31,25,18,23,32,24,10,6,10,16,13,17,15,12,25,17,19,33,39,27,34,40,33,
2026-09-04,CRYSLER,WIND,Output,33,33,24,18,24,33,23,9,6,11,16,13,18,15,13,26,17,20,35,40,27,37,40,33,
2026-09-04,DA WATSON,HYDRO,Capability,12,12,12,12,12,12,12,12,12,12,12,12,12,12,12,12,12,12,12,12,12,12,12,12,
2026-09-04,DA WATSON,HYDRO,Output,11,11,11,11,11,11,11,11,11,11,11,11,11,11,11,11,11,11,11,11,11,11,11,11,
2026-09-04,DARLINGTON-G1,NUCLEAR,Capability,825,825,825,825,825,825,825,825,825,825,825,825,825,825,825,825,825,825,825,825,825,825,825,825,
2026-09-04,DARLINGTON-G1,NUCLEAR,Output,826,826,827,826,826,826,826,826,826,826,826,826,826,825,825,826,826,826,826,825,826,826,827,828,
2026-09-04,DARLINGTON-G2,NUCLEAR,Capability,0,0,0,0,0,0,0,0,0,0,0,0,0,0,0,0,0,0,0,0,0,0,0,0,
2026-09-04,DARLINGTON-G2,NUCLEAR,Output,0,0,0,0,0,0,0,0,0,0,0,0,0,0,0,0,0,0,0,0,0,0,0,0,
2026-09-04,DARLINGTON-G3,NUCLEAR,Capability,0,0,0,0,0,0,0,0,0,0,0,0,0,0,0,0,0,0,0,0,0,0,0,0,
2026-09-04,DARLINGTON-G3,NUCLEAR,Output,0,0,0,0,0,0,0,0,0,0,0,0,0,0,0,0,0,0,0,0,0,0,0,0,
2026-09-04,DARLINGTON-G4,NUCLEAR,Capability,0,0,0,0,0,0,0,0,0,0,0,0,0,0,0,0,0,0,0,0,0,0,0,0,
2026-09-04,DARLINGTON-G4,NUCLEAR,Output,0,0,0,0,0,0,0,0,0,0,0,0,0,0,0,0,0,0,0,0,0,0,0,0,
2026-09-04,DECEWFALLS,HYDRO,Capability,148,148,148,148,148,148,148,148,148,148,148,148,148,148,148,148,148,148,148,148,148,148,148,148,
2026-09-04,DECEWFALLS,HYDRO,Output,139,139,139,139,139,139,139,139,139,139,139,139,139,139,139,139,139,139,138,138,138,138,138,138,
2026-09-04,DECEWND1,HYDRO,Capability,29,29,29,29,29,29,29,29,29,29,29,29,29,29,29,29,29,29,29,29,29,29,29,29,
2026-09-04,DECEWND1,HYDRO,Output,20,20,20,20,20,20,20,20,20,20,20,20,20,20,20,20,20,20,20,20,20,20,20,20,
2026-09-04,DESJOACHIMS,HYDRO,Capability,429,429,429,429,429,429,429,429,429,429,429,429,429,429,429,429,429,429,429,429,429,429,429,429,
2026-09-04,DESJOACHIMS,HYDRO,Output,7,0,0,0,0,0,49,97,148,204,228,275,322,322,331,332,341,331,337,329,350,326,206,105,
2026-09-04,DESTEC,GAS,Capability,120,120,120,120,120,120,120,120,120,120,120,120,120,120,120,120,120,120,120,120,120,120,120,120,
2026-09-04,DESTEC,GAS,Output,0,0,0,0,0,0,0,0,0,0,0,0,0,0,0,0,0,0,0,0,0,0,0,0,
2026-09-04,DILLON,WIND,Available Capacity,39,39,39,39,39,39,39,39,39,39,39,39,39,39,39,78,78,78,78,78,78,78,78,78,
2026-09-04,DILLON,WIND,Forecast,0,0,0,0,0,0,0,0,0,0,3,1,3,2,3,1,0,1,0,0,0,0,0,0,
2026-09-04,DILLON,WIND,Output,0,0,0,0,0,0,0,0,0,0,7,3,6,4,3,1,1,1,0,0,0,0,0,0,
2026-09-04,DOWCHEMICAL,GAS,Capability,36,36,36,36,36,36,36,36,36,36,36,36,36,36,36,36,36,36,36,36,36,36,36,36,
2026-09-04,DOWCHEMICAL,GAS,Output,15,15,16,15,16,17,17,18,16,16,16,16,15,15,15,16,15,15,16,16,16,16,17,17,
2026-09-04,DPNTMTLND,GAS,Capability,52,52,52,52,52,52,52,52,52,52,52,52,52,52,52,52,52,52,52,52,52,52,52,52,
2026-09-04,DPNTMTLND,GAS,Output,0,0,0,0,0,0,0,0,0,0,0,0,0,0,5,21,21,21,31,37,39,24, , ,
2026-09-04,EARFALLS,HYDRO,Capability,18,18,18,18,18,18,18,18,18,18,18,18,18,18,18,18,18,18,18,18,18,18,18,18,
2026-09-04,EARFALLS,HYDRO,Output,12,12,12,13,13,13,13,13,13,13,16,16,16,16,16,16,16,16,16,16,16,16,16,16,
2026-09-04,EAST LAKE,WIND,Available Capacity,99,99,99,99,99,99,99,99,99,99,99,99,99,99,99,99,99,99,99,99,99,99,99,99,
2026-09-04,EAST LAKE,WIND,Forecast,0,3,3,0,0,0,1,2,2,1,10,10,9,8,10,6,1,1,0,2,6,1,8,1,
2026-09-04,EAST LAKE,WIND,Output,1,3,3,0,0,0,1,3,1,3,9,11,8,8,11,5,1,1,0,3,7,1,9,3,
2026-09-04,EAST WINDSOR-G1,GAS,Capability,46,46,46,46,46,46,46,46,46,46,46,46,46,0,46,46,46,46,46,46,46,46,46,46,
2026-09-04,EAST WINDSOR-G1,GAS,Output,0,0,0,0,0,0,0,0,0,0,0,0,31,10,0,0,0,0,0,0,0,0,0,0,
2026-09-04,EAST WINDSOR-G2,GAS,Capability,46,46,46,46,46,46,46,46,46,46,46,46,46,0,46,46,46,46,46,46,46,46,46,46,
2026-09-04,EAST WINDSOR-G2,GAS,Output,0,0,0,0,0,0,0,0,0,0,0,0,29,11,0,0,0,0,0,0,0,0,0,0,
2026-09-04,EAST WINDSOR-G3,GAS,Capability,107,107,107,107,107,107,107,107,107,107,107,0,0,0,107,107,107,107,107,107,107,107,107,107,
2026-09-04,EAST WINDSOR-G3,GAS,Output,1,1,1,1,1,1,1,1,1,1,1,2,1,34,83,84,84,57,1,1,1,1,1,1,
2026-09-04,ERIEAU,WIND,Available Capacity,99,99,99,99,99,99,99,99,99,99,99,99,99,99,99,99,99,99,99,99,99,99,99,99,
2026-09-04,ERIEAU,WIND,Forecast,0,0,1,0,0,1,1,1,1,0,9,5,10,3,3,1,1,2,0,0,1,0,3,1,
2026-09-04,ERIEAU,WIND,Output,0,0,1,0,0,1,2,1,1,0,12,4,11,3,3,1,1,3,0,1,1,0,4,0,
2026-09-04,FORTFRANCSWC,HYDRO,Capability,2,2,2,2,2,2,2,2,2,2,2,2,2,2,2,2,2,2,2,2,2,2,2,2,
2026-09-04,FORTFRANCSWC,HYDRO,Output,4,4,4,4,4,4,4,4,4,4,4,4,4,4,4,4,4,4,4,4,4,4,4,4,
2026-09-04,GARTSHORE,HYDRO,Capability,69,69,69,69,69,69,69,69,69,69,69,69,69,69,69,69,69,69,69,69,69,69,69,69,
2026-09-04,GARTSHORE,HYDRO,Output,0,0,0,0,0,0,0,0,0,0,0,0,0,0,0,0,0,0,0,0,0,0,0,0,
2026-09-04,GOREWAY BESS,OTHER,Capability,55,55,55,55,55,55,55,55,55,55,55,55,55,55,55,55,55,55,55,55,55,55,55,55,
2026-09-04,GOREWAY BESS,OTHER,Output,0,0,0,0,0,0,0,0,0,0,0,0,0,0,0,0,2,1,36,42,0,0,0,0,
2026-09-04,GOSFIELDWGS,WIND,Available Capacity,25,25,25,25,25,25,25,25,25,25,25,25,25,25,25,25,25,25,25,25,25,25,25,25,
2026-09-04,GOSFIELDWGS,WIND,Forecast,0,0,0,0,0,0,0,0,0,0,0,0,0,0,0,0,0,0,0,0,0,0,0,0,
2026-09-04,GOSFIELDWGS,WIND,Output,0,0,0,0,0,0,0,0,0,0,0,1,0,1,0,0,0,0,0,0,0,0,0,0,
2026-09-04,GOSHEN,WIND,Available Capacity,102,102,102,102,102,102,102,102,102,102,102,102,102,102,102,102,102,102,102,102,102,102,102,102,
2026-09-04,GOSHEN,WIND,Forecast,0,0,0,0,0,1,2,1,1,0,0,0,0,0,3,4,9,2,0,0,0,0,0,9,
2026-09-04,GOSHEN,WIND,Output,0,0,0,0,1,1,2,1,1,0,0,0,0,0,4,4,10,2,0,0,0,0,0,11,
2026-09-04,GOULAIS,WIND,Available Capacity,25,25,25,25,25,25,25,25,25,25,25,25,25,25,25,25,25,25,25,25,25,25,25,25,
2026-09-04,GOULAIS,WIND,Forecast,6,4,4,5,5,4,7,5,2,0,0,0,0,0,0,0,0,0,0,0,0,0,0,1,
2026-09-04,GOULAIS,WIND,Output,7,5,4,6,5,5,8,5,2,0,0,0,0,0,0,0,0,0,0,0,0,0,0,2,
2026-09-04,GRAND VALLEY 3,WIND,Available Capacity,40,40,40,40,40,40,40,40,40,40,40,40,40,40,40,40,40,40,40,40,40,40,40,40,
2026-09-04,GRAND VALLEY 3,WIND,Forecast,2,5,7,1,0,0,1,0,0,0,0,0,1,2,1,0,2,5,5,2,0,0,4,7,
2026-09-04,GRAND VALLEY 3,WIND,Output,3,6,7,1,0,1,2,0,0,0,0,0,1,3,2,0,3,5,6,2,0,0,5,8,
2026-09-04,GRANDSF,SOLAR,Available Capacity,100,100,100,100,100,100,100,100,100,100,100,100,100,100,100,100,100,100,100,100,100,100,100,100,
2026-09-04,GRANDSF,SOLAR,Forecast,0,0,0,0,0,0,2,16,40,56,61,53,64,58,37,40,16,4,0,0,0,0,0,0,
2026-09-04,GRANDSF,SOLAR,Output,0,0,0,0,0,0,2,18,40,62,65,55,69,54,39,41,12,3,1,0,0,0,0,0,
2026-09-04,GRANDWF,WIND,Available Capacity,149,149,149,149,149,149,149,149,149,149,149,149,149,149,149,149,149,149,149,149,149,149,149,149,
2026-09-04,GRANDWF,WIND,Forecast,0,0,0,0,0,0,1,0,0,0,0,0,2,3,0,0,0,0,0,0,0,0,1,7,
2026-09-04,GRANDWF,WIND,Output,0,0,0,0,0,0,1,0,0,0,0,0,4,3,0,0,0,0,0,0,0,0,2,8,
2026-09-04,GREENFIELD ENERGY CENTRE-G1,GAS,Capability,175,186,186,186,178,178,178,178,178,178,178,178,178,178,178,178,178,178,178,178,178,178,178,178,
2026-09-04,GREENFIELD ENERGY CENTRE-G1,GAS,Output,177,177,177,177,176,177,175,176,177,176,175,174,173,172,171,171,170,171,173,174,174,175,175,172,
2026-09-04,GREENFIELD ENERGY CENTRE-G2,GAS,Capability,175,186,186,186,178,178,178,178,178,178,178,178,178,178,178,178,178,178,178,178,178,178,178,178,
2026-09-04,GREENFIELD ENERGY CENTRE-G2,GAS,Output,177,177,177,177,176,177,175,176,177,176,175,174,173,172,171,171,170,171,173,173,173,174,174,171,
2026-09-04,GREENFIELD ENERGY CENTRE-G3,GAS,Capability,175,186,186,186,178,178,178,178,178,178,178,178,178,178,178,178,178,178,178,178,178,178,178,178,
2026-09-04,GREENFIELD ENERGY CENTRE-G3,GAS,Output,178,178,178,179,177,179,176,177,178,177,176,175,174,173,172,171,171,172,176,176,177,177,179,174,
2026-09-04,GREENFIELD ENERGY CENTRE-G4,GAS,Capability,493,497,497,497,495,495,495,495,495,495,495,495,495,495,495,495,495,495,495,495,495,495,495,495,
2026-09-04,GREENFIELD ENERGY CENTRE-G4,GAS,Output,446,358,350,334,340,425,363,365,370,463,481,481,480,479,469,409,475,482,485,486,486,487,435,354,
2026-09-04,GREENFIELD SOUTH-G1,GAS,Capability,175,175,175,175,175,175,175,175,175,175,175,175,175,175,175,175,175,175,175,175,175,175,175,175,
2026-09-04,GREENFIELD SOUTH-G1,GAS,Output,168,123,109,109,110,151,109,107,121,170,170,169,169,169,167,123,167,168,169,170,170,171,146,109,
2026-09-04,GREENFIELD SOUTH-G2,GAS,Capability,120,120,120,120,120,120,120,120,120,120,120,120,120,120,120,120,120,120,120,120,120,120,120,120,
2026-09-04,GREENFIELD SOUTH-G2,GAS,Output,97,77,72,72,72,89,73,73,76,109,117,118,117,106,106,78,103,95,105,109,108,112,92,72,
2026-09-04,GREENWICH,WIND,Available Capacity,99,99,99,99,99,99,99,99,99,99,99,99,99,99,99,99,99,99,99,99,99,99,99,99,
2026-09-04,GREENWICH,WIND,Forecast,7,18,22,45,15,14,15,14,11,11,13,8,7,6,11,11,4,1,0,0,0,0,0,0,
2026-09-04,GREENWICH,WIND,Output,0,12,25,17,13,15,15,14,11,11,13,8,7,7,13,11,4,1,0,0,0,0,0,0,
2026-09-04,GTAA-G1,GAS,Capability,36,36,36,36,36,36,36,36,36,36,36,36,36,36,36,36,36,36,36,36,36,36,36,36,
2026-09-04,GTAA-G1,GAS,Output,36,34,33,33,33,35,5,0,0,0,0,29,32,34,34,33,35,35,35,35,36,36,36,36,
2026-09-04,GTAA-G2,GAS,Capability,0,0,0,0,0,0,0,0,0,0,0,0,0,0,0,0,0,0,0,0,0,0,0,0,
2026-09-04,GTAA-G2,GAS,Output,0,0,0,0,0,0,0,0,0,0,0,0,0,0,0,0,0,0,0,0,0,0,0,0,
2026-09-04,GTAA-G3,GAS,Capability,0,0,0,0,0,0,0,0,0,0,0,0,0,0,0,0,0,0,0,0,0,0,0,0,
2026-09-04,GTAA-G3,GAS,Output,10,9,9,9,9,9,1,0,0,0,0,0,6,12,12,10,11,11,11,11,11,11,11,11,
2026-09-04,HAGERSVILLE BESS,OTHER,Capability,0,0,327,327,327,327,327,327,327,327,327,327,327,327,327,327,327,327,327,327,0,0,327,327,
2026-09-04,HAGERSVILLE BESS,OTHER,Output,0,0,0,0,0,0,0,0,0,6,69,72,127,0,3,0,43,281,300,300,31,0,0,0,
2026-09-04,HALTONHILLS-LT.G1,GAS,Capability,230,230,230,230,230,230,230,230,230,230,230,230,230,230,230,230,230,230,230,230,230,230,230,230,
2026-09-04,HALTONHILLS-LT.G1,GAS,Output,202,201,204,199,194,208,206,205,204,203,202,201,201,201,201,200,200,200,202,199,193,194,194,179,
2026-09-04,HALTONHILLS-LT.G2,GAS,Capability,230,230,230,230,230,230,230,230,230,230,230,230,230,230,230,230,230,230,230,230,230,230,230,230,
2026-09-04,HALTONHILLS-LT.G2,GAS,Output,203,202,204,199,195,208,206,205,204,203,203,202,201,201,201,200,200,200,203,204,205,205,205,180,
2026-09-04,HALTONHILLS-LT.G3,GAS,Capability,299,299,299,299,299,299,299,299,299,299,299,299,299,299,299,299,299,299,299,299,299,299,299,299,
2026-09-04,HALTONHILLS-LT.G3,GAS,Output,241,235,196,192,189,223,225,220,227,229,228,235,237,237,237,236,236,236,237,238,236,237,237,222,
2026-09-04,HARMON,HYDRO,Capability,68,156,156,156,156,156,156,156,78,78,78,78,78,156,156,156,156,156,156,156,156,156,156,156,
2026-09-04,HARMON,HYDRO,Output,76,74,74,74,74,74,142,144,145,145,145,145,145,147,148,146,146,146,146,146,146,146,146,146,
2026-09-04,HARMON 2,HYDRO,Capability,0,78,78,78,78,78,78,78,78,78,78,78,78,78,78,78,78,78,78,78,78,78,78,78,
2026-09-04,HARMON 2,HYDRO,Output,1,0,0,0,0,0,0,0,0,0,0,0,0,0,0,0,0,0,0,0,0,0,0,0,
2026-09-04,HARRIS,HYDRO,Capability,12,12,12,12,12,12,12,12,12,12,12,12,12,12,12,12,12,12,12,12,12,12,12,12,
2026-09-04,HARRIS,HYDRO,Output,4,3,3,3,3,3,3,2,2,2,2,2,2,2,2,2,1,2,2,2,2,2,2,2,
2026-09-04,HENVEY NORTH,WIND,Available Capacity,117,117,117,117,117,117,117,117,117,117,117,117,117,117,117,117,117,117,117,117,117,117,117,117,
2026-09-04,HENVEY NORTH,WIND,Forecast,20,30,30,36,28,26,33,17,1,1,2,5,5,12,6,7,6,4,4,3,6,15,15,25,
2026-09-04,HENVEY NORTH,WIND,Output,23,32,31,38,29,29,33,15,2,1,2,6,5,13,5,7,6,4,4,3,7,15,16,28,
2026-09-04,HENVEY SOUTH,WIND,Available Capacity,183,183,183,183,183,183,183,183,183,183,183,183,183,183,183,183,183,183,183,183,183,183,183,183,
2026-09-04,HENVEY SOUTH,WIND,Forecast,22,27,29,39,32,30,38,15,2,2,1,6,8,16,8,9,9,5,9,3,6,13,12,28,
2026-09-04,HENVEY SOUTH,WIND,Output,24,28,31,41,32,32,37,14,2,2,2,7,8,17,7,9,9,6,9,3,6,13,14,32,
2026-09-04,HOLDEN,HYDRO,Capability,199,199,199,199,199,199,199,199,199,199,199,199,199,199,199,199,199,199,199,199,199,199,199,199,
2026-09-04,HOLDEN,HYDRO,Output,32,27,27,27,27,28,28,57,84,98,137,163,164,163,163,162,162,162,161,169,173,126,61,59,
2026-09-04,HOLINGSWTH,HYDRO,Capability,21,21,21,21,21,21,21,21,21,21,21,21,21,21,21,21,21,21,21,21,21,21,21,21,
2026-09-04,HOLINGSWTH,HYDRO,Output,0,0,0,0,0,0,14,16,16,0,0,0,0,0,0,0,15,16,16,0,0,0,0,0,
2026-09-04,HYDROGEN READY POWER PLANT (HRPP),GAS,Capability,206,206,206,206,206,206,206,206,206,206,206,206,206,206,206,206,206,206,206,206,206,206,206,206,
2026-09-04,HYDROGEN READY POWER PLANT (HRPP),GAS,Output,0,0,0,0,0,0,0,0,0,0,0,0,0,0,0,0,0,0,0,0,0,0,0,0,
2026-09-04,JERICHO,WIND,Available Capacity,149,149,149,149,149,149,149,149,149,149,149,149,149,149,149,149,149,149,149,149,149,149,149,149,
2026-09-04,JERICHO,WIND,Forecast,0,0,0,0,0,0,0,0,0,0,0,0,0,0,0,3,16,2,3,1,0,0,0,0,
2026-09-04,JERICHO,WIND,Output,0,0,0,0,0,0,0,0,0,0,0,0,0,0,0,5,16,1,4,1,0,0,0,1,
2026-09-04,K2WIND,WIND,Available Capacity,270,270,270,270,270,270,270,270,270,270,270,270,270,270,270,270,270,270,270,270,270,270,270,270,
2026-09-04,K2WIND,WIND,Forecast,0,0,0,1,2,6,12,3,6,0,0,0,0,0,2,2,12,1,0,18,12,17,39,52,
2026-09-04,K2WIND,WIND,Output,0,0,0,1,2,7,11,5,5,0,0,0,0,0,2,3,12,1,1,19,12,19,42,54,
2026-09-04,KAKABEKA,HYDRO,Capability,0,0,0,0,0,0,0,0,0,0,0,0,0,0,0,0,0,0,0,0,0,0,0,0,
2026-09-04,KAKABEKA,HYDRO,Output,0,0,0,0,0,0,0,0,0,0,0,0,0,0,0,0,0,0,0,0,0,0,0,0,
2026-09-04,KAPGS,GAS,Capability,29,29,29,29,29,29,29,29,29,29,29,29,29,29,29,29,29,29,29,29,29,29,29,29,
2026-09-04,KAPGS,GAS,Output,0,0,0,0,0,0,0,0,0,0,0,0,0,0,0,0,0,0,0,0,0,0,0,0,
2026-09-04,KINGSBRIDGE,WIND,Available Capacity,40,40,40,40,40,40,40,40,40,40,40,40,40,40,40,40,40,40,40,40,40,40,40,40,
2026-09-04,KINGSBRIDGE,WIND,Forecast,0,0,0,0,0,0,0,0,0,0,0,0,0,0,0,0,0,0,0,0,0,0,2,4,
2026-09-04,KINGSBRIDGE,WIND,Output,0,0,0,0,0,0,0,0,0,0,0,0,0,0,1,0,0,0,0,1,1,0,3,5,
2026-09-04,KINGSTONSF,SOLAR,Available Capacity,100,100,100,100,100,100,100,100,100,100,100,100,100,100,100,100,100,100,100,100,100,100,100,100,
2026-09-04,KINGSTONSF,SOLAR,Forecast,0,0,0,0,0,0,8,36,63,84,92,88,76,71,57,45,22,7,1,0,0,0,0,0,
2026-09-04,KINGSTONSF,SOLAR,Output,0,0,0,0,0,0,9,37,66,87,95,87,72,75,54,47,18,9,1,0,0,0,0,0,
2026-09-04,KIPLING,HYDRO,Capability,70,152,152,152,152,152,152,152,76,76,76,76,76,152,152,152,152,152,152,152,152,152,152,152,
2026-09-04,KIPLING,HYDRO,Output,72,72,73,72,71,71,69,68,70,71,70,70,70,70,70,71,71,71,71,71,71,71,71,71,
2026-09-04,KIPLING 2,HYDRO,Capability,0,79,79,79,79,79,79,79,79,79,79,79,79,79,79,79,79,79,79,79,79,79,79,79,
2026-09-04,KIPLING 2,HYDRO,Output,1,0,0,0,0,0,65,70,72,73,71,70,70,70,70,72,74,72,72,72,72,72,72,72,
2026-09-04,LAKESUPERIOR,GAS,Capability,125,125,125,125,125,125,125,125,125,125,125,125,125,125,125,125,125,125,125,125,125,125,125,125,
2026-09-04,LAKESUPERIOR,GAS,Output,0,0,0,0,0,0,0,0,0,0,0,0,0,0,0,0,0,0,0,0,0,0,0,0,
2026-09-04,LANDON,WIND,Available Capacity,40,40,40,40,40,40,40,40,40,40,40,40,40,40,40,40,40,40,40,40,40,40,40,40,
2026-09-04,LANDON,WIND,Forecast,0,0,0,0,0,0,0,0,0,0,0,0,0,0,0,0,5,2,0,1,0,0,0,1,
2026-09-04,LANDON,WIND,Output,0,0,0,0,0,0,0,0,0,0,0,0,0,0,0,0,6,2,0,1,0,0,0,2,
2026-09-04,LENNOX-G1,GAS,Capability,525,525,525,525,525,525,525,525,525,525,525,525,525,525,525,525,525,525,525,525,525,525,525,525,
2026-09-04,LENNOX-G1,GAS,Output,0,0,0,0,0,0,0,0,0,0,0,0,0,0,0,0,0,0,0,0,0,0,0,0,
2026-09-04,LENNOX-G2,GAS,Capability,525,525,525,525,525,525,525,525,525,525,525,525,525,525,525,525,525,525,525,525,525,525,525,525,
2026-09-04,LENNOX-G2,GAS,Output,0,0,0,0,0,0,0,0,0,0,0,8,67,30,30,30,2,0,0,0,0,0,0,0,
2026-09-04,LENNOX-G3,GAS,Capability,525,525,525,525,525,525,525,525,525,525,525,525,525,525,525,525,525,525,525,525,525,525,525,525,
2026-09-04,LENNOX-G3,GAS,Output,0,0,0,0,0,0,0,0,0,0,0,9,73,30,30,30,30,30,31,1,0,0,0,0,
2026-09-04,LENNOX-G4,GAS,Capability,525,525,525,525,525,525,525,525,525,525,525,525,525,525,525,525,525,525,525,525,525,525,525,525,
2026-09-04,LENNOX-G4,GAS,Output,0,0,0,0,0,0,0,0,0,0,0,0,0,0,0,0,0,0,0,0,0,0,0,0,
2026-09-04,LITTLELONG,HYDRO,Capability,63,144,144,144,144,144,144,144,144,144,144,144,144,144,144,144,144,144,144,144,144,144,144,144,
2026-09-04,LITTLELONG,HYDRO,Output,66,64,64,64,62,62,124,130,130,128,128,130,130,130,130,130,130,130,130,130,130,130,129,123,
2026-09-04,LITTLELONG 2,HYDRO,Capability,0,0,0,0,0,0,0,0,0,0,0,0,0,0,0,0,0,0,0,0,0,0,0,0,
2026-09-04,LITTLELONG 2,HYDRO,Output, , , , , , , , , , , , , , , , , , , , , , , , ,
2026-09-04,LONGSAULTE,HYDRO,Capability,20,20,20,20,20,20,20,20,20,20,20,20,20,20,20,20,20,20,20,20,20,20,20,20,
2026-09-04,LONGSAULTE,HYDRO,Output,5,6,6,7,7,7,9,9,9,9,9,9,9,10,10,9,10,10,10,10,10,10,8,8,
2026-09-04,LOWER WHITE RIVER,HYDRO,Capability,1,1,1,1,1,1,1,1,1,1,1,1,1,1,1,1,1,1,1,1,1,1,1,1,
2026-09-04,LOWER WHITE RIVER,HYDRO,Output,3,2,2,2,2,2,2,2,2,2,2,2,2,2,2,2,2,2,2,2,2,2,2,2,
2026-09-04,LOWERNOTCH,HYDRO,Capability,257,257,257,257,257,230,230,230,120,120,120,257,257,257,257,257,257,257,257,257,257,257,257,257,
2026-09-04,LOWERNOTCH,HYDRO,Output,0,0,0,0,0,103,106,106,107,106,6,0,0,0,0,1,0,0,23,1,0,0,0,0,
2026-09-04,MACKAYGS,HYDRO,Capability,54,54,54,54,54,54,54,54,54,54,54,54,54,54,54,54,54,54,54,54,54,54,54,54,
2026-09-04,MACKAYGS,HYDRO,Output,0,0,0,0,0,0,0,0,0,0,0,0,0,0,0,0,0,0,0,0,0,0,0,0,
2026-09-04,MANITOUFALLS,HYDRO,Capability,0,0,0,0,0,0,0,0,0,0,0,0,0,0,0,0,0,0,0,0,0,0,0,0,
2026-09-04,MANITOUFALLS,HYDRO,Output,0,0,0,0,0,0,0,0,0,0,0,0,0,0,0,0,0,0,0,0,0,0,0,0,
2026-09-04,MCLEANSMTNWF-LT.AG_T1,WIND,Available Capacity,60,60,60,60,50,50,50,50,50,50,50,50,50,50,50,50,50,50,50,50,50,50,50,50,
2026-09-04,MCLEANSMTNWF-LT.AG_T1,WIND,Forecast,1,2,3,5,8,10,8,4,0,0,0,0,0,0,0,0,0,1,2,2,2,3,2,1,
2026-09-04,MCLEANSMTNWF-LT.AG_T1,WIND,Output,1,3,4,6,9,11,9,4,0,0,0,0,0,0,0,0,0,1,2,3,2,3,2,1,
2026-09-04,MISSION,HYDRO,Capability,14,14,14,14,14,14,14,14,14,14,14,14,14,14,14,14,14,14,14,14,14,14,14,14,
2026-09-04,MISSION,HYDRO,Output,4,2,2,2,3,3,2,3,3,3,3,2,3,3,3,3,2,2,2,3,3,2,2,2,
2026-09-04,MTNCHUTE,HYDRO,Capability,0,0,0,0,0,0,0,0,0,0,0,0,0,0,0,0,0,0,0,0,0,0,0,0,
2026-09-04,MTNCHUTE,HYDRO,Output,0,0,0,0,0,0,0,0,0,0,0,0,0,0,0,0,0,0,0,0,0,0,0,0,
2026-09-04,NAGAGAMI,HYDRO,Capability,9,9,9,9,9,9,9,9,9,9,9,9,9,9,9,9,9,9,9,9,9,9,9,9,
2026-09-04,NAGAGAMI,HYDRO,Output,0,0,0,1,1,1,0,0,0,0,0,0,0,0,0,0,1,0,0,0,0,0,0,0,
2026-09-04,NANTICOKE SOLAR,SOLAR,Available Capacity,18,18,18,44,44,44,44,44,44,44,44,44,44,44,44,44,44,44,44,44,44,44,44,44,
2026-09-04,NANTICOKE SOLAR,SOLAR,Forecast,0,0,0,0,0,0,1,9,16,24,18,17,18,22,23,14,5,1,0,0,0,0,0,0,
2026-09-04,NANTICOKE SOLAR,SOLAR,Output,0,0,0,0,0,0,3,10,18,23,15,19,19,24,22,13,4,1,0,0,0,0,0,0,
2026-09-04,NAPANEE BESS,OTHER,Capability,278,278,278,278,278,278,278,278,278,278,278,278,278,278,278,278,278,278,278,278,278,278,278,278,
2026-09-04,NAPANEE BESS,OTHER,Output,0,0,0,0,0,0,0,0,0,0,0,0,11,0,0,0,0,0,34,22,221,192,71,0,
2026-09-04,NAPANEE-G1,GAS,Capability,260,260,260,260,260,260,260,260,260,260,260,260,260,260,260,260,260,260,260,260,260,260,260,260,
2026-09-04,NAPANEE-G1,GAS,Output,0,0,34,105,225,251,253,252,251,250,249,249,249,249,248,248,248,248,249,249,250,251,252,239,
2026-09-04,NAPANEE-G2,GAS,Capability,260,260,260,260,260,260,260,260,260,260,260,260,260,260,260,260,260,260,260,260,260,260,260,260,
2026-09-04,NAPANEE-G2,GAS,Output,50,83,154,214,223,249,251,250,249,248,248,247,247,247,247,247,246,246,246,248,249,250,250,238,
2026-09-04,NAPANEE-G3,GAS,Capability,458,458,458,458,458,458,458,458,458,458,458,458,458,458,458,458,458,458,458,458,458,458,458,458,
2026-09-04,NAPANEE-G3,GAS,Output,0,21,77,137,229,374,346,356,382,382,382,391,394,394,395,395,396,399,400,401,403,405,398,306,
2026-09-04,NIPIGONGS,GAS,Capability,23,23,23,23,23,23,23,23,23,23,23,23,23,23,23,23,23,23,23,23,23,23,23,23,
2026-09-04,NIPIGONGS,GAS,Output, , , , , , , , , , , , , , , , , , , , , , , , ,
2026-09-04,NORTH KENT,WIND,Available Capacity,99,99,99,99,99,99,99,99,99,99,99,99,99,99,99,99,99,99,99,99,99,99,99,99,
2026-09-04,NORTH KENT,WIND,Forecast,2,2,3,0,0,0,2,3,1,2,12,6,4,2,4,3,1,0,0,2,4,2,9,2,
2026-09-04,NORTH KENT,WIND,Output,3,3,3,0,0,0,3,3,1,4,11,7,4,3,4,3,1,0,0,3,5,4,9,3,
2026-09-04,NORTHBAYGS,GAS,Capability,60,60,60,60,60,60,60,60,60,60,60,60,60,60,60,60,60,60,60,60,60,60,60,60,
2026-09-04,NORTHBAYGS,GAS,Output,0,0,0,0,0,0,0,0,0,0,0,0,0,0,0,0,0,0,0,0,0,0,0,0,
2026-09-04,NORTHLAND POWER SOLAR FACILITIES,SOLAR,Available Capacity,40,40,40,40,40,40,40,40,40,40,40,40,40,40,40,40,40,40,40,40,40,40,40,40,
2026-09-04,NORTHLAND POWER SOLAR FACILITIES,SOLAR,Forecast,0,0,0,0,0,0,1,9,24,33,34,33,30,31,33,32,22,9,1,0,0,0,0,0,
2026-09-04,NORTHLAND POWER SOLAR FACILITIES,SOLAR,Output,0,0,0,0,0,0,1,10,27,35,35,33,32,34,34,33,22,10,1,0,0,0,0,0,
2026-09-04,NPIROQFALLS,GAS,Capability,125,125,125,125,125,125,125,125,125,125,125,125,125,125,125,125,125,125,125,125,125,125,125,125,
2026-09-04,NPIROQFALLS,GAS,Output,0,0,0,0,0,0,0,0,0,0,0,0,0,0,0,0,0,0,0,0,0,0,0,0,
2026-09-04,NPKIRKLAND-G1-G5,GAS,Capability,59,59,59,59,59,59,59,59,59,59,59,59,59,59,59,59,59,59,59,59,59,59,59,59,
2026-09-04,NPKIRKLAND-G1-G5,GAS,Output,47,47,47,47,47,47,47,47,47,46,45,45,45,42,42,42,42,42,42,42,42,42,19,0,
2026-09-04,NPKIRKLAND-G6,GAS,Capability,25,25,25,25,25,25,25,25,25,25,25,25,25,25,25,25,33,33,33,33,33,33,33,33,
2026-09-04,NPKIRKLAND-G6,GAS,Output,0,0,0,0,0,0,0,0,0,0,0,5,20,0,0,0,0,0,0,0,0,0,0,0,
2026-09-04,ONEIDA ENERGY STORAGE,OTHER,Capability,250,250,250,250,250,250,250,250,250,250,250,250,250,250,250,250,250,250,250,250,250,0,0,0,
2026-09-04,ONEIDA ENERGY STORAGE,OTHER,Output,0,0,0,0,0,0,0,0,0,0,10,7,20,30,30,69,70,70,114,188,249,162,0,0,
2026-09-04,OTTERRAPIDS,HYDRO,Capability,152,152,152,152,152,152,152,152,152,152,152,152,152,152,152,152,152,152,152,152,152,152,152,152,
2026-09-04,OTTERRAPIDS,HYDRO,Output,2,0,0,0,0,0,37,84,86,87,132,132,133,133,133,133,133,133,133,133,133,133,133,133,
2026-09-04,PAROCHES,WIND,Available Capacity,49,49,49,49,49,49,49,49,49,49,31,31,31,49,49,49,49,49,49,49,49,49,49,49,
2026-09-04,PAROCHES,WIND,Forecast,0,0,2,0,0,2,2,0,0,0,2,1,4,2,2,0,1,0,0,0,0,0,0,2,
2026-09-04,PAROCHES,WIND,Output,0,0,2,0,1,2,2,0,0,0,2,3,5,2,2,0,1,0,0,0,0,0,0,2,
2026-09-04,PETER SUTHERLAND SR,HYDRO,Capability,27,27,27,27,27,27,27,27,27,27,27,27,27,27,27,27,27,27,27,27,27,27,27,27,
2026-09-04,PETER SUTHERLAND SR,HYDRO,Output,28,28,28,28,28,28,28,28,28,28,28,28,28,28,28,28,28,28,28,28,28,28,28,28,
2026-09-04,PICKERINGB-G5,NUCLEAR,Capability,500,500,500,500,500,500,500,500,500,500,500,500,500,500,500,500,500,500,500,500,500,500,500,500,
2026-09-04,PICKERINGB-G5,NUCLEAR,Output,502,503,501,502,502,502,502,500,502,501,500,499,497,498,498,498,498,499,499,498,499,500,501,502,
2026-09-04,PICKERINGB-G6,NUCLEAR,Capability,500,500,500,500,500,500,500,500,500,500,500,500,500,500,500,500,500,500,500,500,500,500,500,500,
2026-09-04,PICKERINGB-G6,NUCLEAR,Output,501,501,501,499,501,501,500,499,501,501,501,499,498,498,498,497,497,497,498,497,497,499,499,500,
2026-09-04,PICKERINGB-G7,NUCLEAR,Capability,510,510,510,510,510,510,510,510,510,510,510,510,510,510,510,510,510,510,510,510,510,510,510,510,
2026-09-04,PICKERINGB-G7,NUCLEAR,Output,511,511,512,509,511,512,512,512,511,512,512,511,509,509,509,509,509,509,510,510,511,510,514,513,
2026-09-04,PICKERINGB-G8,NUCLEAR,Capability,500,500,500,500,500,500,500,500,500,500,500,500,500,500,500,500,500,500,500,500,500,500,500,500,
2026-09-04,PICKERINGB-G8,NUCLEAR,Output,506,506,506,505,505,506,506,506,506,505,505,504,503,503,503,503,503,503,503,503,502,504,505,506,
2026-09-04,PINEPORTAGE,HYDRO,Capability,72,72,72,72,72,72,72,72,72,72,72,72,72,72,72,72,72,72,72,72,72,72,72,72,
2026-09-04,PINEPORTAGE,HYDRO,Output,36,55,57,45,56,58,58,62,62,64,66,66,68,68,68,68,68,68,68,68,68,68,68,68,
2026-09-04,PORT BURWELL,WIND,Available Capacity,99,99,99,99,99,99,99,99,99,99,99,99,99,99,99,99,99,99,99,99,99,99,99,99,
2026-09-04,PORT BURWELL,WIND,Forecast,4,1,0,0,0,0,0,0,0,0,0,0,0,0,0,0,0,0,0,0,0,0,0,0,
2026-09-04,PORT BURWELL,WIND,Output,5,0,0,0,0,0,0,0,0,0,0,0,0,0,0,0,0,0,0,0,0,0,0,1,
2026-09-04,PORTALMA-T1,WIND,Available Capacity,0,0,0,0,0,0,0,0,0,0,0,0,0,0,0,0,0,0,0,101,101,101,101,101,
2026-09-04,PORTALMA-T1,WIND,Forecast,0,0,0,0,0,0,0,0,0,0,0,0,0,0,0,0,0,1,0,0,1,2,2,3,
2026-09-04,PORTALMA-T1,WIND,Output,0,0,0,0,0,0,0,0,0,0,0,0,0,0,0,0,0,0,0,1,1,3,3,3,
2026-09-04,PORTALMA-T3,WIND,Available Capacity,0,0,0,0,0,0,0,0,0,0,0,0,0,0,0,0,0,0,0,101,101,101,101,101,
2026-09-04,PORTALMA-T3,WIND,Forecast,0,0,0,0,0,0,0,0,0,0,0,0,0,0,0,0,0,1,0,0,0,1,1,3,
2026-09-04,PORTALMA-T3,WIND,Output,0,0,0,0,0,0,0,0,0,0,0,0,0,0,0,0,0,0,0,0,0,1,2,4,
2026-09-04,PORTLANDS-G1,GAS,Capability,207,207,207,207,207,207,207,207,207,207,207,207,207,207,207,207,207,207,207,207,207,207,207,207,
2026-09-04,PORTLANDS-G1,GAS,Output,187,180,147,130,129,187,173,184,187,187,186,187,186,185,184,184,185,182,183,185,185,187,187,168,
2026-09-04,PORTLANDS-G2,GAS,Capability,214,214,214,214,214,214,214,214,214,214,214,214,214,214,214,214,214,214,214,214,214,214,214,214,
2026-09-04,PORTLANDS-G2,GAS,Output,187,179,155,131,131,186,172,183,186,186,185,186,185,184,183,183,184,181,182,184,185,186,186,167,
2026-09-04,PORTLANDS-G3,GAS,Capability,225,225,225,225,225,225,225,225,225,225,225,225,225,225,225,225,225,225,225,225,225,225,225,225,
2026-09-04,PORTLANDS-G3,GAS,Output,232,220,182,159,159,207,194,218,231,231,230,231,230,230,229,229,230,228,228,229,230,230,231,211,
2026-09-04,PRINCEFARM,WIND,Available Capacity,189,189,189,189,189,189,189,189,189,189,189,189,189,189,189,189,189,189,189,189,189,189,189,189,
2026-09-04,PRINCEFARM,WIND,Forecast,26,44,54,60,55,42,51,56,43,18,9,5,0,1,0,0,0,0,0,0,0,0,4,9,
2026-09-04,PRINCEFARM,WIND,Output,30,48,55,63,53,45,54,57,38,16,10,4,0,1,0,0,0,0,0,0,0,0,5,10,
2026-09-04,RAILBEDWF-LT.AG_SR,WIND,Available Capacity,270,270,270,270,270,270,270,270,270,270,270,270,270,270,270,270,270,270,270,270,270,270,270,270,
2026-09-04,RAILBEDWF-LT.AG_SR,WIND,Forecast,4,7,7,2,1,9,12,7,5,1,31,16,19,9,7,3,5,4,0,1,0,0,1,3,
2026-09-04,RAILBEDWF-LT.AG_SR,WIND,Output,3,6,7,1,2,10,12,5,5,2,33,15,19,8,5,3,5,3,0,0,0,0,2,3,
2026-09-04,RAYNER,HYDRO,Capability,42,42,42,42,42,42,42,42,42,42,42,42,42,42,42,42,42,42,42,42,42,42,42,42,
2026-09-04,RAYNER,HYDRO,Output,0,0,0,0,0,1,36,36,38,35,31,1,0,0,0,0,0,33,36,33,35,34,1,0,
2026-09-04,REDROCK,HYDRO,Capability,19,19,19,19,19,19,19,19,19,19,19,19,19,19,19,19,19,19,19,19,19,19,19,19,
2026-09-04,REDROCK,HYDRO,Output,0,0,0,0,11,12,12,12,12,12,12,12,12,12,12,12,12,12,12,12,0,0,0,0,
2026-09-04,RIPLEY SOUTH,WIND,Available Capacity,76,76,76,76,76,76,76,76,76,76,76,76,76,76,76,76,76,76,76,76,76,76,76,76,
2026-09-04,RIPLEY SOUTH,WIND,Forecast,0,0,0,0,0,0,1,0,2,0,0,0,0,0,2,1,2,0,1,5,1,2,6,9,
2026-09-04,RIPLEY SOUTH,WIND,Output,1,0,0,1,1,1,1,1,2,0,0,0,0,0,3,2,2,1,2,5,1,3,7,9,
2026-09-04,ROMNEY,WIND,Available Capacity,0,0,0,0,0,0,0,0,0,0,0,0,0,60,60,60,60,60,60,60,60,60,60,60,
2026-09-04,ROMNEY,WIND,Forecast,0,0,0,0,0,0,0,0,0,0,0,0,1,2,3,0,1,1,0,0,0,0,1,2,
2026-09-04,ROMNEY,WIND,Output,0,0,0,0,0,0,0,0,0,0,0,0,0,3,3,0,1,1,0,0,0,0,1,2,
2026-09-04,SANDUSK-LT.AG_T1,WIND,Available Capacity,104,104,104,104,104,104,104,104,104,104,104,104,104,104,104,104,104,104,104,104,104,104,104,104,
2026-09-04,SANDUSK-LT.AG_T1,WIND,Forecast,0,3,2,6,6,6,2,0,0,0,0,0,0,0,0,0,0,0,0,0,0,3,5,17,
2026-09-04,SANDUSK-LT.AG_T1,WIND,Output,1,3,4,6,8,6,2,0,0,0,0,0,0,0,0,0,0,0,0,0,0,3,7,19,
2026-09-04,SAUNDERS,HYDRO,Capability,921,921,921,921,921,921,921,921,921,921,921,921,921,921,921,921,921,921,921,921,921,921,921,921,
2026-09-04,SAUNDERS,HYDRO,Output,870,870,874,879,880,879,924,927,928,927,925,923,923,924,925,925,924,925,925,926,923,926,926,876,
2026-09-04,SHANNON,WIND,Available Capacity,91,91,91,91,91,91,91,91,91,91,91,91,91,91,91,91,91,91,91,91,91,91,91,91,
2026-09-04,SHANNON,WIND,Forecast,0,0,0,0,0,0,3,1,0,0,0,0,4,0,1,9,10,7,2,0,0,0,0,0,
2026-09-04,SHANNON,WIND,Output,0,0,0,0,0,1,2,1,0,0,0,2,4,0,2,11,10,7,1,0,0,0,0,0,
2026-09-04,SILVERFALLS,HYDRO,Capability,51,51,51,51,51,51,51,51,51,51,51,51,51,51,51,51,51,51,51,51,51,51,51,51,
2026-09-04,SILVERFALLS,HYDRO,Output,45,3,0,0,42,2,0,44,2,0,44,2,0,44,2,0,44,2,0,0,46,2,0,0,
2026-09-04,SITHE GOREWAY-G11,GAS,Capability,212,212,212,212,212,212,212,212,212,212,212,212,212,212,212,212,212,212,212,212,212,212,212,212,
2026-09-04,SITHE GOREWAY-G11,GAS,Output,187,187,187,188,189,189,189,189,187,185,185,185,184,185,184,184,184,185,186,186,187,187,187,187,
2026-09-04,SITHE GOREWAY-G12,GAS,Capability,212,212,212,212,212,212,212,212,212,212,212,212,212,212,212,212,212,212,212,212,212,212,212,212,
2026-09-04,SITHE GOREWAY-G12,GAS,Output,178,179,179,179,180,180,180,180,178,177,177,176,175,175,175,175,176,177,178,178,178,179,178,179,
2026-09-04,SITHE GOREWAY-G13,GAS,Capability,212,212,212,212,212,212,212,212,212,212,212,212,212,212,212,212,212,212,212,212,212,212,212,212,
2026-09-04,SITHE GOREWAY-G13,GAS,Output,181,182,182,182,183,184,184,183,181,180,180,179,178,178,178,178,179,180,181,181,182,182,182,182,
2026-09-04,SITHE GOREWAY-G15,GAS,Capability,362,362,362,362,362,362,362,362,362,362,362,362,362,362,362,362,362,362,362,362,362,362,362,362,
2026-09-04,SITHE GOREWAY-G15,GAS,Output,326,327,328,327,330,331,322,325,328,328,326,325,328,325,324,324,327,329,332,332,332,333,334,336,
2026-09-04,SMOKY 2,HYDRO,Capability,78,266,266,266,266,266,266,266,178,178,178,178,178,266,266,266,266,266,266,266,266,266,266,266,
2026-09-04,SMOKY 2,HYDRO,Output,85,82,82,83,83,83,159,164,164,166,166,166,166,166,166,164,164,164,164,164,164,164,164,164,
2026-09-04,SOUTHGATE SF,SOLAR,Available Capacity,50,50,50,50,50,50,50,50,50,50,50,50,50,50,50,50,50,50,50,50,50,50,50,50,
2026-09-04,SOUTHGATE SF,SOLAR,Forecast,0,0,0,0,0,0,1,10,22,24,21,17,16,13,12,20,10,6,0,0,0,0,0,0,
2026-09-04,SOUTHGATE SF,SOLAR,Output,0,0,0,0,0,0,3,10,25,22,20,13,15,10,13,21,11,7,1,0,0,0,0,0,
2026-09-04,SPENCE,WIND,Available Capacity,99,99,99,99,99,99,99,99,99,99,99,99,99,99,99,99,99,99,99,99,99,99,99,99,
2026-09-04,SPENCE,WIND,Forecast,2,2,0,0,0,0,0,0,0,0,2,1,0,0,0,0,0,0,0,0,0,0,3,0,
2026-09-04,SPENCE,WIND,Output,3,2,0,0,0,0,0,0,0,0,2,1,0,0,0,0,0,0,0,0,0,0,3,1,
2026-09-04,STCLAIRCGS,GAS,Capability,614,614,614,614,614,614,614,614,614,614,614,614,614,614,614,614,614,614,614,614,614,614,614,614,
2026-09-04,STCLAIRCGS,GAS,Output,626,618,609,609,609,613,602,590,593,626,636,632,631,621,620,604,627,632,634,636,636,636,628,593,
2026-09-04,STEEPHILL,HYDRO,Capability,14,14,14,14,14,14,14,14,14,14,14,14,14,14,14,14,14,14,14,14,14,14,14,14,
2026-09-04,STEEPHILL,HYDRO,Output,3,3,3,3,3,3,3,3,3,3,3,3,3,3,3,3,3,3,3,3,3,3,3,3,
2026-09-04,STEWARTVLE,HYDRO,Capability,120,120,120,120,120,120,120,120,120,120,120,112,112,120,120,120,120,120,120,120,120,98,120,120,
2026-09-04,STEWARTVLE,HYDRO,Output,0,0,0,0,0,0,0,0,0,19,19,19,69,72,72,71,71,71,71,20,19,1,0,0,
2026-09-04,STONE MILLS SF,SOLAR,Available Capacity,54,54,54,54,54,54,54,54,54,54,54,54,54,54,54,54,54,54,54,54,54,54,54,54,
2026-09-04,STONE MILLS SF,SOLAR,Forecast,0,0,0,0,0,0,4,20,37,50,52,51,39,34,27,20,9,5,0,0,0,0,0,0,
2026-09-04,STONE MILLS SF,SOLAR,Output,0,0,0,0,0,0,5,21,37,51,54,51,36,36,27,20,10,6,0,0,0,0,0,0,
2026-09-04,SUMMERHAVEN,WIND,Available Capacity,124,124,124,124,124,124,124,124,124,124,124,124,124,124,124,124,124,124,124,124,124,124,124,124,
2026-09-04,SUMMERHAVEN,WIND,Forecast,0,0,0,0,0,0,0,0,0,0,0,0,0,0,0,0,0,0,0,0,0,0,0,0,
2026-09-04,SUMMERHAVEN,WIND,Output,0,0,0,0,0,0,0,0,0,0,0,0,1,0,0,0,0,0,0,0,0,0,0,0,
2026-09-04,TAOHSC,GAS,Capability,70,70,70,70,70,70,70,70,70,70,70,70,70,70,70,70,70,70,70,70,70,70,70,70,
2026-09-04,TAOHSC,GAS,Output,71,72,63,55,55,57,56,55,56,68,71,70,70,70,70,62,69,71,71,72,69,13,0,0,
2026-09-04,TASARNIA,GAS,Capability,325,365,365,365,505,505,505,505,505,505,505,505,505,505,505,505,505,365,365,365,285,285,285,285,
2026-09-04,TASARNIA,GAS,Output,340,358,309,281,231,295,336,244,281,360,383,389,389,388,389,376,384,380,365,365,335,294,285,283,
2026-09-04,TAWINDSOR,GAS,Capability,76,76,76,76,76,76,76,76,76,76,76,76,76,76,76,76,76,76,76,76,76,76,76,76,
2026-09-04,TAWINDSOR,GAS,Output,60,51,50,50,50,50,54,53,53,63,72,72,72,62,57,61,62,60,66,71,69,4,0,0,
2026-09-04,TBAYBOWATER CTS,BIOFUEL,Capability,50,50,50,50,50,50,50,50,50,50,50,50,50,50,50,50,50,50,50,50,50,50,50,50,
2026-09-04,TBAYBOWATER CTS,BIOFUEL,Output,0,0,0,0,0,0,0,0,0,0,0,0,0,0,0,0,0,0,0,0,0,0,0,0,
2026-09-04,THOROLDCGS,GAS,Capability,303,303,303,303,303,303,303,303,303,303,303,303,303,303,303,303,303,303,303,303,303,303,303,303,
2026-09-04,THOROLDCGS,GAS,Output,248,213,202,199,198,240,220,221,240,268,267,262,261,258,257,234,259,262,262,269,269,272,263,219,
2026-09-04,TILBURY BATTERY STORAGE,OTHER,Capability,87,87,87,87,87,87,87,87,87,87,87,87,87,87,87,87,87,87,87,87,0,0,87,87,
2026-09-04,TILBURY BATTERY STORAGE,OTHER,Output,0,0,0,0,0,0,0,0,0,2,14,19,28,0,0,0,31,56,80,80,35,0,0,0,
2026-09-04,TUNISGS,GAS,Capability,59,59,59,59,59,59,59,59,59,59,59,59,59,59,59,59,59,59,59,59,59,59,59,59,
2026-09-04,TUNISGS,GAS,Output,0,0,0,0,0,0,0,34,36,36,36,35,35,34,34,34,34,34,35,36,4,0,0,0,
2026-09-04,UMBATAFALLS,HYDRO,Capability,24,24,24,24,24,24,24,24,24,24,24,24,24,24,24,24,24,24,24,24,24,24,24,24,
2026-09-04,UMBATAFALLS,HYDRO,Output,3,3,3,3,3,3,1,0,0,0,0,0,0,0,0,2,3,3,3,4,6,5,5,5,
2026-09-04,UNDERWOOD,WIND,Available Capacity,182,182,182,182,182,182,182,182,182,182,182,182,182,182,182,182,182,182,182,182,182,182,182,182,
2026-09-04,UNDERWOOD,WIND,Forecast,0,0,0,0,0,0,0,0,0,0,0,0,0,0,0,0,0,0,0,0,0,0,0,1,
2026-09-04,UNDERWOOD,WIND,Output,0,0,0,0,0,0,0,0,0,0,0,0,0,0,0,0,0,0,0,0,0,0,0,2,
2026-09-04,UPPER WHITE RIVER,HYDRO,Capability,0,0,0,0,0,0,0,0,0,0,0,0,0,0,0,0,0,0,0,0,0,0,0,0,
2026-09-04,UPPER WHITE RIVER,HYDRO,Output,0,0,0,0,0,0,0,0,0,1,4,4,4,4,4,4,4,4,2,1,1,1,1,1,
2026-09-04,VAUGHAN 1 BESS,OTHER,Capability,27,27,27,27,27,27,27,27,27,27,27,27,27,27,27,27,27,27,27,27,27,27,27,27,
2026-09-04,VAUGHAN 1 BESS,OTHER,Output,0,0,0,0,0,0,0,0,0,0,0,0,0,0,0,0,0,0,0,0,0,0,0,0,
2026-09-04,WELLS,HYDRO,Capability,210,210,210,210,210,210,210,210,210,210,210,210,210,210,210,210,210,210,210,210,210,210,210,210,
2026-09-04,WELLS,HYDRO,Output,0,0,0,0,0,0,0,0,0,0,0,0,0,0,0,0,0,0,0,0,0,0,0,1,
2026-09-04,WEST LINCOLN NRWF,WIND,Available Capacity,230,230,230,230,230,230,230,230,230,230,230,230,230,230,230,230,230,230,230,230,230,230,230,230,
2026-09-04,WEST LINCOLN NRWF,WIND,Forecast,1,3,7,16,8,1,0,0,0,0,0,1,3,4,0,0,0,0,0,0,16,43,50,51,
2026-09-04,WEST LINCOLN NRWF,WIND,Output,1,3,10,16,8,0,0,0,0,0,0,1,4,3,0,0,0,0,0,0,20,46,52,53,
2026-09-04,WESTWINDSOR,GAS,Capability,5,5,5,5,5,5,5,5,5,5,5,5,5,5,5,5,5,5,5,5,5,5,5,5,
2026-09-04,WESTWINDSOR,GAS,Output,0,0,0,0,0,0,0,0,0,0,0,0,0,0,0,0,0,0,0,0,0,0,0,0,
2026-09-04,WHITBYCGS,GAS,Capability,55,55,55,55,55,55,55,55,55,55,55,55,55,55,55,55,55,55,55,55,55,55,55,55,
2026-09-04,WHITBYCGS,GAS,Output,0,0,0,0,0,0,0,0,0,0,0,0,0,0,0,0,0,0,0,0,0,0,0,0,
2026-09-04,WHITEDOG,HYDRO,Capability,68,68,68,68,68,68,68,68,68,68,68,68,68,68,68,68,68,68,68,68,68,68,68,68,
2026-09-04,WHITEDOG,HYDRO,Output,19,16,10,8,19,21,16,21,22,22,21,21,21,21,21,21,21,21,20,18,18,18,18,18,
2026-09-04,WINDSOR AIRPORT SF,SOLAR,Available Capacity,50,50,50,50,50,50,50,50,50,50,50,50,50,50,50,50,50,50,50,50,50,50,50,50,
2026-09-04,WINDSOR AIRPORT SF,SOLAR,Forecast,0,0,0,0,0,0,0,1,4,9,14,12,19,22,19,13,10,4,1,0,0,0,0,0,
2026-09-04,WINDSOR AIRPORT SF,SOLAR,Output,0,0,0,0,0,0,0,0,0,0,0,3,25,21,17,13,10,4,2,0,0,0,0,0,
2026-09-04,WOLFE ISLAND,WIND,Available Capacity,171,171,171,171,171,171,171,171,171,171,171,171,171,171,171,171,171,171,171,171,171,171,171,171,
2026-09-04,WOLFE ISLAND,WIND,Forecast,7,9,10,6,5,4,6,2,0,0,2,5,12,13,11,4,10,29,6,6,18,12,11,5,
2026-09-04,WOLFE ISLAND,WIND,Output,8,11,12,7,6,5,7,2,0,0,3,7,14,16,12,5,13,34,6,8,21,15,12,7,
2026-09-04,YORK BESS,OTHER,Capability,132,132,132,132,132,132,132,132,132,132,132,132,132,132,132,132,132,132,132,132,132,132,132,132,
2026-09-04,YORK BESS,OTHER,Output,0,0,0,0,0,0,0,0,0,0,0,0,0,0,0,0,86,24,109,120,3,0,0,0,
2026-09-04,YORKCGS-G1,GAS,Capability,233,233,233,233,233,233,233,233,233,233,233,233,233,233,233,233,233,233,233,233,233,233,233,233,
2026-09-04,YORKCGS-G1,GAS,Output,0,0,0,0,0,0,0,0,0,0,0,0,0,0,0,0,0,0,0,0,0,0,0,0,
2026-09-04,YORKCGS-G2,GAS,Capability,233,233,233,233,233,233,233,233,233,233,233,233,233,233,233,233,233,233,233,233,233,233,233,233,
2026-09-04,YORKCGS-G2,GAS,Output,0,0,0,0,0,0,0,0,0,0,0,0,0,0,0,0,0,0,0,0,0,0,0,0,
2026-09-04,ZURICH,WIND,Available Capacity,99,99,99,99,99,99,99,99,99,99,99,99,99,99,99,99,99,99,99,99,99,99,99,99,
2026-09-04,ZURICH,WIND,Forecast,0,0,0,0,0,0,3,2,2,0,0,0,0,0,2,1,5,1,0,0,0,2,1,19,
2026-09-04,ZURICH,WIND,Output,0,0,0,0,1,2,3,3,2,0,0,0,0,1,2,1,5,1,0,0,1,2,2,23,
2026-09-05,ABKENORA,HYDRO,Capability,11,11,11,11,11,11,11,11,11,11,11,11,11,11,11,11,11,11,11,11,11,11,11,11,
2026-09-05,ABKENORA,HYDRO,Output,7,7,7,7,7,7,7,7,7,7,7,7,7,7,7,7,7,7,7,7,7,7,7,7,
2026-09-05,ADELAIDE,WIND,Available Capacity,60,60,60,60,60,60,60,60,60,60,60,60,60,60,60,60,60,60,60,60,60,60,60,60,
2026-09-05,ADELAIDE,WIND,Forecast,0,0,2,3,8,5,5,6,2,3,2,1,0,1,10,23,41,37,25,24,15,14,22,25,
2026-09-05,ADELAIDE,WIND,Output,1,0,2,4,9,5,7,6,2,4,3,1,1,1,13,27,45,36,26,25,15,15,25,25,
2026-09-05,AGUASABON,HYDRO,Capability,49,49,49,49,49,49,49,49,49,49,49,49,49,49,49,49,49,49,49,49,49,49,49,49,
2026-09-05,AGUASABON,HYDRO,Output,0,0,0,0,0,0,0,0,0,0,0,0,0,0,18,19,18,24,18,17,0,0,0,0,
2026-09-05,ALEXANDER,HYDRO,Capability,53,53,53,53,53,53,53,53,53,53,53,53,53,53,53,53,53,53,53,53,53,53,53,53,
2026-09-05,ALEXANDER,HYDRO,Output,50,50,50,50,50,50,50,50,50,50,50,50,50,50,50,50,50,50,50,50,50,50,50,50,
2026-09-05,AMARANTH,WIND,Available Capacity,183,183,183,183,183,183,183,183,183,183,183,183,183,183,183,183,183,183,183,183,183,183,183,183,
2026-09-05,AMARANTH,WIND,Forecast,15,15,14,13,4,1,8,18,16,29,31,24,10,3,1,5,10,17,14,14,28,30,35,32,
2026-09-05,AMARANTH,WIND,Output,17,16,16,14,3,1,12,20,21,33,34,25,10,3,1,6,12,19,14,17,35,33,39,36,
2026-09-05,AMHERST ISLAND,WIND,Available Capacity,74,74,74,74,74,74,74,74,74,74,74,74,74,74,74,74,74,74,74,74,74,74,74,74,
2026-09-05,AMHERST ISLAND,WIND,Forecast,0,1,4,3,10,11,15,8,1,1,7,9,1,0,0,0,0,0,6,5,10,19,5,0,
2026-09-05,AMHERST ISLAND,WIND,Output,0,1,4,3,11,12,16,7,1,2,8,8,1,1,0,0,0,1,8,4,13,18,4,0,
2026-09-05,APIROQUOIS,HYDRO,Capability,107,107,107,107,107,107,107,107,107,107,107,107,107,107,107,107,107,107,107,107,107,107,107,107,
2026-09-05,APIROQUOIS,HYDRO,Output,50,50,50,50,50,50,50,50,50,50,50,50,50,50,50,50,50,50,50,50,50,50,50,50,
2026-09-05,ARLEN BESS,OTHER,Capability,27,27,27,27,27,27,27,27,27,27,27,27,27,27,27,27,27,27,27,27,27,27,27,27,
2026-09-05,ARLEN BESS,OTHER,Output,0,0,0,0,0,0,0,0,0,0,0,0,0,0,0,0,0,0,0,0,0,0,0,0,
2026-09-05,ARMOW,WIND,Available Capacity,180,180,180,180,180,180,180,180,180,180,180,180,180,180,180,180,180,180,180,180,180,180,180,180,
2026-09-05,ARMOW,WIND,Forecast,24,20,16,11,4,4,12,30,30,31,27,18,23,21,42,50,39,32,28,26,33,47,63,69,
2026-09-05,ARMOW,WIND,Output,25,20,16,10,4,5,13,32,31,33,26,18,25,22,45,52,37,33,28,26,36,49,66,68,
2026-09-05,ARNPRIOR,HYDRO,Capability,41,41,41,41,41,41,41,41,41,41,41,41,41,41,41,41,41,41,41,41,41,41,41,41,
2026-09-05,ARNPRIOR,HYDRO,Output,0,0,0,0,0,0,0,0,0,0,0,0,0,0,35,2,37,38,38,38,1,0,0,0,
2026-09-05,ATIKOKAN-G1,BIOFUEL,Capability,135,135,135,135,135,135,135,135,135,135,135,135,135,135,135,135,135,135,135,135,135,135,135,135,
2026-09-05,ATIKOKAN-G1,BIOFUEL,Output,0,0,0,0,0,0,0,0,0,0,0,0,0,0,0,0,0,0,0,0,0,0,0,0,
2026-09-05,AUBREYFALLS,HYDRO,Capability,132,132,132,132,132,132,132,132,132,132,132,132,132,132,132,132,132,132,132,132,132,132,132,132,
2026-09-05,AUBREYFALLS,HYDRO,Output,0,0,0,0,0,0,0,0,0,0,0,0,0,0,0,0,63,65,65,1,0,0,0,0,
2026-09-05,BARRETT,HYDRO,Capability,176,176,176,176,176,176,176,176,176,176,176,176,176,176,176,176,176,176,176,176,176,176,176,176,
2026-09-05,BARRETT,HYDRO,Output,0,0,0,0,0,0,0,0,0,0,0,0,0,0,57,60,60,60,60,60,2,0,0,0,
2026-09-05,BECK1,HYDRO,Capability,511,511,511,511,511,511,511,511,511,511,511,511,511,511,511,511,511,511,511,511,511,511,511,511,
2026-09-05,BECK1,HYDRO,Output,410,331,301,302,162,150,110,148,113,113,149,154,207,209,188,276,295,412,407,477,467,465,465,465,
2026-09-05,BECK2,HYDRO,Capability,1402,1402,1402,1402,1402,1402,1402,1402,1402,1402,1402,1402,1402,1402,1402,1402,1402,1402,1402,1402,1402,1402,1402,1402,
2026-09-05,BECK2,HYDRO,Output,999,1107,1115,996,980,949,1071,1133,1183,1018,1103,1109,1147,1090,1196,1226,1206,1127,1104,1057,988,1040,1010,1015,
2026-09-05,BECK2 PGS,HYDRO,Capability,116,116,116,116,116,116,58,58,58,58,58,58,58,58,58,58,58,58,58,58,58,58,58,58,
2026-09-05,BECK2 PGS,HYDRO,Output,0,0,0,0,0,0,0,0,0,0,0,0,0,2,11,33,42,40,15,3,0,0,0,0,
2026-09-05,BELLE RIVER,WIND,Available Capacity,100,100,100,100,100,100,100,100,100,100,100,100,100,100,100,100,100,100,100,100,100,100,100,100,
2026-09-05,BELLE RIVER,WIND,Forecast,2,11,7,8,11,10,11,8,4,6,3,3,6,10,14,12,17,56,63,58,50,38,20,15,
2026-09-05,BELLE RIVER,WIND,Output,3,13,7,10,11,11,10,8,4,6,3,4,6,12,14,13,20,61,65,59,51,37,17,15,
2026-09-05,BLAKE,WIND,Available Capacity,60,60,60,60,60,60,60,60,60,60,60,60,60,60,60,60,60,60,60,60,60,60,60,60,
2026-09-05,BLAKE,WIND,Forecast,16,11,16,24,19,26,19,9,2,2,3,2,7,14,27,36,24,13,10,17,29,35,32,32,
2026-09-05,BLAKE,WIND,Output,16,12,19,25,20,28,19,8,2,3,3,3,8,16,32,37,22,14,10,20,32,36,34,33,
2026-09-05,BORNISH,WIND,Available Capacity,73,73,73,73,73,73,73,73,73,73,73,73,73,73,73,73,73,73,73,73,73,73,73,73,
2026-09-05,BORNISH,WIND,Forecast,0,0,0,0,3,3,4,9,1,3,2,2,1,8,20,33,47,37,21,18,8,10,17,20,
2026-09-05,BORNISH,WIND,Output,0,0,0,0,4,3,6,9,1,4,2,1,1,11,24,37,51,36,21,18,8,11,19,20,
2026-09-05,BOW LAKE,WIND,Available Capacity,20,20,20,20,20,20,20,20,20,20,20,20,20,20,20,20,20,20,20,20,20,20,20,20,
2026-09-05,BOW LAKE,WIND,Forecast,2,3,4,5,4,3,4,3,1,0,0,0,0,0,0,0,0,0,0,0,1,2,2,3,
2026-09-05,BOW LAKE,WIND,Output,2,3,5,5,4,4,5,4,1,0,1,0,0,1,1,0,0,0,0,1,1,2,3,3,
2026-09-05,BOW LAKE 2,WIND,Available Capacity,40,40,40,40,40,40,40,40,40,40,40,40,40,40,40,40,40,40,40,40,40,40,40,40,
2026-09-05,BOW LAKE 2,WIND,Forecast,7,8,11,14,10,10,11,6,5,2,1,0,0,0,2,0,0,0,0,1,3,6,8,9,
2026-09-05,BOW LAKE 2,WIND,Output,7,9,12,14,10,11,11,6,5,2,1,0,0,1,2,0,0,0,1,2,3,7,8,10,
2026-09-05,BRIGHTON BEACH,GAS,Capability,642,642,642,642,642,642,642,642,642,642,642,642,642,642,642,642,642,642,642,642,642,642,642,642,
2026-09-05,BRIGHTON BEACH,GAS,Output,59,0,0,47,196,239,237,238,241,262,344,533,575,574,572,572,571,571,575,579,543,471,354,51,
2026-09-05,BRUCEA-G1,NUCLEAR,Capability,828,828,828,828,828,828,828,828,828,828,828,828,828,828,828,828,828,828,828,828,828,828,828,828,
2026-09-05,BRUCEA-G1,NUCLEAR,Output,807,808,808,809,810,810,810,810,808,805,805,806,805,805,805,805,805,807,808,808,809,809,810,811,
2026-09-05,BRUCEA-G2,NUCLEAR,Capability,828,828,828,828,828,828,828,828,828,828,828,828,828,828,828,828,828,828,828,828,828,828,828,828,
2026-09-05,BRUCEA-G2,NUCLEAR,Output,808,806,809,809,809,809,809,809,808,807,806,806,807,806,806,806,806,807,808,809,809,810,811,811,
2026-09-05,BRUCEA-G3,NUCLEAR,Capability,795,795,795,795,795,795,795,795,795,795,795,795,795,795,795,795,795,795,795,795,795,795,795,795,
2026-09-05,BRUCEA-G3,NUCLEAR,Output,789,789,792,794,794,795,795,796,795,795,795,795,795,794,793,793,793,795,796,797,798,798,800,801,
2026-09-05,BRUCEA-G4,NUCLEAR,Capability,0,0,0,0,0,0,0,0,0,0,0,0,0,0,0,0,0,0,0,0,0,0,0,0,
2026-09-05,BRUCEA-G4,NUCLEAR,Output,0,0,0,0,0,0,0,0,0,0,0,0,0,0,0,0,0,0,0,0,0,0,0,0,
2026-09-05,BRUCEB-G5,NUCLEAR,Capability,795,795,795,795,795,795,795,795,795,795,795,795,795,795,795,795,795,795,795,795,795,795,795,795,
2026-09-05,BRUCEB-G5,NUCLEAR,Output,804,805,804,805,804,804,804,803,803,802,802,803,803,804,804,804,804,804,805,805,806,805,805,805,
2026-09-05,BRUCEB-G6,NUCLEAR,Capability,817,817,817,817,817,817,817,817,817,817,817,817,817,817,817,817,817,817,817,817,817,817,817,817,
2026-09-05,BRUCEB-G6,NUCLEAR,Output,807,807,807,808,808,808,808,808,806,805,805,806,807,809,810,811,810,810,811,812,813,813,812,812,
2026-09-05,BRUCEB-G7,NUCLEAR,Capability,817,817,817,817,817,817,817,817,817,817,817,817,817,817,817,817,817,817,817,817,817,817,817,817,
2026-09-05,BRUCEB-G7,NUCLEAR,Output,812,814,814,815,814,814,814,814,814,813,814,815,815,816,817,817,818,818,819,819,820,821,820,820,
2026-09-05,BRUCEB-G8,NUCLEAR,Capability,817,817,817,817,817,817,817,817,817,817,817,817,817,817,817,817,817,817,817,817,817,817,817,817,
2026-09-05,BRUCEB-G8,NUCLEAR,Output,808,808,808,808,808,808,807,807,807,806,806,807,807,808,809,809,809,809,809,810,811,811,811,810,
2026-09-05,CALSTOCKGS,BIOFUEL,Capability,38,38,38,38,38,38,38,38,38,38,38,38,38,38,38,38,38,38,38,38,38,38,0,0,
2026-09-05,CALSTOCKGS,BIOFUEL,Output,18,17,17,17,16,16,16,16,16,24,28,28,29,29,29,29,29,29,29,29,27,8,0,0,
2026-09-05,CAMERONFALLS,HYDRO,Capability,71,71,71,71,71,71,71,71,71,71,71,71,71,71,71,71,71,71,71,71,71,71,71,71,
2026-09-05,CAMERONFALLS,HYDRO,Output,51,51,51,51,51,51,51,51,51,51,51,51,51,51,51,51,51,51,51,51,51,51,51,51,
2026-09-05,CANYON,HYDRO,Capability,348,348,348,348,348,348,348,348,348,348,348,348,348,348,348,348,348,348,348,348,348,348,348,348,
2026-09-05,CANYON,HYDRO,Output,122,59,11,0,0,0,49,109,110,111,111,170,230,231,286,288,288,287,287,278,203,147,145,107,
2026-09-05,CARDINAL,GAS,Capability,0,0,0,0,0,0,0,0,184,184,184,184,184,184,184,184,184,184,184,184,184,184,184,184,
2026-09-05,CARDINAL,GAS,Output,0,0,0,0,0,0,0,0,0,0,0,0,0,0,0,0,0,0,0,0,0,0,0,0,
2026-09-05,CARIBOUFALLS,HYDRO,Capability,94,94,94,94,94,94,94,94,94,94,94,94,94,94,94,94,94,94,94,94,94,94,94,94,
2026-09-05,CARIBOUFALLS,HYDRO,Output,28,28,28,28,28,28,27,28,28,28,28,29,30,30,30,30,30,30,30,29,27,28,28,28,
2026-09-05,CARMICHAEL,HYDRO,Capability,19,19,19,19,19,19,19,19,19,19,19,19,19,19,19,19,19,19,19,19,19,19,19,19,
2026-09-05,CARMICHAEL,HYDRO,Output,10,10,10,10,10,10,10,10,10,10,9,9,9,9,9,9,9,9,9,9,9,9,9,9,
2026-09-05,CEDAR POINT 2,WIND,Available Capacity,100,100,100,100,100,100,100,100,100,100,100,100,100,100,100,100,100,100,100,100,100,100,100,100,
2026-09-05,CEDAR POINT 2,WIND,Forecast,3,7,9,5,15,7,8,7,4,3,2,1,5,14,24,29,44,43,34,30,23,20,25,21,
2026-09-05,CEDAR POINT 2,WIND,Output,4,7,9,6,16,6,9,7,4,3,2,2,7,16,25,32,46,43,33,31,23,21,25,21,
2026-09-05,CHATSFALLS,HYDRO,Capability,144,144,144,144,144,144,144,144,144,144,144,144,144,144,144,144,144,144,144,144,144,144,144,144,
2026-09-05,CHATSFALLS,HYDRO,Output,72,72,72,72,72,72,72,72,72,72,95,96,96,118,120,141,143,142,142,142,119,97,73,73,
2026-09-05,CHENAUX,HYDRO,Capability,158,158,158,158,158,158,158,158,158,158,158,158,158,158,158,158,158,158,158,158,158,158,158,158,
2026-09-05,CHENAUX,HYDRO,Output,50,34,33,34,34,50,51,67,68,68,68,68,68,68,83,84,83,83,83,82,82,81,66,66,
2026-09-05,CLERGUE,HYDRO,Capability,33,33,33,33,33,33,33,33,33,33,33,33,33,33,33,33,33,33,33,33,33,33,33,33,
2026-09-05,CLERGUE,HYDRO,Output,35,33,34,35,34,33,34,34,34,34,34,34,34,34,34,34,34,34,34,34,33,35,34,33,
2026-09-05,COCHRANECGS,GAS,Capability,29,29,29,29,29,29,29,29,29,29,29,29,29,29,29,29,29,29,29,29,29,29,29,29,
2026-09-05,COCHRANECGS,GAS,Output,0,0,0,0,0,0,0,0,0,0,0,0,0,0,0,0,0,0,0,0,0,0,0,0,
2026-09-05,COMBER,WIND,Available Capacity,166,166,166,166,166,166,166,166,166,166,166,166,166,166,166,166,166,166,166,166,166,166,166,166,
2026-09-05,COMBER,WIND,Forecast,0,0,0,0,1,0,0,9,5,7,3,4,5,5,7,2,6,29,54,51,46,34,21,11,
2026-09-05,COMBER,WIND,Output,0,0,0,1,0,0,0,10,5,7,3,5,4,5,6,3,7,34,59,51,47,34,18,11,
2026-09-05,CRYSLER,WIND,Available Capacity,100,100,100,100,100,100,100,100,100,100,100,100,100,100,100,100,100,100,100,100,100,100,100,100,
2026-09-05,CRYSLER,WIND,Forecast,22,17,6,25,20,13,17,10,1,0,0,1,2,3,14,6,4,4,2,15,39,13,38,41,
2026-09-05,CRYSLER,WIND,Output,21,16,9,27,18,14,17,10,1,0,0,2,2,6,12,7,4,5,1,21,36,12,43,41,
2026-09-05,DA WATSON,HYDRO,Capability,12,12,12,12,12,12,12,12,12,12,12,12,12,12,12,12,12,12,12,12,12,12,12,12,
2026-09-05,DA WATSON,HYDRO,Output,11,11,11,11,11,11,11,11,11,11,11,11,11,11,11,11,11,11,11,11,11,11,11,11,
2026-09-05,DARLINGTON-G1,NUCLEAR,Capability,825,825,825,825,825,825,825,825,825,825,825,825,825,825,818,818,822,822,822,822,822,822,822,822,
2026-09-05,DARLINGTON-G1,NUCLEAR,Output,829,830,830,830,830,830,827,825,824,823,822,822,822,823,823,822,821,821,821,821,821,822,825,826,
2026-09-05,DARLINGTON-G2,NUCLEAR,Capability,0,0,0,0,0,0,0,0,0,0,0,0,0,0,0,0,0,0,0,0,0,0,0,0,
2026-09-05,DARLINGTON-G2,NUCLEAR,Output,0,0,0,0,0,0,0,0,0,0,0,0,0,0,0,0,0,0,0,0,0,0,0,0,
2026-09-05,DARLINGTON-G3,NUCLEAR,Capability,0,0,0,0,0,0,0,0,0,0,0,0,0,0,0,0,0,0,0,0,0,0,0,0,
2026-09-05,DARLINGTON-G3,NUCLEAR,Output,0,0,0,0,0,0,0,0,0,0,0,0,0,0,0,0,0,0,0,0,0,0,0,0,
2026-09-05,DARLINGTON-G4,NUCLEAR,Capability,0,0,0,0,0,0,0,0,0,0,0,0,0,0,0,0,0,0,0,0,0,0,0,0,
2026-09-05,DARLINGTON-G4,NUCLEAR,Output,0,0,0,0,0,0,0,0,0,0,0,0,0,0,0,0,0,0,0,0,0,0,0,0,
2026-09-05,DECEWFALLS,HYDRO,Capability,148,148,148,148,148,148,148,148,148,148,148,148,148,148,148,148,148,148,148,148,148,148,148,148,
2026-09-05,DECEWFALLS,HYDRO,Output,138,138,138,138,138,138,138,138,138,138,138,138,138,138,138,137,137,137,137,137,137,137,137,137,
2026-09-05,DECEWND1,HYDRO,Capability,29,29,29,29,29,29,29,29,29,29,29,29,29,29,29,29,29,29,29,29,29,29,29,29,
2026-09-05,DECEWND1,HYDRO,Output,20,19,19,19,19,19,19,19,19,19,19,19,19,19,19,19,19,19,19,19,19,19,19,19,
2026-09-05,DESJOACHIMS,HYDRO,Capability,429,429,429,429,429,429,429,429,429,429,429,429,429,429,429,429,429,429,429,429,429,429,429,429,
2026-09-05,DESJOACHIMS,HYDRO,Output,3,0,0,0,0,0,0,0,100,149,227,278,283,275,289,293,338,343,333,324,302,301,206,104,
2026-09-05,DESTEC,GAS,Capability,120,120,120,120,120,120,120,120,120,120,120,120,120,120,120,120,120,120,120,120,120,120,120,120,
2026-09-05,DESTEC,GAS,Output,0,0,0,0,0,0,0,0,0,0,0,0,0,0,0,0,0,0,0,0,0,0,0,0,
2026-09-05,DILLON,WIND,Available Capacity,78,78,78,78,78,78,78,78,78,78,78,78,78,78,78,78,78,78,78,78,78,78,78,78,
2026-09-05,DILLON,WIND,Forecast,0,4,2,1,1,0,7,7,3,6,6,7,7,5,3,3,2,7,23,19,18,14,10,5,
2026-09-05,DILLON,WIND,Output,1,5,2,2,1,0,10,6,3,7,7,8,8,5,3,3,2,11,25,20,19,15,10,5,
2026-09-05,DOWCHEMICAL,GAS,Capability,36,36,36,36,36,36,36,36,36,36,36,36,36,36,36,36,36,36,36,36,36,36,36,36,
2026-09-05,DOWCHEMICAL,GAS,Output,17,18,18,17,17,16,16,16,16,16,16,16,17,17,18,18,18,18,19,18,19,19,18,18,
2026-09-05,DPNTMTLND,GAS,Capability,52,52,52,52,52,52,52,52,52,52,52,52,52,52,52,52,52,52,52,52,52,52,52,52,
2026-09-05,DPNTMTLND,GAS,Output, , , , , ,0,0,0,0,0,0,0,0,0,0,0,0,0,0,0,0,0,0,0,
2026-09-05,EARFALLS,HYDRO,Capability,18,18,18,18,18,18,18,18,18,18,18,18,18,18,18,18,18,18,18,18,18,18,18,18,
2026-09-05,EARFALLS,HYDRO,Output,16,16,16,16,16,16,16,16,16,16,16,16,16,16,16,16,16,16,16,16,16,16,16,16,
2026-09-05,EAST LAKE,WIND,Available Capacity,99,99,99,99,99,99,99,99,99,99,99,99,99,99,99,99,99,99,99,99,99,99,99,99,
2026-09-05,EAST LAKE,WIND,Forecast,12,16,15,22,12,9,10,7,10,7,8,9,7,6,8,13,36,51,36,30,30,24,21,22,
2026-09-05,EAST LAKE,WIND,Output,13,17,16,25,10,9,10,7,10,7,9,9,7,7,9,14,42,53,36,31,30,25,21,24,
2026-09-05,EAST WINDSOR-G1,GAS,Capability,46,46,46,46,46,46,46,46,46,46,46,46,46,46,46,46,46,46,0,46,46,46,46,46,
2026-09-05,EAST WINDSOR-G1,GAS,Output,0,0,0,0,0,0,0,0,0,0,0,0,0,0,0,0,0,28,25, , , , , ,
2026-09-05,EAST WINDSOR-G2,GAS,Capability,46,46,46,46,46,46,46,46,46,46,46,46,46,46,46,46,46,46,0,0,46,46,46,46,
2026-09-05,EAST WINDSOR-G2,GAS,Output,0,0,0,0,0,0,0,0,0,0,0,0,0,0,0,0,0,16,31, , , , , ,
2026-09-05,EAST WINDSOR-G3,GAS,Capability,107,107,107,107,107,107,107,107,107,107,107,107,107,107,107,107,107,107,107,107,107,107,107,107,
2026-09-05,EAST WINDSOR-G3,GAS,Output,1,1,1,1,1,1,1,1,1,1,1,1,1,1,1,1,1,1,1,1,1,1,1,1,
2026-09-05,ERIEAU,WIND,Available Capacity,99,99,99,99,99,99,99,99,99,99,99,99,99,99,99,99,99,99,99,99,99,99,99,99,
2026-09-05,ERIEAU,WIND,Forecast,2,13,14,10,11,8,11,12,12,17,18,18,16,9,6,3,0,2,24,27,33,31,24,17,
2026-09-05,ERIEAU,WIND,Output,3,16,14,11,11,9,11,12,13,18,19,19,16,9,7,3,0,4,26,29,34,33,24,17,
2026-09-05,FORTFRANCSWC,HYDRO,Capability,2,2,2,2,2,2,2,2,2,2,2,2,2,2,2,2,2,2,2,2,2,2,2,2,
2026-09-05,FORTFRANCSWC,HYDRO,Output,4,4,4,4,4,4,4,4,4,4,4,4,4,4,4,4,4,4,4,4,4,4,4,4,
2026-09-05,GARTSHORE,HYDRO,Capability,69,69,69,69,69,69,69,69,69,69,69,69,69,69,69,69,69,69,69,69,69,69,69,69,
2026-09-05,GARTSHORE,HYDRO,Output,0,0,0,0,0,0,0,0,0,0,0,0,0,0,0,0,0,0,0,0,0,0,0,0,
2026-09-05,GOREWAY BESS,OTHER,Capability,55,55,55,55,55,55,55,55,55,55,55,55,55,55,55,55,55,55,0,0,0,55,55,55,
2026-09-05,GOREWAY BESS,OTHER,Output,0,0,0,0,0,0,0,0,0,0,0,0,0,0,0,0,49,47,33,0,0,0,0,0,
2026-09-05,GOSFIELDWGS,WIND,Available Capacity,25,25,25,25,25,25,25,25,25,25,25,25,25,25,25,25,25,25,25,25,25,25,25,25,
2026-09-05,GOSFIELDWGS,WIND,Forecast,0,0,0,0,0,0,0,0,0,0,0,0,0,0,0,0,0,0,1,2,2,2,2,0,
2026-09-05,GOSFIELDWGS,WIND,Output,0,0,0,1,0,0,0,1,0,1,1,1,1,1,1,0,0,1,3,3,5,5,3,2,
2026-09-05,GOSHEN,WIND,Available Capacity,102,102,102,102,102,102,102,102,102,102,102,102,102,102,102,102,102,102,102,102,102,102,102,102,
2026-09-05,GOSHEN,WIND,Forecast,10,9,12,16,16,20,18,9,2,1,2,1,13,21,40,63,65,41,29,31,39,42,53,36,
2026-09-05,GOSHEN,WIND,Output,11,9,14,16,17,21,18,8,2,2,2,2,14,24,44,66,64,41,28,34,40,46,53,36,
2026-09-05,GOULAIS,WIND,Available Capacity,25,25,25,25,25,25,25,25,25,25,25,25,25,25,25,25,25,25,25,25,25,25,25,25,
2026-09-05,GOULAIS,WIND,Forecast,5,4,4,6,4,5,5,5,2,2,1,0,0,0,1,3,4,2,1,0,0,0,0,5,
2026-09-05,GOULAIS,WIND,Output,6,4,5,6,4,6,6,5,3,2,1,0,0,1,2,4,4,2,1,1,0,0,0,6,
2026-09-05,GRAND VALLEY 3,WIND,Available Capacity,40,40,40,40,40,40,40,40,40,40,40,40,40,40,40,40,40,40,40,40,40,40,40,40,
2026-09-05,GRAND VALLEY 3,WIND,Forecast,6,4,3,3,0,0,3,8,5,8,10,8,4,2,0,1,3,7,6,5,15,18,18,16,
2026-09-05,GRAND VALLEY 3,WIND,Output,6,4,3,2,0,0,4,9,6,9,11,7,4,2,1,2,4,7,6,6,17,18,19,16,
2026-09-05,GRANDSF,SOLAR,Available Capacity,100,100,100,100,100,100,100,100,100,100,100,100,100,100,100,100,100,100,100,100,100,100,100,100,
2026-09-05,GRANDSF,SOLAR,Forecast,0,0,0,0,0,0,3,24,51,72,80,77,77,71,74,60,39,11,1,0,0,0,0,0,
2026-09-05,GRANDSF,SOLAR,Output,0,0,0,0,0,0,4,27,53,75,78,79,73,73,73,63,39,11,1,0,0,0,0,0,
2026-09-05,GRANDWF,WIND,Available Capacity,149,149,149,149,149,149,149,149,149,149,149,149,149,149,149,149,149,149,149,149,149,149,149,149,
2026-09-05,GRANDWF,WIND,Forecast,29,38,24,3,1,10,12,10,6,14,14,13,6,7,8,8,12,9,3,2,0,0,0,6,
2026-09-05,GRANDWF,WIND,Output,32,39,22,2,2,12,11,9,7,14,15,13,7,8,9,9,13,8,4,2,0,0,1,6,
2026-09-05,GREENFIELD ENERGY CENTRE-G1,GAS,Capability,176,176,176,176,176,176,176,176,176,176,176,176,176,176,176,176,176,176,176,176,176,176,176,176,
2026-09-05,GREENFIELD ENERGY CENTRE-G1,GAS,Output,174,177,178,177,178,178,163,146,162,175,173,174,176,176,176,177,177,177,179,178,179,179,180,181,
2026-09-05,GREENFIELD ENERGY CENTRE-G2,GAS,Capability,176,176,176,176,176,176,176,176,176,176,176,176,176,176,176,176,176,176,176,176,176,176,176,176,
2026-09-05,GREENFIELD ENERGY CENTRE-G2,GAS,Output,173,176,177,177,178,178,163,146,162,177,177,176,175,175,175,176,177,178,180,181,181,181,180,180,
2026-09-05,GREENFIELD ENERGY CENTRE-G3,GAS,Capability,176,176,176,176,176,176,176,176,176,176,176,176,176,176,176,176,176,176,176,176,176,176,176,176,
2026-09-05,GREENFIELD ENERGY CENTRE-G3,GAS,Output,173,176,176,178,177,177,163,146,162,174,173,174,175,176,177,178,177,175,176,179,181,181,180,181,
2026-09-05,GREENFIELD ENERGY CENTRE-G4,GAS,Capability,493,493,493,493,493,493,493,493,493,493,493,493,493,493,493,493,493,493,493,493,493,493,493,493,
2026-09-05,GREENFIELD ENERGY CENTRE-G4,GAS,Output,355,363,368,367,369,363,307,267,282,354,393,426,451,462,440,475,476,476,477,478,439,382,367,354,
2026-09-05,GREENFIELD SOUTH-G1,GAS,Capability,175,175,175,175,175,175,175,175,175,175,175,175,175,175,175,175,175,175,175,175,175,175,175,175,
2026-09-05,GREENFIELD SOUTH-G1,GAS,Output,110,109,109,109,109,109,109,109,110,110,119,127,167,147,126,173,173,174,175,176,133,111,109,109,
2026-09-05,GREENFIELD SOUTH-G2,GAS,Capability,120,120,120,120,120,120,120,120,120,120,120,120,120,120,120,120,120,120,120,120,120,120,120,120,
2026-09-05,GREENFIELD SOUTH-G2,GAS,Output,72,72,73,72,72,72,71,71,71,70,74,79,97,89,78,104,108,117,100,103,82,73,73,73,
2026-09-05,GREENWICH,WIND,Available Capacity,99,99,99,99,99,99,99,99,99,99,99,99,99,99,99,99,99,99,99,99,99,99,99,99,
2026-09-05,GREENWICH,WIND,Forecast,0,0,0,0,0,0,0,0,0,0,0,1,1,1,0,0,4,6,7,8,10,4,4,5,
2026-09-05,GREENWICH,WIND,Output,0,0,0,0,0,0,0,0,0,0,0,1,1,1,0,1,5,7,7,9,10,4,4,5,
2026-09-05,GTAA-G1,GAS,Capability,36,36,36,36,36,36,36,36,36,36,36,36,36,36,36,36,36,36,36,36,36,36,36,36,
2026-09-05,GTAA-G1,GAS,Output,36,36,36,37,36,34,5,0,0,0,0,0,0,0,0,0,0,0,0,0,0,0,0,0,
2026-09-05,GTAA-G2,GAS,Capability,0,0,0,0,0,0,0,0,0,0,0,0,0,0,0,0,0,0,0,0,0,0,0,0,
2026-09-05,GTAA-G2,GAS,Output,0,0,0,0,0,0,0,0,0,0,0,0,0,0,0,0,0,0,0,0,0,0,0,0,
2026-09-05,GTAA-G3,GAS,Capability,0,0,0,0,0,0,0,0,0,0,0,0,0,0,0,0,0,0,0,0,0,0,0,0,
2026-09-05,GTAA-G3,GAS,Output,11,11,11,11,11,9,1,0,0,0,0,0,0,0,0,0,0,0,0,0,0,0,0,0,
2026-09-05,HAGERSVILLE BESS,OTHER,Capability,327,327,327,327,327,327,327,327,327,327,327,327,327,327,327,327,327,327,0,0,327,327,327,327,
2026-09-05,HAGERSVILLE BESS,OTHER,Output,0,0,0,0,0,1,0,0,0,0,0,2,68,75,11,298,300,300,173,0,0,0,0,0,
2026-09-05,HALTONHILLS-LT.G1,GAS,Capability,230,230,230,230,230,230,230,230,230,230,230,230,230,230,230,230,230,230,230,230,230,230,230,230,
2026-09-05,HALTONHILLS-LT.G1,GAS,Output,163,179,189,180,196,156,141,140,145,198,201,203,203,202,202,197,190,190,190,190,188,187,182,160,
2026-09-05,HALTONHILLS-LT.G2,GAS,Capability,230,230,230,230,230,230,230,230,230,230,230,230,230,230,230,230,230,230,230,230,230,230,230,230,
2026-09-05,HALTONHILLS-LT.G2,GAS,Output,165,197,204,180,196,156,141,140,145,197,199,200,199,198,198,198,198,198,199,201,200,197,188,162,
2026-09-05,HALTONHILLS-LT.G3,GAS,Capability,299,299,299,299,299,299,299,299,299,299,299,299,299,299,299,299,299,299,299,299,299,299,299,299,
2026-09-05,HALTONHILLS-LT.G3,GAS,Output,171,184,223,222,205,172,156,156,156,208,230,231,231,231,237,236,236,236,238,240,240,236,229,176,
2026-09-05,HARMON,HYDRO,Capability,156,156,156,156,156,156,156,156,156,156,156,156,156,156,156,156,156,156,156,156,156,78,0,156,
2026-09-05,HARMON,HYDRO,Output,146,77,73,73,73,73,73,73,73,73,73,73,73,73,73,73,73,73,73,73,73,3,0,0,
2026-09-05,HARMON 2,HYDRO,Capability,78,78,78,78,78,78,78,78,78,78,78,78,78,78,78,78,78,78,78,78,78,0,0,78,
2026-09-05,HARMON 2,HYDRO,Output,0,0,0,0,0,0,0,0,72,75,75,75,75,75,75,75,75,75,75,75,75,75,1,0,
2026-09-05,HARRIS,HYDRO,Capability,12,12,12,12,12,12,12,12,12,12,12,12,12,12,12,12,12,12,12,12,12,12,12,12,
2026-09-05,HARRIS,HYDRO,Output,3,3,3,3,3,3,2,2,2,2,2,2,2,1,2,2,2,2,2,1,1,2,2,2,
2026-09-05,HENVEY NORTH,WIND,Available Capacity,117,117,117,117,117,117,117,117,117,117,117,117,117,117,117,117,117,117,117,117,117,117,117,117,
2026-09-05,HENVEY NORTH,WIND,Forecast,40,29,32,30,36,44,40,23,7,14,21,18,18,18,18,17,14,10,21,13,21,37,47,51,
2026-09-05,HENVEY NORTH,WIND,Output,42,29,33,32,39,47,40,21,6,16,22,19,18,18,19,17,15,11,22,13,24,40,50,56,
2026-09-05,HENVEY SOUTH,WIND,Available Capacity,183,183,183,183,183,183,183,183,183,183,183,183,183,183,183,183,183,183,183,183,183,183,183,183,
2026-09-05,HENVEY SOUTH,WIND,Forecast,58,45,40,33,44,48,54,33,12,23,35,27,28,31,29,26,19,15,27,17,26,47,48,57,
2026-09-05,HENVEY SOUTH,WIND,Output,60,45,39,36,46,51,54,28,11,26,34,27,27,32,29,25,18,16,26,16,31,48,52,61,
2026-09-05,HOLDEN,HYDRO,Capability,199,199,199,199,199,199,199,199,199,199,199,199,199,199,199,199,199,199,199,199,199,199,199,199,
2026-09-05,HOLDEN,HYDRO,Output,28,26,26,26,26,27,27,56,58,109,140,142,170,171,170,170,169,169,168,168,140,111,86,29,
2026-09-05,HOLINGSWTH,HYDRO,Capability,21,21,21,21,21,21,21,21,21,21,21,21,21,21,21,21,21,21,21,21,21,21,21,21,
2026-09-05,HOLINGSWTH,HYDRO,Output,0,0,0,0,0,0,15,16,16,0,0,0,0,0,0,0,15,16,16,16,0,0,0,0,
2026-09-05,HYDROGEN READY POWER PLANT (HRPP),GAS,Capability,206,206,206,206,206,206,206,206,206,206,206,206,206,206,206,206,206,206,206,206,206,206,206,206,
2026-09-05,HYDROGEN READY POWER PLANT (HRPP),GAS,Output,0,0,0,0,0,0,0,0,0,0,0,0,0,0,0,0,0,0,0,0,0,0,0,0,
2026-09-05,JERICHO,WIND,Available Capacity,149,149,149,149,149,149,149,149,149,149,149,149,149,149,149,149,149,149,149,149,149,149,149,149,
2026-09-05,JERICHO,WIND,Forecast,0,0,3,6,14,7,12,11,3,4,4,2,4,22,40,56,70,69,43,40,22,22,31,22,
2026-09-05,JERICHO,WIND,Output,0,1,5,7,14,7,14,10,2,5,4,2,6,25,42,59,74,68,41,40,21,24,31,22,
2026-09-05,K2WIND,WIND,Available Capacity,270,270,270,270,270,270,270,270,270,270,270,270,270,270,270,270,270,270,270,270,270,270,270,270,
2026-09-05,K2WIND,WIND,Forecast,66,71,60,64,58,55,50,49,11,21,28,18,29,77,86,87,75,59,56,42,63,65,57,78,
2026-09-05,K2WIND,WIND,Output,70,70,63,66,60,56,50,47,10,23,28,18,33,81,88,91,73,59,56,42,68,63,60,82,
2026-09-05,KAKABEKA,HYDRO,Capability,0,0,0,0,0,0,0,0,0,0,0,0,0,0,0,0,0,0,0,0,0,0,0,0,
2026-09-05,KAKABEKA,HYDRO,Output,0,0,0,0,0,0,0,0,0,0,0,0,0,0,0,0,0,0,0,0,0,0,0,0,
2026-09-05,KAPGS,GAS,Capability,29,29,29,29,29,29,29,29,29,29,29,29,29,29,29,29,29,29,29,29,29,29,29,29,
2026-09-05,KAPGS,GAS,Output,0,0,0,0,0,0,0,0,0,0,0,0,0,0,0,0,0,0,0,0,0,0,0,0,
2026-09-05,KINGSBRIDGE,WIND,Available Capacity,40,40,40,40,40,40,40,40,40,40,40,40,40,40,40,40,40,40,40,40,40,40,40,40,
2026-09-05,KINGSBRIDGE,WIND,Forecast,6,5,2,4,4,3,3,1,0,0,1,0,1,4,7,6,6,4,4,4,3,3,2,3,
2026-09-05,KINGSBRIDGE,WIND,Output,7,5,3,4,5,4,3,1,0,0,1,0,2,6,7,6,4,3,4,3,3,3,3,4,
2026-09-05,KINGSTONSF,SOLAR,Available Capacity,100,100,100,100,100,100,100,100,100,100,100,100,100,100,100,100,100,100,100,100,100,100,100,100,
2026-09-05,KINGSTONSF,SOLAR,Forecast,0,0,0,0,0,0,7,36,60,58,43,57,72,70,51,39,14,4,0,0,0,0,0,0,
2026-09-05,KINGSTONSF,SOLAR,Output,0,0,0,0,0,0,9,37,61,50,38,67,72,71,49,31,10,3,0,0,0,0,0,0,
2026-09-05,KIPLING,HYDRO,Capability,152,152,152,152,152,152,152,152,152,152,152,152,152,152,152,152,152,152,152,152,152,76,0,152,
2026-09-05,KIPLING,HYDRO,Output,71,3,0,0,0,0,0,0,67,69,69,69,71,71,71,71,71,71,72,71,71,2,0,0,
2026-09-05,KIPLING 2,HYDRO,Capability,79,79,79,79,79,79,79,79,79,79,79,79,79,79,79,79,79,79,79,79,79,0,0,79,
2026-09-05,KIPLING 2,HYDRO,Output,72,72,72,72,72,72,72,72,71,71,71,71,71,70,71,71,71,71,71,71,70,75,4,0,
2026-09-05,LAKESUPERIOR,GAS,Capability,125,125,125,125,125,125,125,125,125,125,125,125,125,125,125,125,125,125,125,125,125,125,125,125,
2026-09-05,LAKESUPERIOR,GAS,Output,0,0,0,0,0,0,0,0,0,0,0,0,0,0,0,0,0,0,0,0,0,0,0,0,
2026-09-05,LANDON,WIND,Available Capacity,40,40,40,40,40,40,40,40,40,40,40,40,40,40,40,40,40,40,40,40,40,40,40,40,
2026-09-05,LANDON,WIND,Forecast,6,3,5,1,5,4,5,9,2,2,2,1,0,1,7,14,24,22,14,15,11,12,21,20,
2026-09-05,LANDON,WIND,Output,6,3,5,1,6,4,6,8,2,3,2,1,1,2,9,16,26,21,14,16,11,14,22,20,
2026-09-05,LENNOX-G1,GAS,Capability,525,525,525,525,525,525,525,525,525,525,525,525,525,525,525,525,525,525,525,525,525,525,525,525,
2026-09-05,LENNOX-G1,GAS,Output,0,0,0,0,0,0,0,0,0,0,0,0,0,0,0,0,0,0,0,0,0,0,0,0,
2026-09-05,LENNOX-G2,GAS,Capability,525,525,525,525,525,525,525,525,525,525,525,525,525,525,525,525,525,525,525,525,525,525,525,525,
2026-09-05,LENNOX-G2,GAS,Output,0,0,0,0,0,0,0,0,0,0,0,0,0,0,0,0,0,0,0,0,0,0,0,0,
2026-09-05,LENNOX-G3,GAS,Capability,525,525,525,525,525,525,525,525,525,525,525,525,525,525,525,525,525,525,525,525,525,525,525,525,
2026-09-05,LENNOX-G3,GAS,Output,0,0,0,0,0,0,0,0,0,0,0,0,0,0,0,0,0,0,0,0,0,0,0,0,
2026-09-05,LENNOX-G4,GAS,Capability,525,525,525,525,525,525,525,525,525,525,525,525,525,525,525,525,525,525,525,525,525,525,525,525,
2026-09-05,LENNOX-G4,GAS,Output,0,0,0,0,0,0,0,0,0,0,0,0,0,0,0,0,0,0,0,0,0,0,0,0,
2026-09-05,LITTLELONG,HYDRO,Capability,144,144,144,144,144,144,144,144,144,144,144,144,144,144,144,144,144,144,144,144,144,72,0,144,
2026-09-05,LITTLELONG,HYDRO,Output,124,66,64,64,64,64,64,64,127,128,128,128,128,128,129,131,131,131,131,131,130,63,1,0,
2026-09-05,LITTLELONG 2,HYDRO,Capability,0,0,0,0,0,0,0,0,0,0,0,0,0,0,0,0,0,0,0,0,0,0,0,0,
2026-09-05,LITTLELONG 2,HYDRO,Output, , , , , , , , , , , , , , , , , , , , , , , , ,
2026-09-05,LONGSAULTE,HYDRO,Capability,20,20,20,20,20,20,20,20,20,20,20,20,20,20,20,20,20,20,20,20,20,20,20,20,
2026-09-05,LONGSAULTE,HYDRO,Output,8,8,8,8,8,8,8,8,9,9,9,9,9,9,9,9,9,9,9,9,9,9,9,9,
2026-09-05,LOWER WHITE RIVER,HYDRO,Capability,1,1,1,1,1,1,1,1,1,1,1,1,1,1,1,1,1,1,1,1,1,1,1,1,
2026-09-05,LOWER WHITE RIVER,HYDRO,Output,2,2,2,2,2,2,2,2,2,2,2,2,2,3,3,3,3,3,3,3,3,3,3,3,
2026-09-05,LOWERNOTCH,HYDRO,Capability,257,257,257,257,257,257,257,257,257,257,257,257,257,257,257,257,257,257,257,257,257,257,257,257,
2026-09-05,LOWERNOTCH,HYDRO,Output,0,0,0,0,0,0,0,0,0,0,0,0,0,0,0,0,119,111,108,111,0,0,0,0,
2026-09-05,MACKAYGS,HYDRO,Capability,54,54,54,54,54,54,54,54,54,54,54,54,54,54,54,54,54,54,54,54,54,54,54,54,
2026-09-05,MACKAYGS,HYDRO,Output,0,0,0,0,0,0,0,0,0,0,0,0,0,0,0,0,0,0,0,0,0,0,0,0,
2026-09-05,MANITOUFALLS,HYDRO,Capability,0,0,0,0,0,0,0,0,0,0,0,0,0,0,0,0,0,0,0,0,0,0,0,0,
2026-09-05,MANITOUFALLS,HYDRO,Output,0,0,0,0,0,0,0,0,0,0,0,0,0,0,0,0,0,0,0,0,0,0,0,0,
2026-09-05,MCLEANSMTNWF-LT.AG_T1,WIND,Available Capacity,50,50,50,50,50,50,50,50,50,50,50,50,50,50,50,50,50,50,50,50,50,50,50,50,
2026-09-05,MCLEANSMTNWF-LT.AG_T1,WIND,Forecast,2,3,7,5,5,9,10,7,2,3,2,1,1,1,0,0,0,0,0,0,3,4,5,6,
2026-09-05,MCLEANSMTNWF-LT.AG_T1,WIND,Output,2,4,7,5,6,10,11,6,2,3,3,1,1,1,0,1,0,0,0,0,4,4,6,7,
2026-09-05,MISSION,HYDRO,Capability,14,14,14,14,14,14,14,14,14,14,14,14,14,14,14,14,14,14,14,14,14,14,14,14,
2026-09-05,MISSION,HYDRO,Output,2,2,2,3,3,3,3,3,3,3,3,3,3,3,3,3,3,3,3,3,3,2,2,2,
2026-09-05,MTNCHUTE,HYDRO,Capability,0,0,0,0,0,0,0,0,0,0,0,0,0,0,0,0,0,0,0,0,0,0,0,0,
2026-09-05,MTNCHUTE,HYDRO,Output,0,0,0,0,0,0,0,0,0,0,0,0,0,0,0,0,0,0,0,0,0,0,0,0,
2026-09-05,NAGAGAMI,HYDRO,Capability,9,9,9,9,9,9,9,9,9,9,9,9,9,9,9,9,9,9,9,9,9,9,9,9,
2026-09-05,NAGAGAMI,HYDRO,Output,0,0,0,1,1,1,1,1,1,1,1,1,1,1,1,1,1,1,1,1,1,1,1,1,
2026-09-05,NANTICOKE SOLAR,SOLAR,Available Capacity,44,44,44,44,44,44,44,44,44,44,44,44,44,44,44,44,44,44,44,44,44,44,44,44,
2026-09-05,NANTICOKE SOLAR,SOLAR,Forecast,0,0,0,0,0,0,2,11,24,34,41,41,36,27,25,29,16,8,0,0,0,0,0,0,
2026-09-05,NANTICOKE SOLAR,SOLAR,Output,0,0,0,0,0,0,3,13,27,38,44,42,35,23,30,29,18,10,1,0,0,0,0,0,
2026-09-05,NAPANEE BESS,OTHER,Capability,278,278,278,278,278,278,278,278,278,278,278,278,278,278,278,278,278,278,278,278,278,278,278,278,
2026-09-05,NAPANEE BESS,OTHER,Output,0,0,0,0,0,0,0,0,0,0,0,0,0,0,0,55,35,242,113,135,0,0,0,0,
2026-09-05,NAPANEE-G1,GAS,Capability,260,260,260,260,260,260,260,260,260,260,260,260,260,260,260,260,260,260,260,260,260,260,260,260,
2026-09-05,NAPANEE-G1,GAS,Output,232,241,241,237,244,251,246,235,246,246,245,246,249,250,250,249,249,250,250,251,252,252,253,248,
2026-09-05,NAPANEE-G2,GAS,Capability,260,260,260,260,260,260,260,260,260,260,260,260,260,260,260,260,260,260,260,260,260,260,260,260,
2026-09-05,NAPANEE-G2,GAS,Output,231,239,240,236,243,251,245,234,244,244,243,243,247,248,247,246,247,247,248,248,249,250,250,247,
2026-09-05,NAPANEE-G3,GAS,Capability,458,458,458,458,458,458,458,458,458,458,458,458,458,458,458,458,458,458,458,458,458,458,458,458,
2026-09-05,NAPANEE-G3,GAS,Output,237,242,242,240,242,249,246,240,250,317,401,410,412,413,413,412,412,413,413,414,412,386,349,254,
2026-09-05,NIPIGONGS,GAS,Capability,23,23,23,23,23,23,23,23,23,23,23,23,23,23,23,23,23,23,23,23,23,23,23,23,
2026-09-05,NIPIGONGS,GAS,Output, , , , , , , , , , , , , , , , , , , , , , , , ,
2026-09-05,NORTH KENT,WIND,Available Capacity,99,99,99,99,99,99,99,99,99,99,99,99,99,99,99,99,99,99,99,99,99,99,99,99,
2026-09-05,NORTH KENT,WIND,Forecast,13,19,20,30,21,11,16,8,7,5,6,6,4,4,8,12,37,53,40,37,37,28,28,26,
2026-09-05,NORTH KENT,WIND,Output,15,20,23,33,19,14,16,8,7,5,6,6,4,4,9,13,42,55,41,38,37,29,28,28,
2026-09-05,NORTHBAYGS,GAS,Capability,60,60,60,60,60,60,60,60,60,60,60,60,60,60,60,60,60,60,60,60,60,60,60,60,
2026-09-05,NORTHBAYGS,GAS,Output,0,0,0,0,0,0,0,0,0,0,0,0,0,0,0,0,0,0,0,0,0,0,0,0,
2026-09-05,NORTHLAND POWER SOLAR FACILITIES,SOLAR,Available Capacity,40,40,40,40,40,40,40,40,40,40,40,40,40,40,40,40,40,40,40,40,40,40,40,40,
2026-09-05,NORTHLAND POWER SOLAR FACILITIES,SOLAR,Forecast,0,0,0,0,0,0,1,6,13,19,34,35,25,27,30,33,18,8,0,0,0,0,0,0,
2026-09-05,NORTHLAND POWER SOLAR FACILITIES,SOLAR,Output,0,0,0,0,0,0,1,6,12,21,39,34,26,24,35,34,16,10,1,0,0,0,0,0,
2026-09-05,NPIROQFALLS,GAS,Capability,125,125,125,125,125,125,125,125,125,125,125,125,125,125,125,125,125,125,125,125,125,125,125,125,
2026-09-05,NPIROQFALLS,GAS,Output,0,0,0,0,0,0,0,0,0,0,0,0,0,0,0,0,0,0,0,0,0,0,0,0,
2026-09-05,NPKIRKLAND-G1-G5,GAS,Capability,82,82,82,82,82,82,82,82,82,82,82,82,82,82,82,82,82,82,82,82,82,82,82,82,
2026-09-05,NPKIRKLAND-G1-G5,GAS,Output,0,0,0,0,0,0,0,0,0,0,0,0,0,0,0,0,0,0,0,0,0,0,0,0,
2026-09-05,NPKIRKLAND-G6,GAS,Capability,33,33,33,33,33,33,33,33,33,33,33,33,33,33,33,33,33,33,33,33,33,33,33,33,
2026-09-05,NPKIRKLAND-G6,GAS,Output,0,0,0,0,0,0,0,0,0,0,0,0,0,0,0,0,0,0,0,0,0,0,0,0,
2026-09-05,ONEIDA ENERGY STORAGE,OTHER,Capability,250,250,250,250,250,250,250,250,250,250,250,250,250,250,250,250,250,250,250,250,250,250,250,250,
2026-09-05,ONEIDA ENERGY STORAGE,OTHER,Output,0,0,0,0,0,0,0,0,0,0,0,0,4,0,30,64,79,190,65,84,4,3,1,0,
2026-09-05,OTTERRAPIDS,HYDRO,Capability,152,152,152,152,152,152,152,152,152,152,152,152,152,152,152,152,152,152,152,152,152,152,152,152,
2026-09-05,OTTERRAPIDS,HYDRO,Output,90,43,8,84,126,130,129,129,130,129,129,128,128,128,128,128,128,128,106,88,91,87,87,44,
2026-09-05,PAROCHES,WIND,Available Capacity,49,49,49,49,49,49,49,49,49,49,49,49,49,49,49,49,49,49,49,49,49,49,49,49,
2026-09-05,PAROCHES,WIND,Forecast,1,2,3,3,4,5,3,3,1,3,2,1,2,2,4,4,7,24,27,23,24,17,9,5,
2026-09-05,PAROCHES,WIND,Output,2,3,3,4,4,5,4,3,2,4,2,1,2,3,4,5,9,28,29,26,26,18,8,5,
2026-09-05,PETER SUTHERLAND SR,HYDRO,Capability,27,27,27,27,27,27,27,27,27,27,27,27,27,27,27,27,27,27,27,27,27,27,27,27,
2026-09-05,PETER SUTHERLAND SR,HYDRO,Output,28,28,28,28,28,28,28,28,28,28,28,28,28,28,28,28,28,28,28,28,28,28,28,28,
2026-09-05,PICKERINGB-G5,NUCLEAR,Capability,500,500,500,500,500,500,500,500,500,500,500,500,500,500,500,500,500,500,500,500,500,500,500,500,
2026-09-05,PICKERINGB-G5,NUCLEAR,Output,502,502,502,502,503,503,503,503,503,503,503,503,503,502,501,501,501,501,501,500,499,501,501,501,
2026-09-05,PICKERINGB-G6,NUCLEAR,Capability,500,500,500,500,500,500,500,500,500,500,500,500,500,500,500,500,500,500,500,500,500,500,500,500,
2026-09-05,PICKERINGB-G6,NUCLEAR,Output,498,500,501,501,499,500,501,501,501,501,501,500,500,500,500,499,499,499,499,498,497,499,499,497,
2026-09-05,PICKERINGB-G7,NUCLEAR,Capability,510,510,510,510,510,510,510,510,510,510,510,510,510,510,510,510,510,510,510,510,510,510,510,510,
2026-09-05,PICKERINGB-G7,NUCLEAR,Output,512,513,513,513,513,513,513,514,513,513,513,513,513,513,512,512,512,512,512,511,511,511,512,512,
2026-09-05,PICKERINGB-G8,NUCLEAR,Capability,500,500,500,500,500,500,500,500,500,500,500,500,500,500,500,500,500,500,500,500,500,500,500,500,
2026-09-05,PICKERINGB-G8,NUCLEAR,Output,506,506,504,506,507,507,507,505,506,506,506,506,506,506,505,505,505,505,505,504,502,504,505,505,
2026-09-05,PINEPORTAGE,HYDRO,Capability,72,72,72,72,72,72,72,72,72,72,72,72,72,72,72,72,72,72,72,72,72,72,72,72,
2026-09-05,PINEPORTAGE,HYDRO,Output,68,66,64,64,64,64,64,64,65,65,65,65,64,64,64,64,64,64,64,64,64,64,64,64,
2026-09-05,PORT BURWELL,WIND,Available Capacity,99,99,99,99,99,99,99,99,99,99,99,99,99,99,99,99,99,99,99,99,99,99,99,99,
2026-09-05,PORT BURWELL,WIND,Forecast,9,11,10,9,17,13,17,15,4,6,4,0,1,1,0,0,0,0,0,0,0,0,0,8,
2026-09-05,PORT BURWELL,WIND,Output,10,11,10,11,17,15,19,14,4,7,4,0,1,1,0,0,0,0,0,0,0,0,0,11,
2026-09-05,PORTALMA-T1,WIND,Available Capacity,101,101,101,101,101,101,101,101,101,101,101,101,101,101,101,101,101,101,101,101,101,101,101,101,
2026-09-05,PORTALMA-T1,WIND,Forecast,2,3,1,5,5,9,15,11,5,9,16,15,17,16,12,9,5,0,12,21,32,26,20,13,
2026-09-05,PORTALMA-T1,WIND,Output,3,3,2,6,5,11,16,10,5,11,16,16,18,16,12,9,5,0,16,23,33,27,19,14,
2026-09-05,PORTALMA-T3,WIND,Available Capacity,101,101,101,101,101,101,101,101,101,101,101,101,101,101,101,101,101,101,101,101,101,101,101,101,
2026-09-05,PORTALMA-T3,WIND,Forecast,3,3,2,4,6,13,13,10,5,8,9,9,13,18,13,6,4,2,24,25,31,23,15,11,
2026-09-05,PORTALMA-T3,WIND,Output,3,4,2,5,6,14,13,10,4,9,10,9,14,19,12,6,3,3,27,25,32,24,14,11,
2026-09-05,PORTLANDS-G1,GAS,Capability,207,207,207,207,207,207,207,207,207,207,207,207,207,207,207,207,207,207,207,207,207,207,207,207,
2026-09-05,PORTLANDS-G1,GAS,Output,148,158,178,151,151,147,138,126,135,183,182,185,187,187,186,186,186,186,187,187,186,187,183,160,
2026-09-05,PORTLANDS-G2,GAS,Capability,214,214,214,214,214,214,214,214,214,214,214,214,214,214,214,214,214,214,214,214,214,214,214,214,
2026-09-05,PORTLANDS-G2,GAS,Output,149,158,179,151,152,148,138,126,135,183,181,184,186,186,185,185,185,185,186,186,185,186,183,160,
2026-09-05,PORTLANDS-G3,GAS,Capability,225,225,225,225,225,225,225,225,225,225,225,225,225,225,225,225,225,225,225,225,225,225,225,225,
2026-09-05,PORTLANDS-G3,GAS,Output,187,195,213,190,178,170,162,158,160,198,213,229,231,230,230,230,230,230,230,230,230,230,228,198,
2026-09-05,PRINCEFARM,WIND,Available Capacity,189,189,189,189,189,189,189,189,189,189,189,189,189,189,189,189,189,189,189,189,189,189,189,189,
2026-09-05,PRINCEFARM,WIND,Forecast,17,28,28,32,35,42,44,37,17,10,3,0,2,3,2,9,11,5,4,6,3,0,2,32,
2026-09-05,PRINCEFARM,WIND,Output,20,29,29,33,36,43,45,36,15,10,3,1,2,3,3,11,10,5,5,6,2,0,4,40,
2026-09-05,RAILBEDWF-LT.AG_SR,WIND,Available Capacity,270,270,270,270,270,270,270,270,270,270,270,270,270,270,270,270,270,270,270,270,270,270,270,270,
2026-09-05,RAILBEDWF-LT.AG_SR,WIND,Forecast,21,36,32,45,41,25,47,29,23,23,24,27,24,14,9,3,6,101,121,110,108,92,81,61,
2026-09-05,RAILBEDWF-LT.AG_SR,WIND,Output,25,38,32,48,37,28,46,28,23,24,24,28,22,13,8,3,11,113,122,113,108,94,79,62,
2026-09-05,RAYNER,HYDRO,Capability,42,42,42,42,42,42,42,42,42,42,42,42,42,42,42,42,42,42,42,42,42,42,42,42,
2026-09-05,RAYNER,HYDRO,Output,0,0,0,0,0,0,37,34,38,30,31,1,0,0,0,0,37,33,35,30,30,1,0,0,
2026-09-05,REDROCK,HYDRO,Capability,19,19,19,19,19,19,19,19,19,19,19,19,19,19,19,19,19,19,19,19,19,19,19,19,
2026-09-05,REDROCK,HYDRO,Output,0,0,0,0,12,12,12,12,12,12,12,12,12,13,12,12,12,12,12,12,0,0,0,0,
2026-09-05,RIPLEY SOUTH,WIND,Available Capacity,76,76,76,76,76,76,76,76,76,76,76,76,76,76,76,76,76,76,76,76,76,76,76,76,
2026-09-05,RIPLEY SOUTH,WIND,Forecast,7,8,6,7,4,5,5,5,3,8,7,5,14,17,20,26,17,19,13,11,10,7,9,13,
2026-09-05,RIPLEY SOUTH,WIND,Output,8,8,7,7,4,6,5,6,4,9,7,6,16,18,22,27,16,19,13,11,10,7,10,14,
2026-09-05,ROMNEY,WIND,Available Capacity,0,0,0,0,0,0,0,0,0,0,0,0,11,11,11,11,11,11,11,11,11,11,11,11,
2026-09-05,ROMNEY,WIND,Forecast,1,2,4,3,5,5,11,11,6,5,5,1,1,1,1,0,0,0,2,4,6,5,4,4,
2026-09-05,ROMNEY,WIND,Output,1,3,4,4,5,6,11,11,6,5,5,5,6,11,8,4,2,1,14,20,27,27,17,11,
2026-09-05,SANDUSK-LT.AG_T1,WIND,Available Capacity,104,104,104,104,104,104,104,104,104,104,104,104,104,104,104,104,104,104,104,104,104,104,104,104,
2026-09-05,SANDUSK-LT.AG_T1,WIND,Forecast,24,21,14,14,20,31,12,11,5,9,8,6,1,0,0,0,0,0,0,0,0,0,0,21,
2026-09-05,SANDUSK-LT.AG_T1,WIND,Output,26,21,14,14,24,30,12,11,5,9,9,6,1,0,0,0,0,0,0,0,0,0,1,23,
2026-09-05,SAUNDERS,HYDRO,Capability,921,921,921,921,921,921,921,987,987,987,987,987,987,987,987,987,987,987,987,987,987,987,987,987,
2026-09-05,SAUNDERS,HYDRO,Output,873,872,875,876,872,871,868,859,860,859,859,857,856,855,855,854,853,853,858,862,864,864,861,808,
2026-09-05,SHANNON,WIND,Available Capacity,91,91,91,91,91,91,91,91,91,91,91,91,91,91,91,91,91,91,91,91,91,91,91,91,
2026-09-05,SHANNON,WIND,Forecast,0,0,0,0,0,0,8,7,6,16,18,11,5,2,2,6,7,9,9,0,0,0,0,0,
2026-09-05,SHANNON,WIND,Output,0,0,0,0,0,0,9,7,7,17,18,11,5,2,2,7,7,11,7,0,0,0,0,0,
2026-09-05,SILVERFALLS,HYDRO,Capability,51,51,51,51,51,51,51,51,51,51,51,51,51,51,51,51,51,51,51,51,51,51,51,51,
2026-09-05,SILVERFALLS,HYDRO,Output,45,2,0,0,44,2,0,44,2,0,44,2,0,44,2,0,44,2,0,0,47,2,0,47,
2026-09-05,SITHE GOREWAY-G11,GAS,Capability,212,212,212,212,212,212,212,212,212,212,212,212,212,212,212,212,212,212,212,212,212,212,212,212,
2026-09-05,SITHE GOREWAY-G11,GAS,Output,188,188,188,188,188,188,188,181,180,180,180,184,186,186,186,186,185,185,185,186,186,187,187,188,
2026-09-05,SITHE GOREWAY-G12,GAS,Capability,212,212,212,212,212,212,212,212,212,212,212,212,212,212,212,212,212,212,212,212,212,212,212,212,
2026-09-05,SITHE GOREWAY-G12,GAS,Output,179,179,179,179,179,180,180,170,178,178,178,178,178,178,178,178,177,177,177,178,178,178,178,179,
2026-09-05,SITHE GOREWAY-G13,GAS,Capability,212,212,212,212,212,212,212,212,212,212,212,212,212,212,212,212,212,212,212,212,212,212,212,212,
2026-09-05,SITHE GOREWAY-G13,GAS,Output,182,182,182,182,183,183,182,182,181,181,181,181,181,181,180,180,180,180,180,181,181,181,181,182,
2026-09-05,SITHE GOREWAY-G15,GAS,Capability,362,362,362,362,362,362,362,362,362,362,362,362,362,362,362,362,362,362,362,362,362,362,362,362,
2026-09-05,SITHE GOREWAY-G15,GAS,Output,336,337,337,338,337,337,317,301,319,323,321,322,325,324,323,322,320,322,326,329,329,331,331,329,
2026-09-05,SMOKY 2,HYDRO,Capability,266,266,266,266,266,266,266,266,266,266,266,266,266,266,266,266,266,266,266,266,266,88,0,266,
2026-09-05,SMOKY 2,HYDRO,Output,164,85,82,82,82,82,82,82,163,165,165,165,165,165,164,161,160,160,160,160,160,84,1,0,
2026-09-05,SOUTHGATE SF,SOLAR,Available Capacity,50,50,50,50,50,50,50,50,50,50,50,50,50,50,50,50,50,50,50,50,50,50,50,50,
2026-09-05,SOUTHGATE SF,SOLAR,Forecast,0,0,0,0,0,0,1,11,24,34,41,46,45,45,37,26,21,8,1,0,0,0,0,0,
2026-09-05,SOUTHGATE SF,SOLAR,Output,0,0,0,0,0,0,2,12,25,35,44,48,48,47,35,27,21,8,1,0,0,0,0,0,
2026-09-05,SPENCE,WIND,Available Capacity,99,99,99,99,99,99,99,99,99,99,99,99,99,99,99,99,99,99,99,99,99,99,99,99,
2026-09-05,SPENCE,WIND,Forecast,5,6,8,11,11,3,10,8,8,7,10,12,7,3,2,0,0,14,29,39,41,44,41,31,
2026-09-05,SPENCE,WIND,Output,6,7,9,11,11,2,11,8,8,8,11,12,8,3,2,0,0,18,31,41,43,47,42,30,
2026-09-05,STCLAIRCGS,GAS,Capability,614,614,614,614,614,614,614,614,614,614,614,614,614,614,614,614,614,614,614,614,614,614,614,614,
2026-09-05,STCLAIRCGS,GAS,Output,588,588,589,589,589,586,547,443,544,585,588,598,629,626,611,649,648,651,652,653,608,583,590,592,
2026-09-05,STEEPHILL,HYDRO,Capability,14,14,14,14,14,14,14,14,14,14,14,14,14,14,14,14,14,14,14,14,14,14,14,14,
2026-09-05,STEEPHILL,HYDRO,Output,3,3,3,3,3,3,3,3,3,3,3,3,3,3,3,3,3,3,3,3,3,3,3,3,
2026-09-05,STEWARTVLE,HYDRO,Capability,120,120,120,120,120,120,120,120,120,120,120,120,120,120,120,120,120,120,120,120,120,120,120,120,
2026-09-05,STEWARTVLE,HYDRO,Output,0,0,0,0,0,0,0,0,0,0,0,0,0,0,49,52,52,52,52,52,51,1,0,0,
2026-09-05,STONE MILLS SF,SOLAR,Available Capacity,54,54,54,54,54,54,54,54,54,54,54,54,54,54,54,54,54,54,54,54,54,54,54,54,
2026-09-05,STONE MILLS SF,SOLAR,Forecast,0,0,0,0,0,0,4,20,38,39,31,40,42,47,37,11,8,4,0,0,0,0,0,0,
2026-09-05,STONE MILLS SF,SOLAR,Output,0,0,0,0,0,0,5,21,38,38,30,42,42,48,34,10,9,4,0,0,0,0,0,0,
2026-09-05,SUMMERHAVEN,WIND,Available Capacity,124,124,124,124,124,124,124,124,124,124,124,124,124,124,124,124,124,124,124,124,124,124,124,124,
2026-09-05,SUMMERHAVEN,WIND,Forecast,1,0,0,0,0,3,6,5,2,7,8,6,1,0,0,0,1,0,0,0,0,0,0,0,
2026-09-05,SUMMERHAVEN,WIND,Output,1,0,0,0,0,5,5,5,2,8,9,6,1,1,0,1,1,1,0,0,0,0,0,0,
2026-09-05,TAOHSC,GAS,Capability,70,70,70,70,70,70,70,70,70,70,70,70,70,70,70,70,70,70,70,70,70,70,70,70,
2026-09-05,TAOHSC,GAS,Output,0,0,0,0,0,0,0,0,0,0,0,0,0,0,0,0,0,0,0,0,0,0,0,0,
2026-09-05,TASARNIA,GAS,Capability,285,285,285,285,505,505,505,505,505,505,505,505,505,505,505,505,505,505,505,505,505,505,505,505,
2026-09-05,TASARNIA,GAS,Output,273,246,248,245,229,229,227,228,229,229,237,362,388,393,393,394,394,395,395,395,393,379,315,257,
2026-09-05,TAWINDSOR,GAS,Capability,76,76,76,76,76,76,76,76,76,76,76,76,76,76,76,76,76,76,76,76,76,76,76,76,
2026-09-05,TAWINDSOR,GAS,Output,0,0,0,0,0,0,0,0,0,0,0,0,0,0,0,0,0,0,0,0,0,0,0,0,
2026-09-05,TBAYBOWATER CTS,BIOFUEL,Capability,50,50,50,50,50,50,50,50,50,50,50,50,50,50,50,50,50,50,50,50,50,50,50,50,
2026-09-05,TBAYBOWATER CTS,BIOFUEL,Output,0,0,0,0,0,0,0,0,0,0,0,0,0,0,0,0,0,0,0,0,0,0,0,0,
2026-09-05,THOROLDCGS,GAS,Capability,303,303,303,303,303,303,303,303,303,303,303,303,303,303,303,303,303,303,303,303,303,303,303,303,
2026-09-05,THOROLDCGS,GAS,Output,199,203,211,198,198,198,209,202,212,219,237,251,265,264,259,268,266,266,266,266,246,227,224,218,
2026-09-05,TILBURY BATTERY STORAGE,OTHER,Capability,87,87,87,87,87,87,87,87,87,87,87,87,87,87,87,87,87,87,0,0,87,87,87,87,
2026-09-05,TILBURY BATTERY STORAGE,OTHER,Output,0,0,0,0,0,0,0,0,0,0,0,10,28,15,15,77,80,80,46,0,0,0,0,0,
2026-09-05,TUNISGS,GAS,Capability,59,59,59,59,59,59,59,59,59,59,59,59,59,59,59,59,59,59,59,59,59,59,59,59,
2026-09-05,TUNISGS,GAS,Output,0,0,0,0,0,0,0,0,0,0,0,0,0,0,0,0,0,0,0,0,0,0,0,0,
2026-09-05,UMBATAFALLS,HYDRO,Capability,24,24,24,24,24,24,24,24,24,24,24,24,24,24,24,24,24,24,24,24,24,24,24,24,
2026-09-05,UMBATAFALLS,HYDRO,Output,5,5,5,5,5,4,3,3,3,3,3,3,3,3,3,3,3,3,3,4,6,5,5,5,
2026-09-05,UNDERWOOD,WIND,Available Capacity,182,182,182,182,182,182,182,182,182,182,182,182,182,182,182,182,182,182,182,182,182,182,182,182,
2026-09-05,UNDERWOOD,WIND,Forecast,6,2,0,0,0,0,0,4,13,20,14,15,21,28,46,41,35,22,17,16,17,27,37,39,
2026-09-05,UNDERWOOD,WIND,Output,6,2,0,0,0,0,0,6,14,21,14,17,20,32,47,42,34,23,16,16,19,31,38,39,
2026-09-05,UPPER WHITE RIVER,HYDRO,Capability,0,0,0,0,0,0,0,0,0,0,0,0,0,0,0,0,0,0,0,0,0,0,0,0,
2026-09-05,UPPER WHITE RIVER,HYDRO,Output,1,1,1,1,1,1,1,1,1,1,1,1,1,1,1,1,1,1,1,1,1,1,1,1,
2026-09-05,VAUGHAN 1 BESS,OTHER,Capability,27,27,27,27,27,27,27,27,27,27,27,27,27,27,27,27,27,27,27,27,27,27,27,27,
2026-09-05,VAUGHAN 1 BESS,OTHER,Output,0,0,0,0,0,0,0,0,0,0,0,0,0,0,0,0,0,0,0,0,0,0,0,0,
2026-09-05,WELLS,HYDRO,Capability,210,210,210,210,210,210,210,210,210,210,210,210,210,210,210,210,210,210,210,210,210,210,210,210,
2026-09-05,WELLS,HYDRO,Output,0,0,0,0,0,0,0,0,0,0,0,0,0,0,0,0,0,0,0,0,0,0,0,0,
2026-09-05,WEST LINCOLN NRWF,WIND,Available Capacity,230,230,230,230,230,230,230,230,230,230,230,230,230,230,230,230,230,230,230,230,230,230,230,230,
2026-09-05,WEST LINCOLN NRWF,WIND,Forecast,51,46,43,40,29,54,29,16,9,11,17,12,14,19,18,16,15,9,8,7,2,1,19,30,
2026-09-05,WEST LINCOLN NRWF,WIND,Output,52,47,44,40,31,57,26,16,9,12,17,12,15,20,18,16,15,9,8,7,2,2,22,32,
2026-09-05,WESTWINDSOR,GAS,Capability,5,5,5,5,5,5,5,5,5,5,5,5,5,5,5,5,5,5,5,5,5,5,5,5,
2026-09-05,WESTWINDSOR,GAS,Output,0,0,0,0,0,0,0,0,0,0,0,0,0,0,0,0,0,0,0,0,0,0,0,0,
2026-09-05,WHITBYCGS,GAS,Capability,55,55,55,55,55,55,55,55,55,55,55,55,55,55,55,55,55,55,55,55,55,55,55,55,
2026-09-05,WHITBYCGS,GAS,Output,0,0,0,0,0,0,0,0,0,0,0,0,0,0,0,0,0,0,0,0,0,0,0,0,
2026-09-05,WHITEDOG,HYDRO,Capability,68,68,68,68,68,68,68,68,68,68,68,68,68,68,68,68,68,68,68,68,68,68,68,68,
2026-09-05,WHITEDOG,HYDRO,Output,16,16,0,0,0,0,19,20,20,20,20,20,20,20,20,13,21,21,21,18,15,15,15,15,
2026-09-05,WINDSOR AIRPORT SF,SOLAR,Available Capacity,50,50,50,50,50,50,50,50,50,50,50,50,50,50,50,50,50,50,50,50,50,50,50,50,
2026-09-05,WINDSOR AIRPORT SF,SOLAR,Forecast,0,0,0,0,0,0,0,1,14,17,31,31,25,34,34,22,20,9,1,0,0,0,0,0,
2026-09-05,WINDSOR AIRPORT SF,SOLAR,Output,0,0,0,0,0,0,0,0,15,18,36,26,25,39,32,23,21,9,1,0,0,0,0,0,
2026-09-05,WOLFE ISLAND,WIND,Available Capacity,171,171,171,171,171,171,171,171,171,171,171,171,171,171,171,171,171,171,171,171,171,171,171,171,
2026-09-05,WOLFE ISLAND,WIND,Forecast,5,10,14,12,11,13,13,4,5,7,20,9,2,4,0,0,2,4,12,8,14,15,13,13,
2026-09-05,WOLFE ISLAND,WIND,Output,6,13,16,14,13,16,14,5,6,9,24,9,3,5,0,0,3,4,17,7,18,15,15,14,
2026-09-05,YORK BESS,OTHER,Capability,132,132,132,132,132,132,132,132,132,132,132,132,132,132,132,132,132,132,0,0,0,132,132,132,
2026-09-05,YORK BESS,OTHER,Output,0,0,0,0,0,0,0,0,0,0,0,0,0,0,0,0,117,120,79,0,0,0,0,0,
2026-09-05,YORKCGS-G1,GAS,Capability,233,233,233,233,233,233,233,233,233,233,233,233,233,233,233,233,233,233,233,233,233,233,233,233,
2026-09-05,YORKCGS-G1,GAS,Output,0,0,0,0,0,0,0,0,0,0,0,0,0,0,0,0,0,0,0,0,0,0,0,0,
2026-09-05,YORKCGS-G2,GAS,Capability,233,233,233,233,233,233,233,233,233,233,233,233,233,233,233,233,233,233,233,233,233,233,233,233,
2026-09-05,YORKCGS-G2,GAS,Output,0,0,0,0,0,0,0,0,0,0,0,0,0,0,0,0,0,0,0,0,0,0,0,0,
2026-09-05,ZURICH,WIND,Available Capacity,99,99,99,99,99,99,99,99,90,90,90,90,90,90,90,90,90,90,90,90,90,90,90,90,
2026-09-05,ZURICH,WIND,Forecast,23,17,25,24,21,22,12,4,1,0,0,3,12,21,40,57,62,46,42,25,25,43,56,48,
2026-09-05,ZURICH,WIND,Output,23,18,27,24,22,23,11,3,1,0,0,4,14,23,43,59,62,48,42,24,27,46,58,50,
2026-09-06,ABKENORA,HYDRO,Capability,11,11,11,11,11,11,11,11,11,11,11,11,11,11,11,11,11,11,11,11,11,11,11,11,
2026-09-06,ABKENORA,HYDRO,Output,7,7,7,7,7,7,7,7,7,7,7,7,7,7,7,7,7,7,7,7,6,7,7,7,
2026-09-06,ADELAIDE,WIND,Available Capacity,60,60,60,60,60,60,60,60,60,60,60,60,60,60,60,60,60,60,60,60,60,60,60,60,
2026-09-06,ADELAIDE,WIND,Forecast,20,16,11,4,5,9,10,8,1,1,1,0,2,2,9,12,14,16,12,15,9,1,0,0,
2026-09-06,ADELAIDE,WIND,Output,21,18,11,4,5,10,11,8,1,2,1,1,3,3,11,14,15,17,13,16,9,1,0,0,
2026-09-06,AGUASABON,HYDRO,Capability,49,49,49,49,49,49,49,49,49,49,49,49,49,49,49,49,49,49,49,49,49,49,49,49,
2026-09-06,AGUASABON,HYDRO,Output,0,0,0,0,0,0,0,0,0,0,0,0,0,0,0,0,0,34,35,34,1,0,0,0,
2026-09-06,ALEXANDER,HYDRO,Capability,53,53,53,53,53,53,53,53,53,53,53,53,53,53,53,53,53,53,53,53,53,53,53,53,
2026-09-06,ALEXANDER,HYDRO,Output,50,50,50,50,50,50,50,50,50,50,50,50,50,50,50,50,50,50,49,50,50,50,50,50,
2026-09-06,AMARANTH,WIND,Available Capacity,183,183,183,183,183,183,183,183,183,183,183,183,183,183,183,183,183,183,183,183,183,183,183,183,
2026-09-06,AMARANTH,WIND,Forecast,32,28,15,9,11,9,5,4,3,8,11,12,9,7,6,4,0,0,0,2,8,10,3,0,
2026-09-06,AMARANTH,WIND,Output,38,29,16,10,13,10,6,4,4,10,12,14,10,8,7,4,0,0,1,4,10,10,2,0,
2026-09-06,AMHERST ISLAND,WIND,Available Capacity,74,74,74,74,74,74,74,74,74,74,74,74,74,74,74,74,74,74,74,74,74,74,74,74,
2026-09-06,AMHERST ISLAND,WIND,Forecast,0,3,6,19,22,11,13,13,17,22,25,18,11,6,2,1,0,0,0,0,0,8,8,10,
2026-09-06,AMHERST ISLAND,WIND,Output,0,4,8,21,22,10,14,13,18,23,25,18,11,6,3,1,0,0,0,0,1,9,9,10,
2026-09-06,APIROQUOIS,HYDRO,Capability,107,107,107,107,107,107,107,107,107,107,107,107,107,107,107,107,107,107,107,107,107,107,107,107,
2026-09-06,APIROQUOIS,HYDRO,Output,50,50,50,50,50,50,49,48,48,48,48,48,47,48,47,47,47,47,47,47,47,47,48,47,
2026-09-06,ARLEN BESS,OTHER,Capability,27,27,27,27,27,27,27,27,27,27,27,27,27,27,27,27,27,27,27,27,27,27,27,27,
2026-09-06,ARLEN BESS,OTHER,Output,0,0,0,0,0,0,0,0,0,0,0,0,0,0,0,0,0,0,0,0,0,0,0,0,
2026-09-06,ARMOW,WIND,Available Capacity,180,180,180,180,180,180,180,180,180,180,180,180,180,180,180,180,180,180,180,180,180,180,180,180,
2026-09-06,ARMOW,WIND,Forecast,55,35,17,21,16,14,19,20,5,4,11,16,23,39,48,58,38,33,27,22,11,19,24,23,
2026-09-06,ARMOW,WIND,Output,55,32,17,22,16,14,20,20,4,5,11,17,26,41,50,57,37,33,26,21,12,20,24,24,
2026-09-06,ARNPRIOR,HYDRO,Capability,41,41,41,41,41,41,41,41,41,41,41,41,41,41,41,41,41,41,41,41,41,41,41,41,
2026-09-06,ARNPRIOR,HYDRO,Output,0,0,0,0,0,0,0,0,0,0,0,0,0,35,38,1,37,38,38,1,0,0,0,0,
2026-09-06,ATIKOKAN-G1,BIOFUEL,Capability,135,135,135,135,135,135,135,135,135,135,135,135,135,135,135,135,135,135,135,135,135,135,135,135,
2026-09-06,ATIKOKAN-G1,BIOFUEL,Output,0,0,0,0,0,0,0,0,0,0,0,0,0,0,0,0,0,0,0,0,0,0,0,0,
2026-09-06,AUBREYFALLS,HYDRO,Capability,132,132,132,132,132,132,132,132,132,132,132,132,132,132,132,132,132,132,132,132,132,132,132,132,
2026-09-06,AUBREYFALLS,HYDRO,Output,0,0,0,0,0,0,0,0,0,0,0,0,0,0,0,0,64,65,66,1,0,0,0,0,
2026-09-06,BARRETT,HYDRO,Capability,176,176,176,176,176,176,176,176,176,176,176,176,176,176,176,176,176,176,176,176,176,176,176,176,
2026-09-06,BARRETT,HYDRO,Output,0,0,0,0,0,0,0,0,0,0,0,0,0,0,56,60,60,60,60,60,2,0,0,0,
2026-09-06,BECK1,HYDRO,Capability,511,511,511,511,511,511,511,511,511,511,511,511,511,511,511,511,511,511,511,511,511,511,511,511,
2026-09-06,BECK1,HYDRO,Output,465,466,429,411,277,156,150,150,140,160,191,208,220,159,205,211,223,372,405,405,358,470,477,447,
2026-09-06,BECK2,HYDRO,Capability,1402,1402,1402,1402,1402,1402,1402,1402,1402,1402,1402,1402,1402,1402,1402,1402,1402,1402,1402,1402,1402,1402,1402,1402,
2026-09-06,BECK2,HYDRO,Output,1030,1137,1213,1199,1027,956,1002,976,1111,967,1024,1058,1021,1048,1109,1115,1260,1214,1075,1171,1101,985,1033,995,
2026-09-06,BECK2 PGS,HYDRO,Capability,58,58,58,58,58,58,58,58,58,58,58,58,58,116,116,116,116,116,116,116,116,116,116,116,
2026-09-06,BECK2 PGS,HYDRO,Output,0,0,6,12,11,7,8,8,8,8,8,8,8,8,8,8,8,38,11,17,11,0,0,0,
2026-09-06,BELLE RIVER,WIND,Available Capacity,100,100,100,100,100,100,100,100,100,100,100,100,100,100,100,100,100,100,100,100,100,100,100,100,
2026-09-06,BELLE RIVER,WIND,Forecast,19,20,13,9,9,14,16,16,14,4,9,20,27,22,16,15,18,10,14,24,31,35,25,12,
2026-09-06,BELLE RIVER,WIND,Output,20,19,12,9,9,15,16,17,13,4,10,22,28,23,17,16,19,10,16,26,32,36,25,11,
2026-09-06,BLAKE,WIND,Available Capacity,60,60,60,60,60,60,60,60,60,60,60,60,60,60,60,60,60,60,60,60,60,60,60,60,
2026-09-06,BLAKE,WIND,Forecast,33,31,30,21,24,19,22,18,7,3,6,3,2,7,6,7,9,5,8,21,27,33,30,29,
2026-09-06,BLAKE,WIND,Output,34,33,29,22,25,19,24,18,7,4,6,3,3,8,7,8,9,5,9,24,29,35,32,28,
2026-09-06,BORNISH,WIND,Available Capacity,73,73,73,73,73,73,73,73,73,73,73,73,73,73,73,73,73,73,73,73,73,73,73,73,
2026-09-06,BORNISH,WIND,Forecast,16,12,3,0,2,6,12,8,1,1,1,1,2,7,18,19,24,19,12,15,12,10,3,0,
2026-09-06,BORNISH,WIND,Output,16,11,2,1,2,7,13,8,1,1,2,1,3,9,19,20,26,18,13,16,13,9,3,0,
2026-09-06,BOW LAKE,WIND,Available Capacity,20,20,20,20,20,20,20,20,20,20,20,20,20,20,20,20,20,20,20,20,20,20,20,20,
2026-09-06,BOW LAKE,WIND,Forecast,3,2,1,0,0,0,0,0,0,0,0,0,0,0,0,0,0,0,0,0,1,0,0,0,
2026-09-06,BOW LAKE,WIND,Output,4,3,1,0,0,0,0,0,0,0,0,0,0,0,0,1,1,1,0,1,2,0,0,0,
2026-09-06,BOW LAKE 2,WIND,Available Capacity,40,40,40,40,40,40,40,40,40,40,40,40,40,40,40,40,40,40,40,40,40,40,40,40,
2026-09-06,BOW LAKE 2,WIND,Forecast,7,5,2,0,0,0,0,0,0,0,0,0,0,0,0,1,1,1,0,1,4,1,0,0,
2026-09-06,BOW LAKE 2,WIND,Output,7,5,2,0,0,0,0,0,0,0,0,0,0,0,0,2,2,2,1,2,4,1,0,0,
2026-09-06,BRIGHTON BEACH,GAS,Capability,642,642,642,642,642,642,642,642,642,642,642,642,642,642,642,642,642,642,642,642,642,642,642,642,
2026-09-06,BRIGHTON BEACH,GAS,Output,0,0,0,0,0,0,0,0,0,63,202,501,572,464,349,380,484,574,579,582,551,382,341,331,
2026-09-06,BRUCEA-G1,NUCLEAR,Capability,828,828,828,828,828,828,828,828,828,828,828,828,828,828,828,828,828,828,828,828,828,828,828,828,
2026-09-06,BRUCEA-G1,NUCLEAR,Output,812,812,812,812,812,812,812,812,812,811,810,807,804,804,806,807,809,811,814,816,816,816,819,821,
2026-09-06,BRUCEA-G2,NUCLEAR,Capability,828,828,828,828,828,828,828,828,828,828,828,828,828,828,828,828,828,828,828,828,828,828,828,828,
2026-09-06,BRUCEA-G2,NUCLEAR,Output,808,810,811,812,812,812,811,811,811,811,810,807,805,804,806,807,809,810,812,812,813,813,813,815,
2026-09-06,BRUCEA-G3,NUCLEAR,Capability,795,795,795,795,795,795,795,795,795,795,795,795,795,795,795,795,795,795,795,795,795,795,795,795,
2026-09-06,BRUCEA-G3,NUCLEAR,Output,798,798,801,804,804,804,804,805,804,804,803,799,796,795,796,798,800,803,805,805,805,805,806,808,
2026-09-06,BRUCEA-G4,NUCLEAR,Capability,0,0,0,0,0,0,0,0,0,0,0,0,0,0,0,0,0,0,0,0,0,0,0,0,
2026-09-06,BRUCEA-G4,NUCLEAR,Output,0,0,0,0,0,0,0,0,0,0,0,0,0,0,0,0,0,0,0,0,0,0,0,0,
2026-09-06,BRUCEB-G5,NUCLEAR,Capability,795,795,795,795,795,795,795,795,795,795,795,795,795,795,795,795,795,795,795,795,795,795,795,795,
2026-09-06,BRUCEB-G5,NUCLEAR,Output,805,804,805,804,804,803,803,803,803,802,802,803,805,804,805,805,806,806,806,806,806,805,806,806,
2026-09-06,BRUCEB-G6,NUCLEAR,Capability,817,817,817,817,817,817,817,817,817,817,817,817,817,817,817,817,817,817,817,817,817,817,817,817,
2026-09-06,BRUCEB-G6,NUCLEAR,Output,813,813,814,813,812,812,812,811,811,810,810,811,813,814,815,816,815,814,815,815,815,817,817,817,
2026-09-06,BRUCEB-G7,NUCLEAR,Capability,817,817,817,817,817,817,817,817,817,817,817,817,817,817,817,817,817,817,817,817,817,817,817,817,
2026-09-06,BRUCEB-G7,NUCLEAR,Output,821,821,821,821,820,820,819,819,819,818,818,819,820,820,821,821,822,823,824,824,824,825,825,825,
2026-09-06,BRUCEB-G8,NUCLEAR,Capability,817,817,817,817,817,817,817,817,817,817,817,817,817,817,817,817,817,817,817,817,817,817,817,817,
2026-09-06,BRUCEB-G8,NUCLEAR,Output,811,812,812,812,812,812,812,813,813,812,812,813,814,814,814,815,814,814,815,815,815,816,816,813,
2026-09-06,CALSTOCKGS,BIOFUEL,Capability,0,0,0,0,0,0,0,0,0,0,0,0,0,0,0,38,38,38,38,38,38,38,38,38,
2026-09-06,CALSTOCKGS,BIOFUEL,Output,0,0,0,0,0,0,0,0,0,0,0,0,0,6,10,18,29,28,28,28,28,28,30,21,
2026-09-06,CAMERONFALLS,HYDRO,Capability,71,71,71,71,71,71,71,71,71,71,71,71,71,71,71,71,71,71,71,71,71,71,71,71,
2026-09-06,CAMERONFALLS,HYDRO,Output,51,51,51,51,51,51,51,51,51,51,51,51,51,51,51,51,51,50,50,51,50,51,51,50,
2026-09-06,CANYON,HYDRO,Capability,348,348,348,348,348,348,348,348,348,348,348,348,348,348,348,348,348,348,348,348,348,348,348,348,
2026-09-06,CANYON,HYDRO,Output,58,1,0,0,0,59,62,62,107,112,112,112,167,173,232,272,287,285,286,224,222,164,121,59,
2026-09-06,CARDINAL,GAS,Capability,184,184,184,184,184,184,184,146,146,146,146,146,146,146,146,146,146,146,146,146,146,146,184,184,
2026-09-06,CARDINAL,GAS,Output,0,0,0,0,0,0,0,0,0,0,0,0,0,0,0,0,0,0,0,0,0,0,0,0,
2026-09-06,CARIBOUFALLS,HYDRO,Capability,94,94,94,94,94,94,94,94,94,94,94,94,94,94,94,94,94,94,94,94,94,94,94,94,
2026-09-06,CARIBOUFALLS,HYDRO,Output,28,28,28,28,28,28,28,28,28,28,28,28,28,28,28,28,28,28,28,28,14,28,28,28,
2026-09-06,CARMICHAEL,HYDRO,Capability,19,19,19,19,19,19,19,19,19,19,19,19,19,19,19,19,19,19,19,19,19,19,19,19,
2026-09-06,CARMICHAEL,HYDRO,Output,9,9,9,9,9,9,9,9,8,8,8,8,8,8,8,8,8,8,8,8,7,7,8,7,
2026-09-06,CEDAR POINT 2,WIND,Available Capacity,100,100,100,100,100,100,100,100,100,100,100,100,100,100,100,100,100,100,100,100,100,100,100,100,
2026-09-06,CEDAR POINT 2,WIND,Forecast,17,15,15,8,11,9,9,7,5,1,3,5,9,14,24,32,29,21,20,32,43,35,19,7,
2026-09-06,CEDAR POINT 2,WIND,Output,16,16,14,8,11,9,9,7,5,2,4,6,10,16,26,33,28,21,21,35,44,34,19,6,
2026-09-06,CHATSFALLS,HYDRO,Capability,144,144,144,144,144,144,144,144,144,144,144,144,144,144,144,144,144,144,144,144,144,144,144,144,
2026-09-06,CHATSFALLS,HYDRO,Output,74,74,74,74,74,74,74,74,74,97,120,142,135,136,135,136,136,136,136,114,114,70,69,69,
2026-09-06,CHENAUX,HYDRO,Capability,158,158,158,158,158,158,158,158,158,158,158,158,158,158,158,158,158,158,158,158,158,158,158,158,
2026-09-06,CHENAUX,HYDRO,Output,50,34,34,34,49,50,51,67,67,68,67,67,67,65,78,94,94,93,92,77,62,47,47,47,
2026-09-06,CLERGUE,HYDRO,Capability,33,33,33,33,33,33,33,33,33,33,33,33,33,33,33,33,33,33,33,33,33,33,33,33,
2026-09-06,CLERGUE,HYDRO,Output,34,35,35,34,34,34,34,34,34,35,34,34,34,34,33,34,34,33,33,34,34,34,33,34,
2026-09-06,COCHRANECGS,GAS,Capability,29,29,29,29,29,29,29,29,29,29,29,29,29,29,29,29,29,29,29,29,29,29,29,29,
2026-09-06,COCHRANECGS,GAS,Output,0,0,0,0,0,0,0,0,0,0,0,0,0,0,0,0,0,0,0,0,0,0,0,0,
2026-09-06,COMBER,WIND,Available Capacity,166,166,166,166,166,166,166,166,166,166,166,166,166,166,166,166,166,166,166,166,166,166,166,166,
2026-09-06,COMBER,WIND,Forecast,12,13,2,1,0,1,6,11,9,2,8,18,26,23,16,10,6,1,0,11,18,21,18,6,
2026-09-06,COMBER,WIND,Output,13,11,1,0,0,1,6,12,8,2,11,20,26,23,16,9,6,1,0,13,20,22,18,5,
2026-09-06,CRYSLER,WIND,Available Capacity,100,100,100,100,100,100,100,100,100,100,100,100,100,100,100,100,100,100,100,100,100,100,100,100,
2026-09-06,CRYSLER,WIND,Forecast,34,28,5,1,4,4,12,8,3,5,3,4,3,3,5,12,12,8,7,21,41,52,69,75,
2026-09-06,CRYSLER,WIND,Output,34,27,5,1,4,5,12,8,3,5,3,4,3,3,5,13,12,9,6,25,43,54,73,77,
2026-09-06,DA WATSON,HYDRO,Capability,12,12,12,12,12,12,12,12,12,12,12,12,12,12,12,12,12,12,12,12,12,12,12,12,
2026-09-06,DA WATSON,HYDRO,Output,11,11,11,11,11,11,11,11,11,12,11,11,11,11,11,11,11,11,11,11,11,11,11,11,
2026-09-06,DARLINGTON-G1,NUCLEAR,Capability,822,822,822,822,822,822,822,822,822,822,822,822,822,822,822,822,822,822,822,822,822,822,822,822,
2026-09-06,DARLINGTON-G1,NUCLEAR,Output,827,827,827,827,827,826,825,825,824,823,823,823,824,824,822,822,821,820,820,820,820,820,821,822,
2026-09-06,DARLINGTON-G2,NUCLEAR,Capability,0,0,0,0,0,0,0,0,0,0,0,0,0,0,0,0,0,0,0,0,0,0,0,0,
2026-09-06,DARLINGTON-G2,NUCLEAR,Output,0,0,0,0,0,0,0,0,0,0,0,0,0,0,0,0,0,0,0,0,0,0,0,0,
2026-09-06,DARLINGTON-G3,NUCLEAR,Capability,0,0,0,0,0,0,0,0,0,0,0,0,0,0,0,0,0,0,0,0,0,0,0,0,
2026-09-06,DARLINGTON-G3,NUCLEAR,Output,0,0,0,0,0,0,0,0,0,0,0,0,0,0,0,0,0,0,0,0,0,0,0,0,
2026-09-06,DARLINGTON-G4,NUCLEAR,Capability,0,0,0,0,0,0,0,0,0,0,0,0,0,0,0,0,0,0,0,0,0,0,0,0,
2026-09-06,DARLINGTON-G4,NUCLEAR,Output,0,0,0,0,0,0,0,0,0,0,0,0,0,0,0,0,0,0,0,0,0,0,0,0,
2026-09-06,DECEWFALLS,HYDRO,Capability,148,148,148,148,148,148,148,148,148,148,148,148,148,148,148,148,148,148,148,148,74,60,60,60,
2026-09-06,DECEWFALLS,HYDRO,Output,137,137,137,137,137,137,137,137,137,137,137,136,136,136,136,136,136,136,136,136,83,60,60,60,
2026-09-06,DECEWND1,HYDRO,Capability,29,29,29,29,29,29,29,29,29,29,29,29,29,29,29,29,29,29,29,29,29,8,8,8,
2026-09-06,DECEWND1,HYDRO,Output,19,19,19,19,19,19,19,19,19,19,19,19,19,19,19,19,19,19,19,19,19,9,5,14,
2026-09-06,DESJOACHIMS,HYDRO,Capability,429,429,429,429,429,429,429,429,429,429,429,429,429,429,429,429,429,429,429,429,429,429,429,429,
2026-09-06,DESJOACHIMS,HYDRO,Output,3,0,0,0,0,0,0,0,99,152,225,235,278,283,331,376,394,390,374,338,256,205,154,103,
2026-09-06,DESTEC,GAS,Capability,120,120,120,120,120,120,120,120,120,120,120,120,120,120,120,120,120,120,120,120,120,120,120,120,
2026-09-06,DESTEC,GAS,Output,0,0,0,0,0,0,0,0,0,0,0,0,0,0,0,0,0,0,0,0,0,0,0,0,
2026-09-06,DILLON,WIND,Available Capacity,78,78,78,78,78,78,78,78,78,78,78,78,78,78,78,78,78,78,78,78,78,78,78,78,
2026-09-06,DILLON,WIND,Forecast,8,8,4,2,3,5,6,4,0,0,2,3,4,5,4,2,2,0,0,0,0,1,4,0,
2026-09-06,DILLON,WIND,Output,10,8,4,2,4,5,6,4,1,0,3,3,5,5,5,3,2,0,0,0,0,2,4,0,
2026-09-06,DOWCHEMICAL,GAS,Capability,36,36,36,36,36,36,36,36,36,36,36,36,36,36,36,36,36,36,36,36,36,36,36,36,
2026-09-06,DOWCHEMICAL,GAS,Output,20,20,21,20,20,20,19,19,18,18,19,17,15,18,18,18,18,18,17,17,18,19,19,19,
2026-09-06,DPNTMTLND,GAS,Capability,52,52,52,52,52,52,52,52,52,52,52,52,52,52,52,52,52,52,52,52,52,52,52,52,
2026-09-06,DPNTMTLND,GAS,Output,0,0,0,0,0,0,0,0,0,0,0,0,0,0,0,0,0,0,0,0,0,0,0,0,
2026-09-06,EARFALLS,HYDRO,Capability,18,18,18,18,18,18,18,18,18,18,18,18,18,18,18,18,18,18,18,18,18,18,18,18,
2026-09-06,EARFALLS,HYDRO,Output,16,16,16,16,16,16,16,16,16,16,16,16,16,16,16,16,16,16,16,16,16,16,16,16,
2026-09-06,EAST LAKE,WIND,Available Capacity,99,99,99,99,99,99,99,99,99,99,99,99,99,99,99,99,99,99,99,99,99,99,99,99,
2026-09-06,EAST LAKE,WIND,Forecast,23,21,20,28,27,24,23,15,3,4,13,15,14,11,12,15,14,20,17,12,11,7,4,0,
2026-09-06,EAST LAKE,WIND,Output,23,21,21,30,28,25,24,14,3,5,15,15,15,12,13,16,15,22,17,12,11,7,3,0,
2026-09-06,EAST WINDSOR-G1,GAS,Capability,46,46,46,46,46,46,46,46,46,46,46,46,46,46,46,46,46,46,46,46,46,46,46,46,
2026-09-06,EAST WINDSOR-G1,GAS,Output, , , , , , , , , , , , , , , , , , , , , ,0,0,0,
2026-09-06,EAST WINDSOR-G2,GAS,Capability,46,46,46,46,46,46,46,46,46,46,46,46,46,46,46,46,46,46,46,46,46,46,46,46,
2026-09-06,EAST WINDSOR-G2,GAS,Output, , , , , , , , , , , , , , , , , , , , , ,0,0,0,
2026-09-06,EAST WINDSOR-G3,GAS,Capability,107,107,107,107,107,107,107,107,107,107,107,107,107,107,107,107,107,107,107,107,107,107,107,107,
2026-09-06,EAST WINDSOR-G3,GAS,Output,1,1,1,1,1,1,1,1,1,1,1,1,1,1,1,1,1,1,1,1,1,1,1,1,
2026-09-06,ERIEAU,WIND,Available Capacity,99,99,99,99,99,99,99,99,99,99,99,99,99,99,99,99,99,99,99,99,99,99,99,99,
2026-09-06,ERIEAU,WIND,Forecast,15,13,13,10,11,12,9,5,1,1,5,7,11,11,10,5,3,2,1,0,0,2,2,0,
2026-09-06,ERIEAU,WIND,Output,15,12,15,10,11,13,9,5,1,1,6,7,11,11,10,6,3,2,1,0,1,3,2,0,
2026-09-06,FORTFRANCSWC,HYDRO,Capability,2,2,2,2,2,2,2,2,2,2,2,2,2,2,2,2,2,2,2,2,2,2,2,2,
2026-09-06,FORTFRANCSWC,HYDRO,Output,4,4,4,4,4,4,4,4,4,4,4,4,4,4,4,4,4,4,4,4,4,4,4,4,
2026-09-06,GARTSHORE,HYDRO,Capability,69,69,69,69,69,69,69,69,69,69,69,69,69,69,69,69,69,69,69,69,69,69,69,69,
2026-09-06,GARTSHORE,HYDRO,Output,0,0,0,0,0,0,0,0,0,0,0,0,0,0,0,0,0,0,0,0,0,0,0,0,
2026-09-06,GOREWAY BESS,OTHER,Capability,55,55,55,55,55,55,55,55,55,55,55,55,55,55,55,55,55,55,55,55,55,55,55,55,
2026-09-06,GOREWAY BESS,OTHER,Output,0,0,0,0,0,0,0,0,0,0,0,0,0,0,0,0,0,0,0,0,0,0,0,0,
2026-09-06,GOSFIELDWGS,WIND,Available Capacity,25,25,25,25,25,25,25,25,25,51,51,51,51,51,51,51,51,51,51,51,51,51,51,51,
2026-09-06,GOSFIELDWGS,WIND,Forecast,1,1,0,0,0,0,0,1,0,0,1,3,3,2,2,0,0,0,0,0,1,1,2,0,
2026-09-06,GOSFIELDWGS,WIND,Output,2,2,1,0,0,1,2,2,1,1,2,3,3,3,2,1,0,0,0,0,1,2,2,0,
2026-09-06,GOSHEN,WIND,Available Capacity,102,102,102,102,102,102,102,102,102,102,102,102,102,102,102,102,102,102,102,102,102,102,102,102,
2026-09-06,GOSHEN,WIND,Forecast,41,34,27,23,24,26,26,24,8,4,6,4,5,19,24,21,29,18,18,31,47,55,48,29,
2026-09-06,GOSHEN,WIND,Output,42,34,28,23,26,26,28,23,7,4,6,5,6,21,24,23,29,16,20,35,49,57,46,29,
2026-09-06,GOULAIS,WIND,Available Capacity,25,25,25,25,25,25,25,25,25,25,25,25,25,25,25,25,25,25,25,25,25,25,25,25,
2026-09-06,GOULAIS,WIND,Forecast,7,3,1,0,0,0,0,0,0,0,0,0,0,0,0,1,1,0,0,0,0,0,0,0,
2026-09-06,GOULAIS,WIND,Output,7,3,1,0,0,0,0,0,0,0,0,0,0,0,0,2,2,1,0,0,0,0,0,0,
2026-09-06,GRAND VALLEY 3,WIND,Available Capacity,40,40,40,40,40,40,40,40,40,40,40,40,40,40,40,40,40,40,40,40,40,40,40,40,
2026-09-06,GRAND VALLEY 3,WIND,Forecast,16,11,7,3,0,0,2,5,1,2,4,5,3,2,2,3,1,0,0,2,1,0,0,0,
2026-09-06,GRAND VALLEY 3,WIND,Output,16,11,8,3,0,1,3,5,1,3,5,6,3,2,2,3,1,1,1,3,1,0,0,0,
2026-09-06,GRANDSF,SOLAR,Available Capacity,100,100,100,100,100,100,100,100,100,100,100,100,100,100,100,100,100,100,100,100,100,100,100,100,
2026-09-06,GRANDSF,SOLAR,Forecast,0,0,0,0,0,0,2,24,48,64,76,73,82,86,84,68,42,15,1,0,0,0,0,0,
2026-09-06,GRANDSF,SOLAR,Output,0,0,0,0,0,0,3,25,49,64,76,71,85,92,85,68,43,16,1,0,0,0,0,0,
2026-09-06,GRANDWF,WIND,Available Capacity,149,149,149,149,149,149,149,149,149,149,149,149,149,149,149,149,149,149,149,149,149,149,149,149,
2026-09-06,GRANDWF,WIND,Forecast,4,1,1,2,2,25,43,25,16,23,24,30,35,35,37,33,23,10,8,3,0,0,0,0,
2026-09-06,GRANDWF,WIND,Output,4,1,2,2,3,30,42,24,16,25,25,32,36,36,39,33,23,9,8,2,0,0,0,0,
2026-09-06,GREENFIELD ENERGY CENTRE-G1,GAS,Capability,176,182,182,182,182,182,182,182,182,182,182,182,182,182,182,182,182,182,182,182,182,182,182,182,
2026-09-06,GREENFIELD ENERGY CENTRE-G1,GAS,Output,180,180,178,180,180,180,166,147,155,176,175,174,173,173,173,173,174,174,176,178,178,178,163,150,
2026-09-06,GREENFIELD ENERGY CENTRE-G2,GAS,Capability,176,182,182,182,182,182,182,182,0,0,0,0,0,0,0,0,0,0,0,0,0,0,0,0,
2026-09-06,GREENFIELD ENERGY CENTRE-G2,GAS,Output,180,179,178,180,179,178,165,147,56,0,0,0,0,0,0,0,0,0,0,0,0,0,0,0,
2026-09-06,GREENFIELD ENERGY CENTRE-G3,GAS,Capability,176,182,182,182,182,182,182,182,182,182,182,182,182,182,182,182,182,182,182,182,182,182,182,182,
2026-09-06,GREENFIELD ENERGY CENTRE-G3,GAS,Output,181,180,179,181,180,179,166,146,155,176,175,174,174,173,174,173,173,175,177,180,179,178,163,151,
2026-09-06,GREENFIELD ENERGY CENTRE-G4,GAS,Capability,493,497,497,497,497,497,497,497,336,336,336,336,336,336,336,336,336,336,336,336,336,336,336,336,
2026-09-06,GREENFIELD ENERGY CENTRE-G4,GAS,Output,336,353,351,356,358,358,304,266,224,242,248,255,289,266,251,254,242,314,318,318,268,230,207,197,
2026-09-06,GREENFIELD SOUTH-G1,GAS,Capability,175,175,175,175,175,175,175,175,175,175,175,175,175,175,175,175,175,175,175,175,175,175,175,175,
2026-09-06,GREENFIELD SOUTH-G1,GAS,Output,109,109,110,110,109,109,109,109,109,110,110,121,145,110,109,109,111,173,174,169,125,109,110,109,
2026-09-06,GREENFIELD SOUTH-G2,GAS,Capability,120,120,120,120,120,120,120,120,120,120,120,120,120,120,120,120,120,120,120,120,120,120,120,120,
2026-09-06,GREENFIELD SOUTH-G2,GAS,Output,73,73,73,73,73,71,71,71,71,71,71,76,89,73,73,71,71,91,92,92,78,73,73,71,
2026-09-06,GREENWICH,WIND,Available Capacity,99,99,99,99,99,99,99,99,99,99,99,99,99,99,99,99,99,99,99,99,99,99,99,99,
2026-09-06,GREENWICH,WIND,Forecast,4,3,4,11,10,3,0,1,3,0,0,0,2,7,13,10,9,10,7,8,17,22,22,35,
2026-09-06,GREENWICH,WIND,Output,4,4,5,13,10,3,0,2,2,0,0,0,3,9,13,11,9,10,6,10,18,23,25,37,
2026-09-06,GTAA-G1,GAS,Capability,36,36,36,36,36,36,36,36,36,36,36,36,36,36,36,36,36,36,36,36,36,36,36,36,
2026-09-06,GTAA-G1,GAS,Output,0,0,0,0,0,0,0,0,0,0,0,0,0,0,0,0,0,0,0,0,0,0,0,0,
2026-09-06,GTAA-G2,GAS,Capability,0,0,0,0,0,0,0,0,0,0,0,0,0,0,0,0,0,0,0,0,0,0,0,0,
2026-09-06,GTAA-G2,GAS,Output,0,0,0,0,0,0,0,0,0,0,0,0,0,0,0,0,0,0,0,0,0,0,0,0,
2026-09-06,GTAA-G3,GAS,Capability,0,0,0,0,0,0,0,0,0,0,0,0,0,0,0,0,0,0,0,0,0,0,0,0,
2026-09-06,GTAA-G3,GAS,Output,0,0,0,0,0,0,0,0,0,0,0,0,0,0,0,0,0,0,0,0,0,0,0,0,
2026-09-06,HAGERSVILLE BESS,OTHER,Capability,327,327,327,327,327,327,327,327,327,327,327,327,327,327,327,327,327,327,327,327,327,327,327,327,
2026-09-06,HAGERSVILLE BESS,OTHER,Output,0,0,0,0,0,0,0,0,0,0,0,8,40,0,0,0,11,297,264,144,10,0,0,0,
2026-09-06,HALTONHILLS-LT.G1,GAS,Capability,230,230,230,230,230,230,230,230,230,230,230,230,230,230,230,230,230,230,230,230,230,230,230,230,
2026-09-06,HALTONHILLS-LT.G1,GAS,Output,188,161,151,192,193,194,148,148,145,159,196,203,204,202,180,192,192,194,194,195,195,178,163,144,
2026-09-06,HALTONHILLS-LT.G2,GAS,Capability,230,230,230,230,230,230,230,230,230,230,230,230,230,230,230,230,230,230,230,230,230,230,230,230,
2026-09-06,HALTONHILLS-LT.G2,GAS,Output,197,161,151,202,192,194,148,148,145,159,195,200,200,199,179,190,196,201,203,205,207,184,168,145,
2026-09-06,HALTONHILLS-LT.G3,GAS,Capability,299,299,299,299,299,299,299,299,299,299,299,299,299,299,299,299,299,299,299,299,299,299,299,299,
2026-09-06,HALTONHILLS-LT.G3,GAS,Output,182,167,161,186,184,189,160,158,155,164,212,236,236,235,197,214,237,244,244,245,246,227,171,157,
2026-09-06,HARMON,HYDRO,Capability,156,156,156,156,156,156,156,156,156,156,156,156,156,156,156,156,156,156,156,156,156,78,0,156,
2026-09-06,HARMON,HYDRO,Output,0,0,0,0,0,0,0,71,73,73,73,73,73,73,73,73,73,73,73,73,73,4,0,0,
2026-09-06,HARMON 2,HYDRO,Capability,78,78,78,78,78,78,78,78,78,78,78,78,78,78,78,78,78,78,78,78,78,0,0,78,
2026-09-06,HARMON 2,HYDRO,Output,0,0,0,0,0,0,0,0,0,71,71,71,71,71,71,71,72,74,74,74,74,74,6,0,
2026-09-06,HARRIS,HYDRO,Capability,12,12,12,12,12,12,12,12,12,12,12,12,12,12,12,12,12,12,12,12,12,12,12,12,
2026-09-06,HARRIS,HYDRO,Output,2,2,2,2,2,2,3,2,2,2,2,2,2,2,2,2,2,2,2,2,2,2,2,3,
2026-09-06,HENVEY NORTH,WIND,Available Capacity,117,117,117,117,117,117,117,117,117,117,117,117,117,117,117,117,117,117,117,117,117,117,117,117,
2026-09-06,HENVEY NORTH,WIND,Forecast,74,61,35,14,14,17,22,15,2,1,7,9,13,21,15,9,6,1,1,1,0,0,0,0,
2026-09-06,HENVEY NORTH,WIND,Output,82,59,34,14,16,17,24,13,1,1,8,10,14,23,14,9,5,1,1,1,0,0,0,0,
2026-09-06,HENVEY SOUTH,WIND,Available Capacity,183,183,183,183,183,183,183,183,183,183,183,183,183,183,183,183,183,183,183,183,183,183,183,183,
2026-09-06,HENVEY SOUTH,WIND,Forecast,87,75,50,22,19,20,28,26,4,3,10,14,18,36,25,16,11,3,0,0,0,0,0,0,
2026-09-06,HENVEY SOUTH,WIND,Output,95,72,48,20,20,19,30,23,2,2,10,14,20,38,24,16,10,3,0,0,0,0,1,0,
2026-09-06,HOLDEN,HYDRO,Capability,199,199,199,199,199,199,199,199,199,199,199,199,199,199,199,199,199,199,199,199,199,199,199,199,
2026-09-06,HOLDEN,HYDRO,Output,28,28,28,28,57,59,59,59,84,87,87,112,139,144,145,173,174,173,172,172,143,113,86,86,
2026-09-06,HOLINGSWTH,HYDRO,Capability,21,21,21,21,21,21,21,21,21,21,21,21,21,21,21,21,21,21,21,21,21,21,21,21,
2026-09-06,HOLINGSWTH,HYDRO,Output,0,0,0,0,0,0,15,16,16,1,0,0,0,0,0,0,15,16,17,16,0,0,0,0,
2026-09-06,HYDROGEN READY POWER PLANT (HRPP),GAS,Capability,206,206,206,206,206,206,206,206,206,206,206,206,206,206,206,206,206,206,206,206,206,206,206,206,
2026-09-06,HYDROGEN READY POWER PLANT (HRPP),GAS,Output,0,0,0,0,0,0,0,0,0,0,0,0,0,0,0,0,0,0,0,0,0,0,0,0,
2026-09-06,JERICHO,WIND,Available Capacity,149,149,149,149,149,149,149,149,149,149,149,149,149,149,149,149,149,149,149,149,149,149,149,149,
2026-09-06,JERICHO,WIND,Forecast,21,7,9,5,12,10,21,11,3,2,3,3,10,21,40,47,46,33,31,46,54,43,18,0,
2026-09-06,JERICHO,WIND,Output,20,6,10,6,13,11,22,10,3,3,3,4,11,24,43,48,46,33,33,49,55,42,16,0,
2026-09-06,K2WIND,WIND,Available Capacity,270,270,270,270,270,270,270,270,270,270,270,270,270,270,270,270,270,270,270,270,270,270,270,270,
2026-09-06,K2WIND,WIND,Forecast,91,83,76,59,47,41,45,53,16,15,28,29,37,54,55,74,83,82,77,74,62,64,88,86,
2026-09-06,K2WIND,WIND,Output,91,85,77,58,46,44,44,54,14,15,30,29,40,58,56,78,86,85,78,77,60,70,90,93,
2026-09-06,KAKABEKA,HYDRO,Capability,0,0,0,0,0,0,0,0,0,0,0,0,0,0,0,0,0,0,0,0,0,0,0,0,
2026-09-06,KAKABEKA,HYDRO,Output,0,0,0,0,0,0,0,0,0,0,0,0,0,0,0,0,0,0,0,0,0,0,0,0,
2026-09-06,KAPGS,GAS,Capability,29,29,29,29,29,29,29,29,29,29,29,29,29,29,29,29,29,29,29,29,29,29,29,29,
2026-09-06,KAPGS,GAS,Output,0,0,0,0,0,0,0,0,0,0,0,0,0,0,0,0,0,0,0,0,0,0,0,0,
2026-09-06,KINGSBRIDGE,WIND,Available Capacity,40,40,40,40,40,40,40,40,40,40,40,40,40,40,40,40,40,40,40,40,40,40,40,40,
2026-09-06,KINGSBRIDGE,WIND,Forecast,5,5,5,4,3,2,3,2,0,0,1,1,1,5,4,2,2,5,5,4,4,4,4,5,
2026-09-06,KINGSBRIDGE,WIND,Output,5,6,6,5,3,3,3,2,0,0,2,1,2,6,3,3,3,6,5,4,4,5,5,6,
2026-09-06,KINGSTONSF,SOLAR,Available Capacity,100,100,100,100,100,100,100,100,100,100,100,100,100,100,100,100,100,100,100,100,100,100,100,100,
2026-09-06,KINGSTONSF,SOLAR,Forecast,0,0,0,0,0,0,4,22,59,72,78,73,83,73,73,56,37,9,1,0,0,0,0,0,
2026-09-06,KINGSTONSF,SOLAR,Output,0,0,0,0,0,0,4,24,63,74,73,72,87,69,77,60,38,10,1,0,0,0,0,0,
2026-09-06,KIPLING,HYDRO,Capability,152,152,152,152,152,152,152,152,152,152,152,152,152,152,152,152,152,152,152,152,152,76,0,152,
2026-09-06,KIPLING,HYDRO,Output,0,0,0,0,0,0,0,0,0,72,71,70,69,69,69,69,69,69,70,71,71,3,0,0,
2026-09-06,KIPLING 2,HYDRO,Capability,79,79,79,79,79,79,79,79,79,79,79,79,79,79,79,79,79,79,79,79,79,0,0,79,
2026-09-06,KIPLING 2,HYDRO,Output,0,0,0,0,0,0,0,71,73,71,70,70,69,69,69,69,69,69,69,69,69,75,10,0,
2026-09-06,LAKESUPERIOR,GAS,Capability,125,125,125,125,125,125,125,125,125,125,125,125,125,125,125,125,125,125,125,125,125,125,125,125,
2026-09-06,LAKESUPERIOR,GAS,Output,0,0,0,0,0,0,0,0,0,0,0,0,0,0,0,0,0,0,0,0,0,0,0,0,
2026-09-06,LANDON,WIND,Available Capacity,40,40,40,40,40,40,40,40,40,40,40,40,40,40,40,40,40,40,40,40,40,40,40,40,
2026-09-06,LANDON,WIND,Forecast,19,14,9,1,2,6,11,8,1,1,1,1,2,2,4,7,8,10,8,14,8,2,0,1,
2026-09-06,LANDON,WIND,Output,20,14,8,1,2,8,12,8,1,1,1,1,2,2,5,8,9,10,9,15,8,2,0,2,
2026-09-06,LENNOX-G1,GAS,Capability,525,525,525,525,525,525,525,525,525,525,525,525,525,525,525,525,525,525,525,525,525,525,525,525,
2026-09-06,LENNOX-G1,GAS,Output,0,0,0,0,0,0,0,0,0,0,0,0,0,0,0,0,0,0,0,0,0,0,0,0,
2026-09-06,LENNOX-G2,GAS,Capability,525,525,525,525,525,525,525,525,525,525,525,525,525,525,525,525,525,525,525,525,525,525,525,525,
2026-09-06,LENNOX-G2,GAS,Output,0,0,0,0,0,0,0,0,0,0,0,0,0,0,0,0,0,0,0,0,0,0,0,0,
2026-09-06,LENNOX-G3,GAS,Capability,525,525,525,525,525,525,525,525,525,525,525,525,525,525,525,525,525,525,525,525,525,525,525,525,
2026-09-06,LENNOX-G3,GAS,Output,0,0,0,0,0,0,0,0,0,0,0,0,0,0,0,0,0,0,0,0,0,0,0,0,
2026-09-06,LENNOX-G4,GAS,Capability,525,525,525,525,525,525,525,525,525,525,525,525,525,525,525,525,525,525,525,525,525,525,525,525,
2026-09-06,LENNOX-G4,GAS,Output,0,0,0,0,0,0,0,0,0,0,0,0,0,0,0,0,0,0,0,0,0,0,0,0,
2026-09-06,LITTLELONG,HYDRO,Capability,144,144,144,144,144,144,144,144,144,144,144,144,144,144,144,144,144,144,144,144,144,72,0,144,
2026-09-06,LITTLELONG,HYDRO,Output,0,0,0,0,0,0,0,63,64,128,129,129,129,129,129,129,129,129,129,129,129,66,2,0,
2026-09-06,LITTLELONG 2,HYDRO,Capability,0,0,0,0,0,0,0,0,0,0,0,0,0,0,0,0,0,0,0,0,0,0,0,0,
2026-09-06,LITTLELONG 2,HYDRO,Output, , , , , , , , , , , , , , , , , , , , , , , , ,
2026-09-06,LONGSAULTE,HYDRO,Capability,20,20,20,20,20,20,20,20,20,20,20,20,20,20,20,20,20,20,20,20,20,20,20,20,
2026-09-06,LONGSAULTE,HYDRO,Output,9,9,9,9,9,9,9,9,9,9,9,9,9,9,9,9,9,8,8,8,8,8,8,8,
2026-09-06,LOWER WHITE RIVER,HYDRO,Capability,1,1,1,1,1,1,1,1,1,1,1,1,1,1,1,1,1,1,1,1,1,1,1,1,
2026-09-06,LOWER WHITE RIVER,HYDRO,Output,3,3,2,2,2,2,2,2,2,2,2,2,2,2,2,2,2,2,2,2,2,2,2,2,
2026-09-06,LOWERNOTCH,HYDRO,Capability,257,257,257,257,257,257,257,257,257,257,257,257,257,257,257,257,257,257,257,257,257,257,257,257,
2026-09-06,LOWERNOTCH,HYDRO,Output,0,0,0,0,0,0,0,0,0,0,0,0,0,0,0,0,0,106,109,2,0,0,0,0,
2026-09-06,MACKAYGS,HYDRO,Capability,54,54,54,54,54,54,54,54,54,54,54,54,54,54,54,54,54,54,54,54,54,54,54,54,
2026-09-06,MACKAYGS,HYDRO,Output,0,0,0,0,0,0,0,0,0,0,0,0,0,0,0,0,0,0,0,0,0,0,0,0,
2026-09-06,MANITOUFALLS,HYDRO,Capability,0,0,0,0,0,0,0,0,0,0,0,0,0,0,0,0,0,0,0,0,0,0,0,0,
2026-09-06,MANITOUFALLS,HYDRO,Output,0,0,0,0,0,0,0,0,0,0,0,0,0,0,0,0,0,0,0,0,0,0,0,0,
2026-09-06,MCLEANSMTNWF-LT.AG_T1,WIND,Available Capacity,50,50,50,50,50,50,50,50,50,50,50,50,50,50,50,50,50,50,50,50,50,50,50,50,
2026-09-06,MCLEANSMTNWF-LT.AG_T1,WIND,Forecast,8,7,4,4,5,2,0,0,0,0,0,0,0,0,0,0,0,0,2,3,6,6,1,2,
2026-09-06,MCLEANSMTNWF-LT.AG_T1,WIND,Output,9,7,5,5,6,2,0,0,0,0,0,0,0,0,0,0,0,0,2,4,7,6,1,2,
2026-09-06,MISSION,HYDRO,Capability,14,14,14,14,14,14,14,14,14,14,14,14,14,14,14,14,14,14,14,14,14,14,14,14,
2026-09-06,MISSION,HYDRO,Output,2,2,2,2,2,2,2,2,3,3,3,3,3,3,3,3,2,3,3,3,3,2,2,2,
2026-09-06,MTNCHUTE,HYDRO,Capability,0,0,0,0,0,0,0,0,0,0,0,0,0,0,0,0,0,0,0,0,0,0,0,0,
2026-09-06,MTNCHUTE,HYDRO,Output,0,0,0,0,0,0,0,0,0,0,0,0,0,0,0,0,0,0,0,0,0,0,0,0,
2026-09-06,NAGAGAMI,HYDRO,Capability,9,9,9,9,9,9,9,9,9,9,9,9,9,9,9,9,9,9,9,9,9,9,9,9,
2026-09-06,NAGAGAMI,HYDRO,Output,1,1,1,1,0,0,0,0,0,3,0,1,1,1,1,0,0,0,0,0,0,1,1,1,
2026-09-06,NANTICOKE SOLAR,SOLAR,Available Capacity,44,44,44,44,44,44,44,44,44,44,44,44,44,44,44,44,44,44,44,44,44,44,44,44,
2026-09-06,NANTICOKE SOLAR,SOLAR,Forecast,0,0,0,0,0,0,1,12,25,36,38,36,38,34,37,32,21,7,0,0,0,0,0,0,
2026-09-06,NANTICOKE SOLAR,SOLAR,Output,0,0,0,0,0,0,2,13,27,36,40,36,40,34,40,34,22,8,1,0,0,0,0,0,
2026-09-06,NAPANEE BESS,OTHER,Capability,278,278,278,278,278,278,278,278,278,278,278,278,278,278,278,278,278,278,278,278,278,278,278,278,
2026-09-06,NAPANEE BESS,OTHER,Output,0,0,0,0,0,0,0,0,0,0,0,0,0,0,0,0,0,101,105,0,0,0,0,0,
2026-09-06,NAPANEE-G1,GAS,Capability,260,260,260,260,260,260,260,260,260,260,260,260,260,260,260,260,260,260,260,260,260,260,260,260,
2026-09-06,NAPANEE-G1,GAS,Output,246,227,215,244,245,254,252,252,246,255,255,255,254,254,250,253,254,254,254,254,254,254,254,253,
2026-09-06,NAPANEE-G2,GAS,Capability,260,260,260,260,260,260,260,260,260,260,260,260,260,260,260,260,260,260,260,260,260,260,260,260,
2026-09-06,NAPANEE-G2,GAS,Output,246,227,215,243,246,252,252,252,245,253,254,253,252,252,249,252,252,252,252,252,252,253,252,252,
2026-09-06,NAPANEE-G3,GAS,Capability,458,458,458,458,458,458,458,458,458,458,458,458,458,458,458,458,458,458,458,458,458,458,458,458,
2026-09-06,NAPANEE-G3,GAS,Output,245,235,231,245,266,308,278,278,252,251,306,389,389,374,304,319,376,400,401,401,401,342,251,250,
2026-09-06,NIPIGONGS,GAS,Capability,23,23,23,23,23,23,23,23,23,23,23,23,23,23,23,23,23,23,23,23,23,23,23,23,
2026-09-06,NIPIGONGS,GAS,Output, , , , , , , , , , , , , , , , , , , , , , , , ,
2026-09-06,NORTH KENT,WIND,Available Capacity,99,99,99,99,99,99,99,99,99,99,99,99,99,99,99,99,99,99,99,99,99,99,99,99,
2026-09-06,NORTH KENT,WIND,Forecast,34,31,21,23,24,22,19,13,1,1,8,10,11,8,10,13,16,21,17,10,12,9,6,2,
2026-09-06,NORTH KENT,WIND,Output,36,31,21,24,25,23,21,12,1,2,9,11,11,9,11,14,17,22,17,10,13,9,6,2,
2026-09-06,NORTHBAYGS,GAS,Capability,60,60,60,60,60,60,60,60,60,60,60,60,60,60,60,60,60,60,60,60,60,60,60,60,
2026-09-06,NORTHBAYGS,GAS,Output,0,0,0,0,0,0,0,0,0,0,0,0,0,0,0,0,0,0,0,0,0,0,0,0,
2026-09-06,NORTHLAND POWER SOLAR FACILITIES,SOLAR,Available Capacity,40,40,40,40,40,40,40,40,40,40,40,40,40,40,40,40,40,40,40,40,40,40,40,40,
2026-09-06,NORTHLAND POWER SOLAR FACILITIES,SOLAR,Forecast,0,0,0,0,0,0,1,11,22,31,34,34,27,32,34,30,21,8,0,0,0,0,0,0,
2026-09-06,NORTHLAND POWER SOLAR FACILITIES,SOLAR,Output,0,0,0,0,0,0,2,11,25,32,36,33,26,36,35,29,23,10,1,0,0,0,0,0,
2026-09-06,NPIROQFALLS,GAS,Capability,125,125,125,125,125,125,125,125,125,125,125,125,125,125,125,125,125,125,125,125,125,125,125,125,
2026-09-06,NPIROQFALLS,GAS,Output,0,0,0,0,0,0,0,0,0,0,0,0,0,0,0,0,0,0,0,0,0,0,0,0,
2026-09-06,NPKIRKLAND-G1-G5,GAS,Capability,82,82,82,82,82,82,82,82,82,82,82,82,82,82,82,82,82,82,82,82,82,82,82,82,
2026-09-06,NPKIRKLAND-G1-G5,GAS,Output,0,0,0,0,0,0,0,0,0,0,0,0,0,0,0,0,0,0,0,0,0,0,0,0,
2026-09-06,NPKIRKLAND-G6,GAS,Capability,33,33,33,33,33,33,33,33,33,33,33,33,33,33,33,33,33,33,33,33,33,33,33,33,
2026-09-06,NPKIRKLAND-G6,GAS,Output,0,0,0,0,0,0,0,0,0,0,0,0,0,0,0,0,0,0,0,0,0,0,0,0,
2026-09-06,ONEIDA ENERGY STORAGE,OTHER,Capability,250,250,250,250,250,250,250,250,250,250,250,250,250,250,250,250,250,250,250,250,250,250,250,250,
2026-09-06,ONEIDA ENERGY STORAGE,OTHER,Output,0,0,0,0,0,0,0,0,1,0,0,0,0,0,0,0,59,178,181,181,8,0,0,0,
2026-09-06,OTTERRAPIDS,HYDRO,Capability,152,152,152,152,152,152,152,152,152,152,152,152,152,152,152,152,152,152,152,152,152,152,152,152,
2026-09-06,OTTERRAPIDS,HYDRO,Output,42,42,42,42,42,42,42,42,83,88,88,88,87,87,86,81,104,123,124,124,124,124,81,78,
2026-09-06,PAROCHES,WIND,Available Capacity,49,49,49,49,49,49,49,49,49,49,49,49,49,49,49,49,49,49,49,49,49,49,49,49,
2026-09-06,PAROCHES,WIND,Forecast,5,7,7,7,5,5,7,5,5,1,3,7,10,8,6,5,5,3,5,11,12,14,8,5,
2026-09-06,PAROCHES,WIND,Output,6,8,8,7,5,6,8,6,5,1,4,8,11,9,6,6,6,3,7,12,14,14,9,5,
2026-09-06,PETER SUTHERLAND SR,HYDRO,Capability,27,27,27,27,27,27,27,27,27,27,27,27,27,27,27,27,27,27,27,27,27,27,27,27,
2026-09-06,PETER SUTHERLAND SR,HYDRO,Output,28,28,28,28,28,28,28,28,28,28,28,28,28,28,28,28,28,28,28,28,28,28,28,28,
2026-09-06,PICKERINGB-G5,NUCLEAR,Capability,500,500,500,500,500,500,500,500,500,500,500,500,500,500,500,500,500,500,500,500,500,500,500,500,
2026-09-06,PICKERINGB-G5,NUCLEAR,Output,501,501,501,501,501,502,502,502,501,500,499,498,497,497,496,496,496,496,496,495,496,497,497,498,
2026-09-06,PICKERINGB-G6,NUCLEAR,Capability,500,500,500,500,500,500,500,500,500,500,500,500,500,500,500,500,500,500,500,500,500,500,500,500,
2026-09-06,PICKERINGB-G6,NUCLEAR,Output,499,499,500,499,500,500,498,500,500,498,498,498,497,496,494,496,496,495,496,494,495,495,497,497,
2026-09-06,PICKERINGB-G7,NUCLEAR,Capability,510,510,510,510,510,510,510,510,510,510,510,510,510,510,510,510,510,510,510,510,510,510,510,510,
2026-09-06,PICKERINGB-G7,NUCLEAR,Output,510,512,512,513,513,513,513,513,513,512,511,510,510,509,510,509,508,508,507,508,508,509,509,510,
2026-09-06,PICKERINGB-G8,NUCLEAR,Capability,500,500,500,500,500,500,500,500,500,500,500,500,500,500,500,500,500,500,500,500,500,500,500,500,
2026-09-06,PICKERINGB-G8,NUCLEAR,Output,505,505,503,505,506,506,504,506,506,505,504,503,502,500,502,501,501,501,501,499,501,502,502,503,
2026-09-06,PINEPORTAGE,HYDRO,Capability,72,72,72,72,72,72,72,72,72,72,72,72,72,72,72,72,72,72,72,72,72,72,72,72,
2026-09-06,PINEPORTAGE,HYDRO,Output,64,64,64,64,64,64,64,64,64,65,64,65,64,64,64,64,64,64,64,64,64,64,64,64,
2026-09-06,PORT BURWELL,WIND,Available Capacity,99,99,99,99,99,99,99,99,99,99,99,99,99,99,99,99,99,99,99,99,99,99,99,99,
2026-09-06,PORT BURWELL,WIND,Forecast,24,22,21,20,23,23,18,13,6,2,1,0,1,2,2,3,4,5,3,0,11,11,14,15,
2026-09-06,PORT BURWELL,WIND,Output,25,24,23,22,25,24,19,13,6,3,1,1,2,2,3,4,5,6,3,0,12,12,15,16,
2026-09-06,PORTALMA-T1,WIND,Available Capacity,101,101,101,101,101,101,101,101,101,101,101,101,101,101,101,101,101,101,101,101,101,101,101,101,
2026-09-06,PORTALMA-T1,WIND,Forecast,15,8,7,5,10,12,10,6,2,1,3,4,4,11,11,7,4,2,1,0,2,6,9,3,
2026-09-06,PORTALMA-T1,WIND,Output,16,7,8,6,11,12,10,6,2,1,3,4,5,12,11,7,4,2,1,0,3,8,9,3,
2026-09-06,PORTALMA-T3,WIND,Available Capacity,101,101,101,101,101,101,101,101,101,101,101,101,101,101,101,101,101,101,101,101,101,101,101,101,
2026-09-06,PORTALMA-T3,WIND,Forecast,12,9,8,7,12,15,12,7,3,0,4,8,8,8,9,7,4,1,0,1,8,15,11,5,
2026-09-06,PORTALMA-T3,WIND,Output,12,9,9,7,13,15,12,7,3,0,5,9,8,9,9,8,4,1,0,2,10,16,11,4,
2026-09-06,PORTLANDS-G1,GAS,Capability,207,207,207,207,207,207,207,207,207,207,207,0,207,207,207,207,207,207,207,207,207,207,207,207,
2026-09-06,PORTLANDS-G1,GAS,Output,19,0,0,0,0,0,0,0,0,0,11,3,58,182,173,183,182,184,185,185,186,174,144,153,
2026-09-06,PORTLANDS-G2,GAS,Capability,214,214,214,214,214,214,214,214,214,214,214,214,214,214,214,214,214,214,214,214,214,214,214,214,
2026-09-06,PORTLANDS-G2,GAS,Output,35,0,0,0,0,0,0,0,0,0,0,0,13,68,166,182,182,184,184,185,185,173,96,0,
2026-09-06,PORTLANDS-G3,GAS,Capability,225,225,225,225,225,225,225,225,225,225,225,0,225,225,225,225,225,225,225,225,225,225,225,225,
2026-09-06,PORTLANDS-G3,GAS,Output,40,0,0,0,0,0,0,0,0,0,0,0,30,135,186,210,218,226,227,227,227,218,142,82,
2026-09-06,PRINCEFARM,WIND,Available Capacity,189,189,189,189,189,189,189,189,189,189,189,189,189,189,189,189,189,189,189,189,189,189,189,189,
2026-09-06,PRINCEFARM,WIND,Forecast,47,28,14,3,3,4,1,0,0,0,0,0,0,0,0,2,3,0,0,0,0,0,0,0,
2026-09-06,PRINCEFARM,WIND,Output,45,26,12,2,4,5,1,0,0,0,0,0,0,0,0,4,2,0,0,0,0,0,0,0,
2026-09-06,RAILBEDWF-LT.AG_SR,WIND,Available Capacity,270,270,270,270,270,270,270,270,270,270,270,270,270,270,270,270,270,270,270,270,270,270,270,270,
2026-09-06,RAILBEDWF-LT.AG_SR,WIND,Forecast,67,69,64,49,51,54,43,29,6,3,14,20,23,23,20,12,4,3,1,6,9,22,18,3,
2026-09-06,RAILBEDWF-LT.AG_SR,WIND,Output,68,71,64,50,52,55,42,27,5,3,16,21,24,23,19,11,4,3,1,7,10,23,17,3,
2026-09-06,RAYNER,HYDRO,Capability,42,42,42,42,42,42,42,42,42,42,42,42,42,42,42,42,42,42,42,42,42,42,42,42,
2026-09-06,RAYNER,HYDRO,Output,0,0,0,0,0,1,36,35,39,32,32,4,0,0,0,1,40,38,31,36,34,1,0,0,
2026-09-06,REDROCK,HYDRO,Capability,19,19,19,19,19,19,19,19,19,19,19,19,19,19,19,19,19,19,19,19,19,19,19,19,
2026-09-06,REDROCK,HYDRO,Output,0,0,0,0,11,12,13,12,13,13,13,13,13,13,13,13,13,13,13,13,0,0,0,0,
2026-09-06,RIPLEY SOUTH,WIND,Available Capacity,76,76,76,76,76,76,76,76,76,76,76,76,76,76,76,76,76,76,76,76,76,76,76,76,
2026-09-06,RIPLEY SOUTH,WIND,Forecast,11,10,7,3,2,3,2,4,1,3,7,11,16,18,23,29,23,20,14,13,8,6,11,14,
2026-09-06,RIPLEY SOUTH,WIND,Output,11,11,7,4,3,4,3,4,1,4,8,12,17,20,25,29,24,20,14,14,8,6,12,15,
2026-09-06,ROMNEY,WIND,Available Capacity,11,11,11,11,11,11,11,11,11,11,11,11,11,11,11,11,11,11,11,11,11,11,11,11,
2026-09-06,ROMNEY,WIND,Forecast,2,1,1,2,1,3,2,2,0,0,0,1,1,1,1,1,0,0,0,0,2,4,3,1,
2026-09-06,ROMNEY,WIND,Output,10,6,5,6,5,9,7,6,3,2,3,6,5,5,6,6,3,1,0,2,9,13,9,2,
2026-09-06,SANDUSK-LT.AG_T1,WIND,Available Capacity,104,104,104,104,104,104,104,104,104,104,104,104,104,104,104,104,104,104,104,104,104,104,104,104,
2026-09-06,SANDUSK-LT.AG_T1,WIND,Forecast,10,8,19,23,23,30,34,18,13,13,19,16,17,15,18,22,17,7,0,0,2,4,12,8,
2026-09-06,SANDUSK-LT.AG_T1,WIND,Output,9,9,20,24,25,32,34,17,13,15,19,16,18,15,20,23,17,6,1,0,2,5,13,9,
2026-09-06,SAUNDERS,HYDRO,Capability,987,987,987,987,987,987,987,987,987,987,987,987,987,987,987,987,987,987,987,987,987,987,987,987,
2026-09-06,SAUNDERS,HYDRO,Output,807,809,810,810,810,811,856,858,858,860,860,860,855,854,854,862,862,861,857,855,853,853,855,810,
2026-09-06,SHANNON,WIND,Available Capacity,91,91,91,91,91,91,91,91,91,91,91,91,91,91,91,91,91,91,91,91,91,91,91,91,
2026-09-06,SHANNON,WIND,Forecast,0,0,0,0,0,0,6,4,3,2,6,8,6,5,2,1,0,0,0,0,0,0,0,0,
2026-09-06,SHANNON,WIND,Output,0,0,0,0,0,1,6,5,3,3,6,8,7,5,2,2,0,1,0,0,0,0,0,0,
2026-09-06,SILVERFALLS,HYDRO,Capability,51,51,51,51,51,51,51,51,51,51,51,51,51,51,51,51,51,51,51,51,51,51,51,51,
2026-09-06,SILVERFALLS,HYDRO,Output,2,0,46,2,0,46,2,0,45,2,0,44,2,0,44,1,0,43,1,0,46,2,0,47,
2026-09-06,SITHE GOREWAY-G11,GAS,Capability,212,212,212,212,212,212,212,212,212,212,212,212,212,212,212,212,212,212,212,212,212,212,212,212,
2026-09-06,SITHE GOREWAY-G11,GAS,Output,188,188,189,189,190,190,190,190,188,185,188,188,188,188,188,188,188,189,190,190,190,190,191,191,
2026-09-06,SITHE GOREWAY-G12,GAS,Capability,212,212,212,212,212,212,212,212,212,212,212,212,212,212,212,212,212,212,212,212,212,212,212,212,
2026-09-06,SITHE GOREWAY-G12,GAS,Output,180,180,180,181,181,182,182,182,181,178,117,14,0,0,42,155,180,180,181,182,182,182,182,183,
2026-09-06,SITHE GOREWAY-G13,GAS,Capability,212,212,212,212,212,212,212,212,212,212,212,212,212,212,212,212,212,212,212,212,212,212,212,212,
2026-09-06,SITHE GOREWAY-G13,GAS,Output,183,183,183,184,185,185,185,184,183,51,0,0,44,153,181,181,181,182,183,184,184,185,185,185,
2026-09-06,SITHE GOREWAY-G15,GAS,Capability,362,362,362,362,362,362,362,362,362,362,362,362,362,362,362,362,362,362,362,362,362,362,362,362,
2026-09-06,SITHE GOREWAY-G15,GAS,Output,315,310,310,311,311,312,319,319,298,233,186,94,117,187,223,301,322,331,333,334,335,333,326,328,
2026-09-06,SMOKY 2,HYDRO,Capability,266,266,266,266,266,266,266,266,266,266,266,266,266,266,266,266,266,266,266,266,266,88,0,266,
2026-09-06,SMOKY 2,HYDRO,Output,0,0,0,0,0,0,0,76,78,156,164,166,167,167,167,167,167,167,167,167,167,86,3,0,
2026-09-06,SOUTHGATE SF,SOLAR,Available Capacity,50,50,50,50,50,50,50,50,50,50,50,50,50,50,50,50,50,50,50,50,50,50,50,50,
2026-09-06,SOUTHGATE SF,SOLAR,Forecast,0,0,0,0,0,0,1,11,24,33,38,43,44,41,36,25,21,8,1,0,0,0,0,0,
2026-09-06,SOUTHGATE SF,SOLAR,Output,0,0,0,0,0,0,2,12,25,33,40,43,45,44,36,25,22,9,1,0,0,0,0,0,
2026-09-06,SPENCE,WIND,Available Capacity,99,99,99,99,99,99,99,99,99,99,99,99,99,99,99,99,99,99,99,99,99,99,99,99,
2026-09-06,SPENCE,WIND,Forecast,21,23,24,17,11,9,11,9,1,1,5,6,7,5,3,2,1,1,0,0,0,0,0,0,
2026-09-06,SPENCE,WIND,Output,22,24,25,17,11,10,11,7,1,1,6,6,8,5,3,2,2,1,0,0,0,0,0,0,
2026-09-06,STCLAIRCGS,GAS,Capability,614,614,614,614,614,614,614,614,614,614,614,614,614,614,614,614,614,614,614,614,614,614,614,614,
2026-09-06,STCLAIRCGS,GAS,Output,587,589,587,587,586,587,572,517,409,567,587,596,612,589,585,585,586,634,641,618,598,588,587,587,
2026-09-06,STEEPHILL,HYDRO,Capability,14,14,14,14,14,14,14,14,14,14,14,14,14,14,14,14,14,14,14,14,14,14,14,14,
2026-09-06,STEEPHILL,HYDRO,Output,3,3,3,3,3,3,3,3,3,3,3,3,3,3,3,3,3,3,3,3,3,3,3,3,
2026-09-06,STEWARTVLE,HYDRO,Capability,120,120,120,120,120,120,120,120,120,120,120,120,120,120,120,120,120,120,120,120,120,120,120,120,
2026-09-06,STEWARTVLE,HYDRO,Output,0,0,0,0,0,0,0,0,0,0,0,0,0,48,52,52,52,51,52,52,1,0,0,0,
2026-09-06,STONE MILLS SF,SOLAR,Available Capacity,54,54,54,54,54,54,54,54,54,54,54,54,54,54,54,54,54,54,54,54,54,54,54,54,
2026-09-06,STONE MILLS SF,SOLAR,Forecast,0,0,0,0,0,0,4,14,30,41,40,45,41,35,35,33,13,7,0,0,0,0,0,0,
2026-09-06,STONE MILLS SF,SOLAR,Output,0,0,0,0,0,0,5,15,29,42,41,45,41,34,38,31,16,8,1,0,0,0,0,0,
2026-09-06,SUMMERHAVEN,WIND,Available Capacity,124,124,124,124,124,124,124,124,124,124,124,124,124,124,124,124,124,124,124,124,124,124,124,124,
2026-09-06,SUMMERHAVEN,WIND,Forecast,0,0,0,0,0,1,20,13,9,14,17,17,18,15,19,19,16,6,5,0,0,0,0,0,
2026-09-06,SUMMERHAVEN,WIND,Output,0,0,0,0,0,5,21,13,10,16,17,19,19,16,21,20,15,6,4,0,0,0,0,0,
2026-09-06,TAOHSC,GAS,Capability,70,70,70,70,70,70,70,70,70,70,70,70,70,70,70,70,70,70,70,70,70,70,70,70,
2026-09-06,TAOHSC,GAS,Output,0,0,0,0,0,0,0,0,0,0,0,0,0,0,0,0,0,0,0,0,0,0,0,0,
2026-09-06,TASARNIA,GAS,Capability,505,505,505,505,505,505,505,505,505,505,505,505,505,505,505,505,505,505,505,505,505,505,505,505,
2026-09-06,TASARNIA,GAS,Output,235,235,236,236,236,236,231,221,222,222,222,327,380,297,221,221,221,254,355,389,388,351,281,242,
2026-09-06,TAWINDSOR,GAS,Capability,76,76,76,76,76,76,76,76,76,76,76,76,76,76,76,76,76,76,76,76,76,76,76,76,
2026-09-06,TAWINDSOR,GAS,Output,0,0,0,0,0,0,0,0,0,0,0,0,0,0,0,0,0,0,0,0,0,0,0,0,
2026-09-06,TBAYBOWATER CTS,BIOFUEL,Capability,50,50,50,50,50,50,50,50,50,50,50,50,50,50,50,50,50,50,50,50,50,50,50,50,
2026-09-06,TBAYBOWATER CTS,BIOFUEL,Output,0,0,0,0,0,0,0,0,0,0,0,0,0,0,0,0,0,0,0,0,0,0,0,0,
2026-09-06,THOROLDCGS,GAS,Capability,303,303,303,303,303,303,303,303,303,303,303,303,303,303,303,303,303,303,303,303,303,303,303,303,
2026-09-06,THOROLDCGS,GAS,Output,200,198,198,198,198,198,215,202,202,209,229,258,255,222,220,222,239,269,268,257,240,224,220,218,
2026-09-06,TILBURY BATTERY STORAGE,OTHER,Capability,87,87,87,87,87,87,87,87,87,87,87,87,87,87,87,87,87,87,87,87,87,87,87,87,
2026-09-06,TILBURY BATTERY STORAGE,OTHER,Output,0,0,0,0,0,0,0,0,0,0,0,0,0,0,0,0,11,79,80,23,12,0,0,0,
2026-09-06,TUNISGS,GAS,Capability,59,59,59,59,59,59,59,59,59,59,59,59,59,59,59,59,59,59,59,59,59,59,59,59,
2026-09-06,TUNISGS,GAS,Output,0,0,0,0,0,0,0,0,0,0,0,0,0,0,0,0,0,0,0,0,0,0,0,0,
2026-09-06,UMBATAFALLS,HYDRO,Capability,24,24,24,24,24,24,24,24,24,24,24,24,24,24,24,24,24,24,24,24,24,24,24,24,
2026-09-06,UMBATAFALLS,HYDRO,Output,5,5,5,5,5,4,2,3,3,3,3,3,3,3,3,3,3,3,3,5,5,5,4,4,
2026-09-06,UNDERWOOD,WIND,Available Capacity,182,182,182,182,182,182,182,182,182,182,182,182,182,182,182,182,182,182,182,182,182,182,182,182,
2026-09-06,UNDERWOOD,WIND,Forecast,29,16,9,5,0,0,4,3,0,0,2,14,32,32,38,41,30,21,15,7,0,1,5,8,
2026-09-06,UNDERWOOD,WIND,Output,31,14,10,5,0,0,5,2,0,0,4,16,34,32,40,40,30,21,15,6,0,2,6,8,
2026-09-06,UPPER WHITE RIVER,HYDRO,Capability,0,0,0,0,0,0,0,0,0,0,0,0,0,0,0,0,0,0,0,0,0,0,0,0,
2026-09-06,UPPER WHITE RIVER,HYDRO,Output,1,1,1,1,1,1,1,1,1,1,1,1,1,1,1,1,1,1,1,1,1,1,1,1,
2026-09-06,VAUGHAN 1 BESS,OTHER,Capability,27,27,27,27,27,27,27,27,27,27,27,27,27,27,27,27,27,27,27,27,27,27,27,27,
2026-09-06,VAUGHAN 1 BESS,OTHER,Output,0,0,0,0,0,0,0,0,0,0,0,0,0,0,0,0,0,0,0,0,0,0,0,0,
2026-09-06,WELLS,HYDRO,Capability,210,210,210,210,210,210,210,210,210,210,210,210,210,210,210,210,210,210,210,210,210,210,210,210,
2026-09-06,WELLS,HYDRO,Output,0,0,0,0,0,0,0,0,0,0,0,0,0,0,0,0,0,0,0,0,0,0,0,0,
2026-09-06,WEST LINCOLN NRWF,WIND,Available Capacity,230,230,230,230,230,230,230,230,230,230,230,230,230,230,230,230,230,230,230,230,230,230,230,230,
2026-09-06,WEST LINCOLN NRWF,WIND,Forecast,31,16,13,10,23,25,20,17,19,27,32,34,35,39,39,30,17,8,7,12,17,11,2,8,
2026-09-06,WEST LINCOLN NRWF,WIND,Output,30,15,13,11,24,25,21,16,22,27,33,34,37,41,39,29,16,8,7,13,17,10,3,8,
2026-09-06,WESTWINDSOR,GAS,Capability,5,5,5,5,5,5,5,5,5,5,5,5,5,5,5,5,5,5,5,5,5,5,5,5,
2026-09-06,WESTWINDSOR,GAS,Output,0,0,0,0,0,0,0,0,0,0,0,0,0,0,0,0,0,0,0,0,0,0,0,0,
2026-09-06,WHITBYCGS,GAS,Capability,55,55,55,55,55,55,55,55,55,55,55,55,55,55,55,55,55,55,55,55,55,55,55,55,
2026-09-06,WHITBYCGS,GAS,Output,0,0,0,0,0,0,0,0,0,0,0,0,0,0,0,0,0,0,0,0,0,0,0,0,
2026-09-06,WHITEDOG,HYDRO,Capability,68,68,68,68,68,68,68,68,68,68,68,68,68,68,68,68,68,68,68,68,68,68,68,68,
2026-09-06,WHITEDOG,HYDRO,Output,15,15,15,15,15,15,15,15,15,15,15,15,15,15,15,15,16,17,17,17,8,19,19,16,
2026-09-06,WINDSOR AIRPORT SF,SOLAR,Available Capacity,50,50,50,50,50,50,50,50,50,50,50,50,50,50,50,50,50,50,50,50,50,50,50,50,
2026-09-06,WINDSOR AIRPORT SF,SOLAR,Forecast,0,0,0,0,0,0,0,9,22,33,40,45,45,45,40,31,20,9,1,0,0,0,0,0,
2026-09-06,WINDSOR AIRPORT SF,SOLAR,Output,0,0,0,0,0,0,1,10,23,34,42,46,48,46,42,33,22,9,1,0,0,0,0,0,
2026-09-06,WOLFE ISLAND,WIND,Available Capacity,171,171,171,171,171,171,171,171,171,171,171,171,171,171,171,171,171,171,171,171,171,171,171,171,
2026-09-06,WOLFE ISLAND,WIND,Forecast,11,18,28,42,42,32,26,28,49,63,57,38,26,18,8,3,0,0,0,0,0,1,10,12,
2026-09-06,WOLFE ISLAND,WIND,Output,13,21,33,50,47,36,30,33,60,73,66,43,30,19,8,3,0,0,0,0,0,2,14,14,
2026-09-06,YORK BESS,OTHER,Capability,132,132,132,132,132,132,132,132,132,132,132,132,132,132,132,132,132,132,132,132,132,132,132,132,
2026-09-06,YORK BESS,OTHER,Output,0,0,0,0,0,0,0,0,0,0,0,0,0,0,0,0,0,4,2,0,0,0,0,0,
2026-09-06,YORKCGS-G1,GAS,Capability,233,233,233,233,233,233,233,233,233,233,233,233,233,233,233,233,233,233,233,233,233,233,233,233,
2026-09-06,YORKCGS-G1,GAS,Output,0,0,0,0,0,0,0,0,0,0,0,0,0,0,0,0,0,0,0,0,0,0,0,0,
2026-09-06,YORKCGS-G2,GAS,Capability,233,233,233,233,233,233,233,233,233,233,233,233,233,233,233,233,233,233,233,233,233,233,233,233,
2026-09-06,YORKCGS-G2,GAS,Output,0,0,0,0,0,0,0,0,0,0,0,0,0,0,0,0,0,0,0,0,0,0,0,0,
2026-09-06,ZURICH,WIND,Available Capacity,90,90,90,90,90,90,90,90,90,90,90,90,90,90,90,90,99,99,99,99,99,99,99,99,
2026-09-06,ZURICH,WIND,Forecast,51,47,28,18,17,26,20,23,8,1,3,5,15,33,40,45,55,41,44,29,28,37,55,41,
2026-09-06,ZURICH,WIND,Output,53,47,27,18,19,26,22,23,8,1,3,7,18,37,41,48,55,42,44,30,30,41,58,40,
2026-09-07,ABKENORA,HYDRO,Capability,11,11,11,11,11,11,11,11,11,11,11,11,11,11,11,11,11,11,11,11,11,11,11,11,
2026-09-07,ABKENORA,HYDRO,Output,7,7,7,7,7,7,7,7,7,7,7,7,7,7,7,7,7,7,7,7,7,7,7,7,
2026-09-07,ADELAIDE,WIND,Available Capacity,60,60,60,60,60,60,60,60,60,60,60,60,60,60,60,60,60,60,60,60,60,60,60,60,
2026-09-07,ADELAIDE,WIND,Forecast,1,2,5,11,9,7,3,4,0,0,0,0,0,0,0,0,0,1,0,0,0,0,0,0,
2026-09-07,ADELAIDE,WIND,Output,1,3,6,12,10,7,3,4,0,0,0,0,0,0,0,0,0,2,0,0,0,0,0,0,
2026-09-07,AGUASABON,HYDRO,Capability,49,49,49,49,49,49,49,49,49,49,49,49,49,49,49,49,49,49,49,49,49,49,49,49,
2026-09-07,AGUASABON,HYDRO,Output,0,0,0,0,0,0,0,0,0,0,0,0,0,0,0,0,0,37,40,43,1,0,0,0,
2026-09-07,ALEXANDER,HYDRO,Capability,53,53,53,53,53,53,53,53,53,53,53,53,53,53,53,53,53,53,53,53,53,53,53,53,
2026-09-07,ALEXANDER,HYDRO,Output,50,50,50,50,50,50,50,50,50,50,50,50,50,50,50,50,50,50,50,49,48,45,45,45,
2026-09-07,AMARANTH,WIND,Available Capacity,183,183,183,183,183,183,183,183,183,183,183,183,183,183,183,183,183,183,183,183,183,183,183,183,
2026-09-07,AMARANTH,WIND,Forecast,0,0,0,0,0,0,1,9,1,0,0,0,0,0,0,0,0,1,0,0,0,0,0,0,
2026-09-07,AMARANTH,WIND,Output,0,0,0,0,0,0,3,10,1,0,0,0,0,0,0,0,0,1,0,0,0,0,0,0,
2026-09-07,AMHERST ISLAND,WIND,Available Capacity,74,74,74,74,74,74,74,74,74,74,74,74,74,74,74,74,74,74,74,74,74,74,74,74,
2026-09-07,AMHERST ISLAND,WIND,Forecast,5,0,0,4,16,16,15,11,4,2,0,0,0,8,18,18,15,10,3,1,11,15,18,15,
2026-09-07,AMHERST ISLAND,WIND,Output,5,0,0,6,17,17,17,11,4,2,0,0,1,10,19,18,15,10,2,2,13,16,19,17,
2026-09-07,APIROQUOIS,HYDRO,Capability,107,107,107,107,107,107,107,107,107,107,107,107,107,107,107,107,107,107,107,107,107,107,107,107,
2026-09-07,APIROQUOIS,HYDRO,Output,37,37,37,37,37,37,37,37,47,46,47,48,48,47,47,47,47,47,46,46,46,46,46,46,
2026-09-07,ARLEN BESS,OTHER,Capability,27,27,27,27,27,27,27,27,27,27,27,27,27,27,27,27,27,27,27,0,0,0,0,0,
2026-09-07,ARLEN BESS,OTHER,Output,0,0,0,0,0,0,0,0,0,0,0,0,0,0,0,0,0,0,0,0,0,0,0,0,
2026-09-07,ARMOW,WIND,Available Capacity,180,180,180,180,180,180,180,180,180,180,180,180,180,180,180,180,180,180,180,180,180,180,180,180,
2026-09-07,ARMOW,WIND,Forecast,22,16,8,5,7,1,0,0,0,0,0,0,0,0,3,7,5,6,4,8,8,7,6,0,
2026-09-07,ARMOW,WIND,Output,22,15,7,5,7,1,0,0,0,0,0,0,0,0,4,7,5,6,5,8,8,7,6,0,
2026-09-07,ARNPRIOR,HYDRO,Capability,41,41,41,41,41,41,41,41,41,41,41,41,41,41,41,41,41,41,41,41,41,41,41,41,
2026-09-07,ARNPRIOR,HYDRO,Output,0,0,0,0,0,0,0,0,0,0,0,0,0,0,35,1,0,37,38,38,38,1,0,0,
2026-09-07,ATIKOKAN-G1,BIOFUEL,Capability,135,135,135,135,135,135,135,135,135,135,135,135,135,135,135,135,135,135,135,135,135,135,135,135,
2026-09-07,ATIKOKAN-G1,BIOFUEL,Output,0,0,0,0,0,0,0,0,0,0,0,0,0,0,0,0,0,0,0,0,0,0,0,0,
2026-09-07,AUBREYFALLS,HYDRO,Capability,132,132,132,132,132,132,132,132,132,132,132,132,132,132,132,132,132,132,132,132,132,132,132,132,
2026-09-07,AUBREYFALLS,HYDRO,Output,0,0,0,0,0,0,0,0,0,0,0,0,0,0,0,0,64,65,65,1,0,0,0,0,
2026-09-07,BARRETT,HYDRO,Capability,176,176,176,176,176,176,176,176,176,176,176,176,176,176,176,176,176,176,176,176,176,176,176,176,
2026-09-07,BARRETT,HYDRO,Output,0,0,0,0,0,0,0,0,0,0,0,0,0,0,57,60,60,61,61,60,2,0,0,0,
2026-09-07,BECK1,HYDRO,Capability,511,511,511,511,511,511,511,511,511,511,511,511,511,511,511,511,511,511,511,511,511,511,511,511,
2026-09-07,BECK1,HYDRO,Output,438,407,405,434,227,171,124,140,99,115,148,149,151,180,176,278,433,425,452,469,436,453,445,393,
2026-09-07,BECK2,HYDRO,Capability,1402,1402,1402,1402,1402,1402,1402,1402,1402,1402,1402,1402,1402,1402,1402,1402,1402,1402,1402,1402,1402,1402,1402,1402,
2026-09-07,BECK2,HYDRO,Output,1123,1109,1168,1064,1073,1286,1245,999,1189,999,1049,1074,1109,1103,1097,1224,1079,1067,1101,1093,1054,1059,1090,1143,
2026-09-07,BECK2 PGS,HYDRO,Capability,116,116,116,116,116,116,116,116,116,116,116,116,116,116,116,116,116,116,116,116,116,116,116,116,
2026-09-07,BECK2 PGS,HYDRO,Output,0,0,0,0,0,1,18,7,10,6,6,6,6,6,7,15,32,27,28,7,5,0,0,0,
2026-09-07,BELLE RIVER,WIND,Available Capacity,100,100,100,100,100,100,100,100,100,100,100,100,100,100,100,100,100,100,100,100,100,100,100,100,
2026-09-07,BELLE RIVER,WIND,Forecast,1,0,0,1,0,1,4,2,2,6,15,10,2,2,1,4,12,10,2,1,6,11,12,14,
2026-09-07,BELLE RIVER,WIND,Output,1,0,0,1,0,1,4,3,2,7,16,10,3,2,1,5,13,10,2,2,7,11,13,14,
2026-09-07,BLAKE,WIND,Available Capacity,60,60,60,60,60,60,60,60,60,60,60,60,60,60,60,60,60,60,60,60,60,60,60,60,
2026-09-07,BLAKE,WIND,Forecast,17,5,4,9,8,4,3,2,0,0,0,0,1,1,4,2,0,0,0,0,0,5,6,0,
2026-09-07,BLAKE,WIND,Output,16,5,5,11,8,4,4,2,0,0,0,0,1,2,5,2,0,0,0,0,0,7,6,0,
2026-09-07,BORNISH,WIND,Available Capacity,73,73,73,73,73,73,73,73,73,73,73,73,73,73,73,73,73,73,73,73,73,73,73,73,
2026-09-07,BORNISH,WIND,Forecast,6,5,3,15,11,4,4,4,1,0,0,0,0,0,0,2,0,1,1,0,0,0,0,0,
2026-09-07,BORNISH,WIND,Output,8,4,5,16,12,4,5,4,1,0,0,0,0,0,0,2,0,1,1,0,0,0,0,0,
2026-09-07,BOW LAKE,WIND,Available Capacity,20,20,20,20,20,20,20,20,20,20,20,20,20,20,20,20,20,20,20,20,20,20,20,20,
2026-09-07,BOW LAKE,WIND,Forecast,0,0,0,0,0,0,0,0,0,0,0,0,0,0,0,0,0,0,0,1,1,4,3,3,
2026-09-07,BOW LAKE,WIND,Output,0,0,0,0,0,0,0,0,0,0,0,0,1,1,0,0,0,0,1,1,1,5,4,3,
2026-09-07,BOW LAKE 2,WIND,Available Capacity,40,40,40,40,40,40,40,40,40,40,40,40,40,40,40,40,40,40,40,40,40,40,40,40,
2026-09-07,BOW LAKE 2,WIND,Forecast,0,0,0,0,1,1,0,0,0,0,0,0,1,1,0,0,0,0,1,2,3,9,7,5,
2026-09-07,BOW LAKE 2,WIND,Output,0,0,0,0,1,1,0,0,0,0,0,1,2,1,1,1,0,0,1,3,4,10,8,6,
2026-09-07,BRIGHTON BEACH,GAS,Capability,642,642,642,642,642,642,642,642,642,642,642,642,642,642,642,642,642,642,642,642,642,642,642,642,
2026-09-07,BRIGHTON BEACH,GAS,Output,56,0,0,0,0,0,0,36,129,280,326,431,523,567,448,550,576,577,583,587,572,430,390,341,
2026-09-07,BRUCEA-G1,NUCLEAR,Capability,828,828,828,828,828,828,828,828,828,828,828,828,828,828,828,828,828,828,828,828,828,828,828,828,
2026-09-07,BRUCEA-G1,NUCLEAR,Output,822,822,821,821,821,820,820,819,817,815,814,814,813,815,817,819,818,816,813,813,815,816,817,819,
2026-09-07,BRUCEA-G2,NUCLEAR,Capability,828,828,828,828,828,828,828,828,828,828,828,828,828,828,828,828,828,828,828,828,828,828,828,828,
2026-09-07,BRUCEA-G2,NUCLEAR,Output,812,813,815,812,813,813,813,812,810,808,807,807,807,809,810,812,813,812,810,807,806,809,809,810,
2026-09-07,BRUCEA-G3,NUCLEAR,Capability,795,795,795,795,795,795,795,795,795,795,795,795,795,795,795,795,795,795,795,795,795,795,795,795,
2026-09-07,BRUCEA-G3,NUCLEAR,Output,806,805,806,809,809,809,809,809,808,805,803,802,802,805,807,809,809,806,804,803,803,806,809,807,
2026-09-07,BRUCEA-G4,NUCLEAR,Capability,0,0,0,0,0,0,0,0,0,0,0,0,0,0,0,0,0,0,0,0,0,0,0,0,
2026-09-07,BRUCEA-G4,NUCLEAR,Output,0,0,0,0,0,0,0,0,0,0,0,0,0,0,0,0,0,0,0,0,0,0,0,0,
2026-09-07,BRUCEB-G5,NUCLEAR,Capability,795,795,795,795,795,795,795,795,795,795,795,795,795,795,795,795,795,795,795,795,795,795,795,795,
2026-09-07,BRUCEB-G5,NUCLEAR,Output,806,807,809,808,808,807,807,807,807,806,806,806,807,807,807,807,806,807,808,807,808,807,807,808,
2026-09-07,BRUCEB-G6,NUCLEAR,Capability,817,817,817,817,817,817,817,817,817,817,817,817,817,817,817,817,817,817,817,817,817,817,817,817,
2026-09-07,BRUCEB-G6,NUCLEAR,Output,817,817,817,817,817,815,815,815,815,815,815,815,816,817,816,816,817,818,818,818,817,818,817,817,
2026-09-07,BRUCEB-G7,NUCLEAR,Capability,817,817,817,817,817,817,817,817,817,817,817,817,817,817,817,817,817,817,817,817,817,817,817,817,
2026-09-07,BRUCEB-G7,NUCLEAR,Output,825,825,825,825,825,824,823,823,823,823,822,822,822,823,824,824,823,822,823,823,822,823,823,823,
2026-09-07,BRUCEB-G8,NUCLEAR,Capability,817,817,817,817,817,817,817,817,817,817,817,817,817,817,817,817,817,817,817,817,817,817,817,817,
2026-09-07,BRUCEB-G8,NUCLEAR,Output,816,816,817,818,818,817,817,817,818,818,817,817,817,818,818,818,817,817,817,816,816,816,816,817,
2026-09-07,CALSTOCKGS,BIOFUEL,Capability,38,38,38,38,38,38,38,38,38,38,38,38,38,38,38,38,38,38,38,38,38,38,38,38,
2026-09-07,CALSTOCKGS,BIOFUEL,Output,15,15,15,15,15,15,15,15,15,20,27,28,29,28,28,28,28,29,29,27,27,28,28,18,
2026-09-07,CAMERONFALLS,HYDRO,Capability,71,71,71,71,71,71,71,71,71,71,71,71,71,71,71,71,71,71,71,71,71,71,71,71,
2026-09-07,CAMERONFALLS,HYDRO,Output,50,50,50,51,51,51,50,50,51,51,51,51,51,51,51,51,51,51,51,51,53,54,54,54,
2026-09-07,CANYON,HYDRO,Capability,348,348,348,348,348,348,348,348,348,348,348,348,348,348,348,348,348,348,348,348,348,348,348,348,
2026-09-07,CANYON,HYDRO,Output,57,1,0,0,0,0,0,54,60,116,111,111,219,219,223,219,221,220,219,168,139,114,74,64,
2026-09-07,CARDINAL,GAS,Capability,184,184,184,184,184,184,184,184,184,184,184,146,146,146,146,146,146,146,146,146,146,146,184,184,
2026-09-07,CARDINAL,GAS,Output,0,0,0,0,0,0,0,0,0,0,0,0,0,0,0,0,0,0,0,0,0,0,0,0,
2026-09-07,CARIBOUFALLS,HYDRO,Capability,94,94,94,94,94,94,94,94,94,94,94,94,94,94,94,94,94,94,94,94,94,94,94,94,
2026-09-07,CARIBOUFALLS,HYDRO,Output,28,28,28,28,28,28,28,28,29,29,29,29,28,28,28,28,28,28,28,26,26,27,27,27,
2026-09-07,CARMICHAEL,HYDRO,Capability,19,19,19,19,19,19,19,19,19,19,19,19,19,19,19,19,19,19,19,19,19,19,19,19,
2026-09-07,CARMICHAEL,HYDRO,Output,7,8,8,8,8,8,8,8,8,8,8,8,8,8,8,8,8,8,8,8,8,8,8,8,
2026-09-07,CEDAR POINT 2,WIND,Available Capacity,100,100,100,100,100,100,100,100,100,100,100,100,100,100,100,100,100,100,100,100,100,100,100,100,
2026-09-07,CEDAR POINT 2,WIND,Forecast,0,12,12,13,6,7,8,7,4,0,0,0,0,1,2,0,0,0,0,0,4,5,5,0,
2026-09-07,CEDAR POINT 2,WIND,Output,2,13,13,13,6,8,8,7,4,1,0,0,0,1,2,0,0,0,0,0,4,6,4,1,
2026-09-07,CHATSFALLS,HYDRO,Capability,144,144,144,144,144,144,144,144,144,144,144,144,144,144,144,144,144,144,144,144,144,144,144,144,
2026-09-07,CHATSFALLS,HYDRO,Output,69,69,68,72,71,70,71,71,71,71,71,94,115,116,134,135,135,134,134,134,134,92,91,91,
2026-09-07,CHENAUX,HYDRO,Capability,158,158,158,158,158,158,158,158,158,158,158,158,158,158,158,158,158,158,158,158,158,158,158,158,
2026-09-07,CHENAUX,HYDRO,Output,47,47,32,32,47,50,50,50,68,69,69,68,67,67,67,82,97,96,95,80,51,50,50,51,
2026-09-07,CLERGUE,HYDRO,Capability,33,33,33,33,33,33,33,33,33,33,33,33,33,33,33,33,33,33,33,33,33,33,33,33,
2026-09-07,CLERGUE,HYDRO,Output,34,35,34,34,34,35,34,33,35,35,35,35,34,34,33,34,34,33,34,34,34,33,33,33,
2026-09-07,COCHRANECGS,GAS,Capability,29,29,29,29,29,29,29,29,29,29,29,29,29,29,29,29,29,29,29,29,29,29,29,29,
2026-09-07,COCHRANECGS,GAS,Output,0,0,0,0,0,0,0,0,0,0,0,0,0,0,0,0,0,0,0,0,0,0,0,0,
2026-09-07,COMBER,WIND,Available Capacity,166,166,166,166,166,166,166,166,166,166,166,166,166,166,166,166,166,166,166,166,166,166,166,166,
2026-09-07,COMBER,WIND,Forecast,0,0,0,0,0,0,0,3,3,10,21,18,8,5,4,12,19,18,3,8,12,11,8,7,
2026-09-07,COMBER,WIND,Output,0,0,0,0,0,0,0,4,3,12,22,18,7,5,5,14,21,17,3,9,13,11,7,7,
2026-09-07,CRYSLER,WIND,Available Capacity,100,100,100,100,100,100,100,100,100,100,100,100,100,100,100,100,100,100,100,100,100,100,100,100,
2026-09-07,CRYSLER,WIND,Forecast,80,73,42,33,41,40,31,17,6,4,8,23,23,22,17,21,23,37,45,33,31,35,33,32,
2026-09-07,CRYSLER,WIND,Output,81,71,39,36,42,40,31,16,6,4,10,23,23,22,18,22,25,40,45,34,33,36,34,32,
2026-09-07,DA WATSON,HYDRO,Capability,12,12,12,12,12,12,12,12,12,12,12,12,12,12,12,12,12,12,12,12,12,12,12,12,
2026-09-07,DA WATSON,HYDRO,Output,11,11,11,11,10,10,10,10,10,10,11,11,11,11,11,12,12,12,12,12,12,12,13,13,
2026-09-07,DARLINGTON-G1,NUCLEAR,Capability,822,822,822,822,822,822,822,822,822,822,822,822,822,822,822,822,822,822,822,822,822,822,822,822,
2026-09-07,DARLINGTON-G1,NUCLEAR,Output,824,825,826,827,826,825,824,823,823,823,823,823,822,822,822,822,822,822,822,823,823,824,825,826,
2026-09-07,DARLINGTON-G2,NUCLEAR,Capability,0,0,0,0,0,0,0,0,0,0,0,0,0,0,0,0,0,0,0,0,0,0,0,0,
2026-09-07,DARLINGTON-G2,NUCLEAR,Output,0,0,0,0,0,0,0,0,0,0,0,0,0,0,0,0,0,0,0,0,0,0,0,0,
2026-09-07,DARLINGTON-G3,NUCLEAR,Capability,0,0,0,0,0,0,0,0,0,0,0,0,0,0,0,0,0,0,0,0,0,0,0,0,
2026-09-07,DARLINGTON-G3,NUCLEAR,Output,0,0,0,0,0,0,0,0,0,0,0,0,0,0,0,0,0,0,0,0,0,0,0,0,
2026-09-07,DARLINGTON-G4,NUCLEAR,Capability,0,0,0,0,0,0,0,0,0,0,0,0,0,0,0,0,0,0,0,0,0,0,0,0,
2026-09-07,DARLINGTON-G4,NUCLEAR,Output,0,0,0,0,0,0,0,0,0,0,0,0,0,0,0,0,0,0,0,0,0,0,0,0,
2026-09-07,DECEWFALLS,HYDRO,Capability,74,74,148,148,148,148,148,148,148,148,148,148,148,148,148,148,148,148,148,148,148,148,148,148,
2026-09-07,DECEWFALLS,HYDRO,Output,60,115,133,133,135,137,137,137,137,137,137,137,137,137,137,136,136,136,136,136,136,136,136,136,
2026-09-07,DECEWND1,HYDRO,Capability,29,29,29,29,29,29,29,29,29,29,29,29,29,29,29,29,29,29,29,29,29,29,29,29,
2026-09-07,DECEWND1,HYDRO,Output,19,19,19,19,19,19,19,19,19,19,19,19,19,19,19,19,19,19,19,19,19,19,19,19,
2026-09-07,DESJOACHIMS,HYDRO,Capability,429,429,429,429,429,429,429,429,429,429,429,429,429,429,429,429,429,429,429,429,429,429,429,429,
2026-09-07,DESJOACHIMS,HYDRO,Output,102,2,0,0,0,0,0,0,98,104,174,180,230,228,274,327,370,372,377,378,295,246,148,6,
2026-09-07,DESTEC,GAS,Capability,120,120,120,120,120,120,120,120,120,120,120,120,120,120,120,120,120,120,120,120,120,120,120,120,
2026-09-07,DESTEC,GAS,Output,0,0,0,0,0,0,0,0,0,0,0,0,0,0,0,0,0,0,0,0,0,0,0,0,
2026-09-07,DILLON,WIND,Available Capacity,78,78,78,78,78,78,78,78,78,78,78,78,78,78,78,78,78,78,78,78,78,78,78,78,
2026-09-07,DILLON,WIND,Forecast,0,0,0,0,0,0,1,5,4,13,11,10,6,5,6,9,11,11,5,4,8,10,8,4,
2026-09-07,DILLON,WIND,Output,0,0,0,0,0,0,2,5,5,14,12,10,6,6,7,11,12,11,5,4,9,11,8,4,
2026-09-07,DOWCHEMICAL,GAS,Capability,36,36,36,36,36,36,36,36,36,36,36,36,36,36,36,36,36,36,36,36,36,36,36,36,
2026-09-07,DOWCHEMICAL,GAS,Output,18,18,19,19,19,20,20,20,20,20,19,19,17,16,17,17,16,16,16,16,17,17,19,19,
2026-09-07,DPNTMTLND,GAS,Capability,52,52,52,52,52,52,52,52,52,52,52,52,52,52,52,52,52,52,52,52,52,52,52,52,
2026-09-07,DPNTMTLND,GAS,Output,0,0,0,0,0,0,0,0,0,0,0,0,0,0,0,0,0,0,0,0,0,0,0,0,
2026-09-07,EARFALLS,HYDRO,Capability,18,18,18,18,18,18,18,18,18,18,18,18,18,18,18,18,18,18,18,18,18,18,18,18,
2026-09-07,EARFALLS,HYDRO,Output,16,16,16,16,16,16,16,16,16,16,16,16,16,16,16,16,16,16,16,16,16,16,16,16,
2026-09-07,EAST LAKE,WIND,Available Capacity,99,99,99,99,99,99,99,99,99,99,99,99,99,99,99,99,99,99,99,99,99,99,99,99,
2026-09-07,EAST LAKE,WIND,Forecast,0,0,0,0,3,6,13,11,6,9,6,4,1,1,1,1,2,5,2,1,2,6,7,11,
2026-09-07,EAST LAKE,WIND,Output,0,0,0,0,3,7,14,11,7,10,7,4,1,1,1,1,3,5,2,1,2,7,8,12,
2026-09-07,EAST WINDSOR-G1,GAS,Capability,46,46,46,46,46,46,46,46,46,46,46,46,46,46,46,46,46,46,0,46,46,46,46,46,
2026-09-07,EAST WINDSOR-G1,GAS,Output,0,0,0,0,0,0,0,0,0,0,0,0,0,0,0,0,0,34,23, ,0,0,0,0,
2026-09-07,EAST WINDSOR-G2,GAS,Capability,46,46,46,46,46,46,46,46,46,46,46,46,46,46,46,46,46,46,46,46,46,46,46,46,
2026-09-07,EAST WINDSOR-G2,GAS,Output,0,0,0,0,0,0,0,0,0,0,0,0,0,0,0,0,0,0,0,0,0,0,0,0,
2026-09-07,EAST WINDSOR-G3,GAS,Capability,107,107,107,107,107,107,107,107,107,107,107,107,107,107,107,107,107,107,107,107,107,107,107,107,
2026-09-07,EAST WINDSOR-G3,GAS,Output,1,1,1,1,1,1,1,1,1,1,1,1,1,1,1,1,1,1,1,1,1,1,1,1,
2026-09-07,ERIEAU,WIND,Available Capacity,99,99,99,99,99,99,99,99,99,99,99,99,99,99,99,99,99,99,99,99,99,99,99,99,
2026-09-07,ERIEAU,WIND,Forecast,0,0,1,3,2,4,6,10,10,21,14,14,9,7,10,11,12,11,4,3,9,9,10,10,
2026-09-07,ERIEAU,WIND,Output,0,0,2,3,3,5,6,10,13,21,15,14,9,8,10,12,12,12,4,4,10,10,10,10,
2026-09-07,FORTFRANCSWC,HYDRO,Capability,2,2,2,2,2,2,2,2,2,2,2,2,2,2,2,2,2,2,2,2,2,2,2,2,
2026-09-07,FORTFRANCSWC,HYDRO,Output,4,4,4,4,4,4,4,4,4,4,4,4,4,4,4,4,4,4,4,4,4,4,4,4,
2026-09-07,GARTSHORE,HYDRO,Capability,69,69,69,69,69,69,69,69,69,69,69,69,69,69,69,69,69,69,69,69,69,69,69,69,
2026-09-07,GARTSHORE,HYDRO,Output,0,0,0,0,0,0,0,0,0,0,0,0,0,0,0,0,0,0,0,0,0,0,0,0,
2026-09-07,GOREWAY BESS,OTHER,Capability,55,55,55,55,55,55,55,55,55,55,55,55,55,55,55,55,55,55,55,55,55,55,55,55,
2026-09-07,GOREWAY BESS,OTHER,Output,0,0,0,0,0,0,0,0,0,0,0,0,0,0,0,0,0,49,40,0,0,0,0,0,
2026-09-07,GOSFIELDWGS,WIND,Available Capacity,51,51,51,51,51,51,51,51,51,51,51,51,51,51,51,51,51,51,51,51,51,51,51,51,
2026-09-07,GOSFIELDWGS,WIND,Forecast,0,0,0,0,0,0,0,1,0,2,5,4,1,1,1,2,4,4,1,1,1,2,3,3,
2026-09-07,GOSFIELDWGS,WIND,Output,0,0,0,0,0,0,0,2,1,3,5,4,2,2,1,3,4,4,1,2,1,2,3,3,
2026-09-07,GOSHEN,WIND,Available Capacity,102,102,102,102,102,102,102,102,102,102,102,102,102,102,102,102,102,102,102,102,102,102,102,102,
2026-09-07,GOSHEN,WIND,Forecast,24,12,6,15,10,8,7,9,1,0,0,0,0,1,5,6,0,1,2,0,0,0,0,0,
2026-09-07,GOSHEN,WIND,Output,24,11,7,16,10,9,8,8,1,0,0,0,0,2,6,6,0,2,2,0,0,0,0,0,
2026-09-07,GOULAIS,WIND,Available Capacity,25,25,25,25,25,25,25,25,25,25,25,25,25,25,25,25,25,25,25,25,25,25,25,25,
2026-09-07,GOULAIS,WIND,Forecast,0,0,0,0,0,0,0,0,0,0,0,0,0,0,1,0,0,0,4,6,7,7,11,9,
2026-09-07,GOULAIS,WIND,Output,0,0,0,0,0,0,0,0,0,0,0,0,0,1,1,1,0,1,5,7,8,8,12,10,
2026-09-07,GRAND VALLEY 3,WIND,Available Capacity,40,40,40,40,40,40,40,40,40,40,40,40,40,40,40,40,40,40,40,40,40,40,40,40,
2026-09-07,GRAND VALLEY 3,WIND,Forecast,0,0,0,0,0,0,0,0,0,0,0,0,0,0,0,0,0,0,1,2,2,0,0,0,
2026-09-07,GRAND VALLEY 3,WIND,Output,0,0,0,0,0,0,0,1,0,0,0,0,0,0,0,0,0,0,1,3,2,0,0,0,
2026-09-07,GRANDSF,SOLAR,Available Capacity,100,100,100,100,100,100,100,100,100,100,90,90,90,100,100,100,100,100,100,100,100,100,100,100,
2026-09-07,GRANDSF,SOLAR,Forecast,0,0,0,0,0,0,2,24,48,65,70,75,73,74,77,65,39,15,1,0,0,0,0,0,
2026-09-07,GRANDSF,SOLAR,Output,0,0,0,0,0,0,4,25,48,64,74,80,80,77,78,64,41,17,2,0,0,0,0,0,
2026-09-07,GRANDWF,WIND,Available Capacity,149,149,149,149,149,149,149,149,149,149,149,149,149,149,149,149,149,149,149,149,149,149,149,149,
2026-09-07,GRANDWF,WIND,Forecast,0,0,0,0,0,0,0,0,0,0,0,1,0,1,0,0,1,0,0,0,0,0,0,0,
2026-09-07,GRANDWF,WIND,Output,0,0,0,0,0,0,0,0,0,0,0,1,0,1,0,0,1,0,0,0,0,0,0,0,
2026-09-07,GREENFIELD ENERGY CENTRE-G1,GAS,Capability,191,191,191,191,191,191,191,191,191,191,191,191,191,191,191,191,191,191,191,191,191,191,191,191,
2026-09-07,GREENFIELD ENERGY CENTRE-G1,GAS,Output,157,163,145,145,146,178,169,162,174,174,177,178,178,177,173,175,175,175,175,176,179,175,180,164,
2026-09-07,GREENFIELD ENERGY CENTRE-G2,GAS,Capability,0,0,0,0,0,0,0,0,0,0,0,0,0,0,0,0,0,0,0,0,0,0,0,0,
2026-09-07,GREENFIELD ENERGY CENTRE-G2,GAS,Output,0,0,0,0,0,0,0,0,0,0,0,0,0,0,0,0,0,0,0,0,0,0,0,0,
2026-09-07,GREENFIELD ENERGY CENTRE-G3,GAS,Capability,191,191,191,191,191,191,191,191,191,191,191,191,191,191,191,191,191,191,191,191,191,191,191,191,
2026-09-07,GREENFIELD ENERGY CENTRE-G3,GAS,Output,157,163,145,145,145,178,169,162,174,174,175,175,178,175,171,173,172,173,175,175,177,174,180,164,
2026-09-07,GREENFIELD ENERGY CENTRE-G4,GAS,Capability,336,336,336,336,336,336,336,336,336,336,336,336,336,336,336,336,336,336,336,336,336,336,336,336,
2026-09-07,GREENFIELD ENERGY CENTRE-G4,GAS,Output,177,183,170,169,169,194,187,183,204,224,229,238,239,239,219,228,220,231,233,232,236,220,220,201,
2026-09-07,GREENFIELD SOUTH-G1,GAS,Capability,175,175,175,175,175,175,175,175,175,175,175,175,175,175,175,175,175,175,175,175,175,175,175,175,
2026-09-07,GREENFIELD SOUTH-G1,GAS,Output,109,109,109,109,109,110,109,109,110,110,110,110,110,116,110,141,174,175,176,176,158,111,114,108,
2026-09-07,GREENFIELD SOUTH-G2,GAS,Capability,120,120,120,120,120,120,120,120,120,120,120,120,120,120,120,120,120,120,120,120,120,120,120,120,
2026-09-07,GREENFIELD SOUTH-G2,GAS,Output,71,71,71,71,71,71,71,71,71,71,71,71,71,73,74,84,113,110,102,102,95,74,74,71,
2026-09-07,GREENWICH,WIND,Available Capacity,99,99,99,99,99,99,99,99,99,99,99,99,99,99,99,99,99,99,99,99,99,99,99,99,
2026-09-07,GREENWICH,WIND,Forecast,28,14,1,0,0,0,6,10,18,15,9,3,2,3,2,3,4,6,8,10,12,16,29,27,
2026-09-07,GREENWICH,WIND,Output,27,12,0,0,0,0,9,10,21,15,9,3,2,3,3,3,5,6,9,11,12,19,30,28,
2026-09-07,GTAA-G1,GAS,Capability,36,36,36,36,36,36,36,36,36,36,36,36,36,36,36,36,36,36,36,36,36,36,36,36,
2026-09-07,GTAA-G1,GAS,Output,0,0,0,0,0,0,0,0,0,0,0,0,0,0,0,0,0,0,0,0,0,0,0,0,
2026-09-07,GTAA-G2,GAS,Capability,0,0,0,0,0,0,0,0,0,0,0,0,0,0,0,0,0,0,0,0,0,0,0,0,
2026-09-07,GTAA-G2,GAS,Output,0,0,0,0,0,0,0,0,0,0,0,0,0,0,0,0,0,0,0,0,0,0,0,0,
2026-09-07,GTAA-G3,GAS,Capability,0,0,0,0,0,0,0,0,0,0,0,0,0,0,0,0,0,0,0,0,0,0,0,0,
2026-09-07,GTAA-G3,GAS,Output,0,0,0,0,0,0,0,0,0,0,0,0,0,0,0,0,0,0,0,0,0,0,0,0,
2026-09-07,HAGERSVILLE BESS,OTHER,Capability,327,327,327,327,327,327,327,327,327,327,327,327,327,327,327,327,327,327,327,327,327,327,327,327,
2026-09-07,HAGERSVILLE BESS,OTHER,Output,0,0,0,0,0,0,0,0,0,0,0,0,0,0,0,57,268,300,300,265,1,0,0,0,
2026-09-07,HALTONHILLS-LT.G1,GAS,Capability,230,230,230,230,230,230,230,230,230,230,230,230,230,230,230,230,230,230,230,230,230,230,230,230,
2026-09-07,HALTONHILLS-LT.G1,GAS,Output,144,144,144,144,144,152,144,146,153,184,199,198,198,197,192,195,202,203,204,206,206,199,205,148,
2026-09-07,HALTONHILLS-LT.G2,GAS,Capability,230,230,230,230,230,230,230,230,230,230,230,230,230,230,230,230,230,230,230,230,230,230,230,230,
2026-09-07,HALTONHILLS-LT.G2,GAS,Output,144,144,144,144,144,152,144,146,154,184,201,201,201,200,194,199,199,199,201,203,204,199,204,149,
2026-09-07,HALTONHILLS-LT.G3,GAS,Capability,299,299,299,299,299,299,299,299,299,299,299,299,299,299,299,299,299,299,299,299,299,299,299,299,
2026-09-07,HALTONHILLS-LT.G3,GAS,Output,156,157,157,157,157,161,157,156,162,184,217,237,236,239,236,240,240,241,242,238,235,215,213,160,
2026-09-07,HARMON,HYDRO,Capability,156,156,156,156,156,156,156,156,156,156,156,156,156,156,156,156,156,156,156,156,156,156,156,156,
2026-09-07,HARMON,HYDRO,Output,0,0,0,0,0,0,0,0,0,0,0,71,74,75,75,75,74,72,72,72,71,73,2,0,
2026-09-07,HARMON 2,HYDRO,Capability,78,78,78,78,78,78,78,78,78,78,78,78,78,78,78,78,78,78,78,78,78,78,78,78,
2026-09-07,HARMON 2,HYDRO,Output,0,0,0,0,0,0,0,0,0,0,0,0,0,0,75,77,77,77,73,73,73,2,0,0,
2026-09-07,HARRIS,HYDRO,Capability,12,12,12,12,12,12,12,12,12,12,12,12,12,12,12,12,12,12,12,12,12,12,12,12,
2026-09-07,HARRIS,HYDRO,Output,3,3,3,3,3,3,3,2,2,2,2,2,2,2,2,2,2,2,2,2,1,2,2,2,
2026-09-07,HENVEY NORTH,WIND,Available Capacity,117,117,117,117,117,117,117,117,117,117,117,117,117,117,117,117,117,117,117,117,117,117,117,117,
2026-09-07,HENVEY NORTH,WIND,Forecast,0,0,0,0,0,0,0,0,0,1,1,6,6,13,10,11,9,13,18,15,23,27,19,12,
2026-09-07,HENVEY NORTH,WIND,Output,0,1,0,0,0,0,0,0,0,1,1,6,6,13,9,10,9,14,19,15,25,28,19,12,
2026-09-07,HENVEY SOUTH,WIND,Available Capacity,183,183,183,183,183,183,183,183,183,183,183,183,183,183,183,183,183,183,183,183,183,183,183,183,
2026-09-07,HENVEY SOUTH,WIND,Forecast,0,0,0,0,0,0,0,0,0,1,1,8,6,18,10,12,12,14,28,20,36,39,24,17,
2026-09-07,HENVEY SOUTH,WIND,Output,0,0,0,0,0,0,0,0,0,1,2,9,6,17,10,12,12,16,29,22,39,40,24,17,
2026-09-07,HOLDEN,HYDRO,Capability,199,199,199,199,199,199,199,199,199,199,199,199,199,199,199,199,199,199,199,199,199,199,199,199,
2026-09-07,HOLDEN,HYDRO,Output,60,28,1,0,0,0,0,77,84,108,110,110,139,141,140,170,170,171,171,170,140,110,109,60,
2026-09-07,HOLINGSWTH,HYDRO,Capability,21,21,21,21,21,21,21,21,21,21,21,21,21,21,21,21,21,21,21,21,21,21,21,21,
2026-09-07,HOLINGSWTH,HYDRO,Output,0,0,0,0,0,0,0,15,16,0,0,0,0,0,0,0,15,16,16,16,0,0,0,0,
2026-09-07,HYDROGEN READY POWER PLANT (HRPP),GAS,Capability,206,206,206,206,206,206,206,206,206,206,206,206,206,206,206,206,206,206,206,206,206,206,206,206,
2026-09-07,HYDROGEN READY POWER PLANT (HRPP),GAS,Output,0,0,0,0,0,0,0,0,0,0,0,0,0,0,0,0,0,0,0,0,0,0,0,0,
2026-09-07,JERICHO,WIND,Available Capacity,149,149,149,149,149,149,149,149,149,149,149,149,149,149,149,149,149,149,149,149,149,149,149,149,
2026-09-07,JERICHO,WIND,Forecast,5,15,14,17,10,11,7,6,2,0,0,0,0,0,1,1,0,0,0,0,0,0,0,0,
2026-09-07,JERICHO,WIND,Output,7,15,15,16,12,11,7,7,2,0,0,0,0,0,2,1,0,0,0,0,0,0,0,0,
2026-09-07,K2WIND,WIND,Available Capacity,270,270,270,270,270,270,270,270,270,270,270,270,270,270,270,270,270,270,270,270,270,270,270,270,
2026-09-07,K2WIND,WIND,Forecast,103,46,11,11,11,1,0,0,0,0,0,0,7,11,10,6,0,2,0,1,12,23,11,9,
2026-09-07,K2WIND,WIND,Output,100,41,11,12,10,1,0,0,0,0,0,1,9,12,10,5,1,2,1,0,16,21,11,9,
2026-09-07,KAKABEKA,HYDRO,Capability,0,0,0,0,0,0,0,0,0,0,0,0,0,0,0,0,0,0,0,0,0,0,0,0,
2026-09-07,KAKABEKA,HYDRO,Output,0,0,0,0,0,0,0,0,0,0,0,0,0,0,0,0,0,0,0,0,0,0,0,0,
2026-09-07,KAPGS,GAS,Capability,29,29,29,29,29,29,29,29,29,29,29,29,29,29,29,29,29,29,29,29,29,29,29,29,
2026-09-07,KAPGS,GAS,Output,0,0,0,0,0,0,0,0,0,0,0,0,0,0,0,0,0,0,0,0,0,0,0,0,
2026-09-07,KINGSBRIDGE,WIND,Available Capacity,40,40,40,40,40,40,40,40,40,40,40,40,40,40,40,40,40,40,40,40,40,40,40,40,
2026-09-07,KINGSBRIDGE,WIND,Forecast,5,1,0,0,0,0,0,0,0,0,0,0,0,0,0,0,0,0,0,0,0,0,1,0,
2026-09-07,KINGSBRIDGE,WIND,Output,5,1,1,1,1,0,0,0,0,0,0,0,0,0,0,0,0,0,0,0,0,1,1,0,
2026-09-07,KINGSTONSF,SOLAR,Available Capacity,100,100,100,100,100,100,100,100,100,100,100,100,100,100,100,100,100,100,100,100,100,100,100,100,
2026-09-07,KINGSTONSF,SOLAR,Forecast,0,0,0,0,0,0,8,36,64,84,93,77,77,81,58,40,21,6,0,0,0,0,0,0,
2026-09-07,KINGSTONSF,SOLAR,Output,0,0,0,0,0,0,9,38,66,87,93,73,76,79,53,38,20,7,1,0,0,0,0,0,
2026-09-07,KIPLING,HYDRO,Capability,152,152,152,152,152,152,152,152,152,152,152,152,152,152,152,152,152,152,152,152,152,152,152,152,
2026-09-07,KIPLING,HYDRO,Output,0,0,0,0,0,0,0,0,0,0,0,0,0,0,65,69,68,68,69,67,67,2,0,0,
2026-09-07,KIPLING 2,HYDRO,Capability,79,79,79,79,79,79,79,79,79,79,79,79,79,79,79,79,79,79,79,79,79,79,79,79,
2026-09-07,KIPLING 2,HYDRO,Output,0,0,0,0,0,0,0,0,0,0,0,75,75,74,74,73,73,73,74,75,74,71,2,0,
2026-09-07,LAKESUPERIOR,GAS,Capability,125,125,125,125,125,125,125,125,125,125,125,125,125,125,125,125,125,125,125,125,125,125,125,125,
2026-09-07,LAKESUPERIOR,GAS,Output,0,0,0,0,0,0,0,0,0,0,0,0,0,0,0,0,0,0,0,0,0,0,0,0,
2026-09-07,LANDON,WIND,Available Capacity,40,40,40,40,40,40,40,40,40,40,40,40,40,40,40,40,40,40,40,40,40,40,40,40,
2026-09-07,LANDON,WIND,Forecast,6,8,5,7,6,4,2,3,1,0,0,0,0,0,0,0,0,1,1,0,0,0,0,0,
2026-09-07,LANDON,WIND,Output,7,8,6,8,7,4,2,3,1,0,0,0,0,0,0,0,0,2,1,0,0,0,0,0,
2026-09-07,LENNOX-G1,GAS,Capability,525,525,525,525,525,525,525,525,525,525,525,525,525,525,525,525,525,525,525,525,525,525,525,525,
2026-09-07,LENNOX-G1,GAS,Output,0,0,0,0,0,0,0,0,0,0,0,0,0,0,0,0,0,0,0,0,0,0,0,0,
2026-09-07,LENNOX-G2,GAS,Capability,525,525,525,525,525,525,525,525,525,525,525,525,525,525,525,525,525,525,525,525,525,525,525,525,
2026-09-07,LENNOX-G2,GAS,Output,0,0,0,0,0,0,0,0,0,0,0,0,0,0,0,0,0,0,0,0,0,0,0,0,
2026-09-07,LENNOX-G3,GAS,Capability,525,525,525,525,525,525,525,525,525,525,525,525,525,525,525,525,525,525,525,525,525,525,525,525,
2026-09-07,LENNOX-G3,GAS,Output,0,0,0,0,0,0,0,0,0,0,0,0,0,0,0,0,0,0,0,0,0,0,0,0,
2026-09-07,LENNOX-G4,GAS,Capability,525,525,525,525,525,525,525,525,525,525,525,525,525,525,525,525,525,525,525,525,525,525,525,525,
2026-09-07,LENNOX-G4,GAS,Output,0,0,0,0,0,0,0,0,0,0,0,0,0,0,0,0,0,0,0,0,0,0,0,0,
2026-09-07,LITTLELONG,HYDRO,Capability,144,144,144,144,144,144,144,144,144,144,144,144,144,144,144,144,144,144,144,144,144,144,144,144,
2026-09-07,LITTLELONG,HYDRO,Output,0,0,0,0,0,0,0,0,0,0,0,62,65,65,127,129,129,128,122,125,126,63,2,0,
2026-09-07,LITTLELONG 2,HYDRO,Capability,0,0,0,0,0,0,0,0,0,0,0,0,0,0,0,0,0,0,0,0,0,0,0,0,
2026-09-07,LITTLELONG 2,HYDRO,Output, ,0, , , , , , , , , , , , , , , , , , , , , , ,
2026-09-07,LONGSAULTE,HYDRO,Capability,20,20,20,20,20,20,20,20,20,20,20,20,20,20,20,20,20,20,20,20,20,20,20,20,
2026-09-07,LONGSAULTE,HYDRO,Output,8,8,8,8,8,8,9,9,8,8,8,8,8,9,9,8,8,8,8,8,8,8,6,6,
2026-09-07,LOWER WHITE RIVER,HYDRO,Capability,1,1,1,1,1,1,1,1,1,1,1,1,1,1,1,1,1,1,1,1,1,1,1,1,
2026-09-07,LOWER WHITE RIVER,HYDRO,Output,2,2,2,2,2,2,2,2,2,2,2,2,2,2,2,2,2,2,2,2,2,2,2,2,
2026-09-07,LOWERNOTCH,HYDRO,Capability,257,257,257,257,257,257,257,257,257,257,257,257,257,257,257,257,257,257,257,257,257,257,257,257,
2026-09-07,LOWERNOTCH,HYDRO,Output,0,0,0,0,0,0,0,0,0,0,0,0,0,0,0,0,116,110,109,108,2,0,0,0,
2026-09-07,MACKAYGS,HYDRO,Capability,54,54,54,54,54,54,54,54,54,54,54,54,54,54,54,54,54,54,54,54,54,54,54,54,
2026-09-07,MACKAYGS,HYDRO,Output,0,0,0,0,0,0,0,0,0,0,0,0,0,0,0,0,0,0,0,0,0,0,0,0,
2026-09-07,MANITOUFALLS,HYDRO,Capability,0,0,0,0,0,0,0,0,0,0,0,0,0,0,0,0,0,0,0,0,0,0,0,0,
2026-09-07,MANITOUFALLS,HYDRO,Output,0,0,0,0,0,0,0,0,0,0,0,0,0,0,0,0,0,0,0,0,0,0,0,0,
2026-09-07,MCLEANSMTNWF-LT.AG_T1,WIND,Available Capacity,50,50,50,50,50,50,50,50,50,50,50,50,50,50,50,50,50,50,50,50,50,50,50,50,
2026-09-07,MCLEANSMTNWF-LT.AG_T1,WIND,Forecast,4,4,4,5,9,13,14,11,4,1,1,3,4,3,2,2,6,13,12,11,5,3,2,2,
2026-09-07,MCLEANSMTNWF-LT.AG_T1,WIND,Output,4,5,4,7,10,14,15,11,4,1,2,4,4,3,2,3,8,15,12,11,5,3,2,2,
2026-09-07,MISSION,HYDRO,Capability,14,14,14,14,14,14,14,14,14,14,14,14,14,14,14,14,14,14,14,14,14,14,14,14,
2026-09-07,MISSION,HYDRO,Output,2,2,3,3,3,3,3,3,3,2,3,3,3,3,3,3,3,3,3,3,3,3,2,2,
2026-09-07,MTNCHUTE,HYDRO,Capability,0,0,0,0,0,0,0,0,0,0,0,0,0,0,0,0,0,0,0,0,0,0,0,0,
2026-09-07,MTNCHUTE,HYDRO,Output,0,0,0,0,0,0,0,0,0,0,0,0,0,0,0,0,0,0,0,0,0,0,0,0,
2026-09-07,NAGAGAMI,HYDRO,Capability,9,9,9,9,9,9,9,9,9,9,9,9,9,9,9,9,9,9,9,9,9,9,9,9,
2026-09-07,NAGAGAMI,HYDRO,Output,1,1,1,1,1,1,1,1,1,1,0,0,1,0,0,1,0,0,1,0,1,1,1,1,
2026-09-07,NANTICOKE SOLAR,SOLAR,Available Capacity,44,44,44,44,44,44,44,44,44,44,44,44,44,44,44,44,44,44,44,44,44,44,44,44,
2026-09-07,NANTICOKE SOLAR,SOLAR,Forecast,0,0,0,0,0,0,1,12,25,35,41,43,43,42,38,31,19,7,0,0,0,0,0,0,
2026-09-07,NANTICOKE SOLAR,SOLAR,Output,0,0,0,0,0,0,2,13,26,36,43,44,44,44,39,32,20,7,1,0,0,0,0,0,
2026-09-07,NAPANEE BESS,OTHER,Capability,278,278,278,278,278,278,278,278,278,278,278,278,278,278,278,278,278,278,278,278,278,278,278,278,
2026-09-07,NAPANEE BESS,OTHER,Output,0,0,0,0,0,0,0,0,0,0,0,0,0,0,0,0,56,201,63,94,56,0,0,0,
2026-09-07,NAPANEE-G1,GAS,Capability,260,260,260,260,260,260,260,260,260,260,260,260,260,260,260,260,260,260,260,260,260,260,260,260,
2026-09-07,NAPANEE-G1,GAS,Output,221,216,216,216,216,244,244,248,246,251,254,255,254,251,255,254,255,254,253,254,254,255,255,254,
2026-09-07,NAPANEE-G2,GAS,Capability,260,260,260,260,260,260,260,260,260,260,260,260,260,260,260,260,260,260,260,260,260,260,260,260,
2026-09-07,NAPANEE-G2,GAS,Output,221,216,216,216,216,244,244,247,245,249,253,254,253,249,253,252,253,252,251,252,252,253,253,252,
2026-09-07,NAPANEE-G3,GAS,Capability,458,458,458,458,458,458,458,458,458,458,458,458,458,458,458,458,458,458,458,458,458,458,458,458,
2026-09-07,NAPANEE-G3,GAS,Output,233,231,231,231,231,242,242,245,246,275,345,380,400,400,366,401,406,406,406,406,406,361,308,268,
2026-09-07,NIPIGONGS,GAS,Capability,23,23,23,23,23,23,23,23,23,23,23,23,23,23,23,23,23,23,23,23,23,23,23,23,
2026-09-07,NIPIGONGS,GAS,Output, , , , , , , , , , , , , , , , , , , , , , , , ,
2026-09-07,NORTH KENT,WIND,Available Capacity,99,99,99,99,99,99,99,99,99,99,99,99,99,99,99,99,99,99,99,99,99,99,99,99,
2026-09-07,NORTH KENT,WIND,Forecast,0,0,1,5,7,11,17,18,13,9,6,5,2,1,0,1,4,7,4,2,9,16,12,14,
2026-09-07,NORTH KENT,WIND,Output,0,0,2,7,8,12,19,18,13,10,7,5,2,1,1,1,5,7,5,3,11,17,13,15,
2026-09-07,NORTHBAYGS,GAS,Capability,60,60,60,60,60,60,60,60,60,60,60,60,60,60,60,60,60,60,60,60,60,60,60,60,
2026-09-07,NORTHBAYGS,GAS,Output,0,0,0,0,0,0,0,0,0,0,0,0,0,0,0,0,0,0,0,0,0,0,0,0,
2026-09-07,NORTHLAND POWER SOLAR FACILITIES,SOLAR,Available Capacity,40,40,40,40,40,40,40,40,40,40,40,40,40,40,40,40,40,40,40,40,40,40,40,40,
2026-09-07,NORTHLAND POWER SOLAR FACILITIES,SOLAR,Forecast,0,0,0,0,0,0,0,8,10,10,19,16,9,9,5,3,3,1,0,0,0,0,0,0,
2026-09-07,NORTHLAND POWER SOLAR FACILITIES,SOLAR,Output,0,0,0,0,0,0,1,9,7,10,21,14,6,9,3,2,3,1,0,0,0,0,0,0,
2026-09-07,NPIROQFALLS,GAS,Capability,125,125,125,125,125,125,125,125,125,125,125,125,125,125,125,125,125,125,125,125,125,125,125,125,
2026-09-07,NPIROQFALLS,GAS,Output,0,0,0,0,0,0,0,0,0,0,0,0,0,0,0,0,0,0,0,0,0,0,0,0,
2026-09-07,NPKIRKLAND-G1-G5,GAS,Capability,82,82,82,82,82,82,82,82,24,24,24,24,24,24,24,24,24,24,24,24,24,24,24,82,
2026-09-07,NPKIRKLAND-G1-G5,GAS,Output,0,0,0,0,0,0,0,1,2,2,2,1,1,1,24,36,48,49,49,50,50,2,0,0,
2026-09-07,NPKIRKLAND-G6,GAS,Capability,33,33,33,33,33,33,33,33,33,33,33,33,33,33,33,33,33,33,33,33,33,33,33,33,
2026-09-07,NPKIRKLAND-G6,GAS,Output,0,0,0,0,0,0,0,0,0,0,0,0,0,0,0,0,14,5,0,0,0,0,0,0,
2026-09-07,ONEIDA ENERGY STORAGE,OTHER,Capability,250,250,250,250,250,250,250,250,250,250,250,250,250,250,250,250,250,250,250,250,250,250,250,250,
2026-09-07,ONEIDA ENERGY STORAGE,OTHER,Output,0,0,0,0,0,0,0,0,0,0,0,0,0,0,0,0,176,249,251,205,112,0,0,0,
2026-09-07,OTTERRAPIDS,HYDRO,Capability,152,152,152,152,152,152,152,152,152,152,152,152,152,152,152,152,152,152,152,152,152,152,152,152,
2026-09-07,OTTERRAPIDS,HYDRO,Output,78,39,38,38,38,38,39,43,43,44,86,87,87,125,127,127,127,127,128,82,100,82,41,11,
2026-09-07,PAROCHES,WIND,Available Capacity,49,49,49,49,49,49,49,49,49,49,49,49,49,49,49,49,49,49,49,49,49,49,49,49,
2026-09-07,PAROCHES,WIND,Forecast,0,0,0,0,0,1,2,1,2,4,6,5,1,0,1,3,6,6,1,2,6,8,6,6,
2026-09-07,PAROCHES,WIND,Output,0,0,0,1,1,2,3,2,2,5,7,5,2,1,1,4,7,6,2,3,7,9,7,7,
2026-09-07,PETER SUTHERLAND SR,HYDRO,Capability,27,27,27,27,27,27,27,27,27,27,27,27,27,27,27,27,27,27,27,27,27,27,27,27,
2026-09-07,PETER SUTHERLAND SR,HYDRO,Output,28,28,28,28,28,28,28,28,28,28,28,28,28,28,28,28,28,28,28,28,28,28,28,28,
2026-09-07,PICKERINGB-G5,NUCLEAR,Capability,500,500,500,500,500,500,500,500,500,500,500,500,500,500,500,500,500,500,500,500,500,500,500,500,
2026-09-07,PICKERINGB-G5,NUCLEAR,Output,498,498,498,498,499,500,500,500,500,499,498,498,497,496,497,497,497,496,496,496,496,497,498,498,
2026-09-07,PICKERINGB-G6,NUCLEAR,Capability,500,500,500,500,500,500,500,500,500,500,500,500,500,500,500,500,500,500,500,500,500,500,500,500,
2026-09-07,PICKERINGB-G6,NUCLEAR,Output,495,497,497,495,497,498,499,499,499,498,498,497,496,495,496,496,496,496,496,496,496,497,497,497,
2026-09-07,PICKERINGB-G7,NUCLEAR,Capability,510,510,510,510,510,510,510,510,510,510,510,510,510,510,510,510,510,510,510,510,495,495,495,495,
2026-09-07,PICKERINGB-G7,NUCLEAR,Output,510,510,510,509,510,511,511,512,512,511,510,510,509,508,508,506,508,508,508,506,506,496,496,508,
2026-09-07,PICKERINGB-G8,NUCLEAR,Capability,500,500,500,500,500,500,500,500,500,500,500,500,500,500,500,500,500,500,500,500,500,500,500,500,
2026-09-07,PICKERINGB-G8,NUCLEAR,Output,503,501,503,503,504,504,504,505,505,505,504,504,502,502,502,501,501,502,502,502,501,502,503,504,
2026-09-07,PINEPORTAGE,HYDRO,Capability,72,72,72,72,72,72,72,72,72,72,72,72,72,72,72,72,72,72,72,72,72,72,72,72,
2026-09-07,PINEPORTAGE,HYDRO,Output,64,64,64,64,64,64,64,64,65,65,65,65,65,65,64,64,64,64,65,65,65,65,65,65,
2026-09-07,PORT BURWELL,WIND,Available Capacity,99,99,99,99,99,99,99,99,99,99,99,99,99,99,99,99,99,99,99,99,99,99,99,99,
2026-09-07,PORT BURWELL,WIND,Forecast,12,6,1,1,4,0,2,4,1,0,1,5,5,3,3,2,1,2,0,0,0,0,0,0,
2026-09-07,PORT BURWELL,WIND,Output,13,5,1,1,3,0,3,4,0,1,2,6,5,4,4,2,1,2,0,0,0,0,0,0,
2026-09-07,PORTALMA-T1,WIND,Available Capacity,101,101,101,101,101,101,101,101,101,101,101,101,101,101,101,101,101,101,101,101,101,101,101,101,
2026-09-07,PORTALMA-T1,WIND,Forecast,0,0,3,5,4,3,3,6,10,21,16,15,9,9,12,16,17,20,11,10,16,16,14,11,
2026-09-07,PORTALMA-T1,WIND,Output,0,1,4,5,4,3,4,7,14,21,17,15,8,9,14,18,18,20,11,11,17,17,14,11,
2026-09-07,PORTALMA-T3,WIND,Available Capacity,101,101,101,101,101,101,101,101,101,101,101,101,101,101,101,101,101,101,101,101,101,101,101,101,
2026-09-07,PORTALMA-T3,WIND,Forecast,0,0,3,7,6,3,3,4,7,20,19,19,10,9,11,22,23,24,15,16,24,18,14,11,
2026-09-07,PORTALMA-T3,WIND,Output,0,0,4,8,6,3,3,4,9,21,21,19,9,9,12,24,23,23,15,18,25,18,14,11,
2026-09-07,PORTLANDS-G1,GAS,Capability,207,207,207,207,207,207,207,207,207,207,207,207,207,207,207,207,207,207,207,207,207,207,207,207,
2026-09-07,PORTLANDS-G1,GAS,Output,13,0,0,0,0,0,0,4,44,172,185,180,184,184,181,183,183,183,184,184,184,185,186,132,
2026-09-07,PORTLANDS-G2,GAS,Capability,214,214,214,214,214,214,214,214,214,214,214,214,214,214,214,214,214,214,214,214,214,214,214,214,
2026-09-07,PORTLANDS-G2,GAS,Output,0,0,0,0,0,0,0,0,0,0,5,46,170,182,182,181,182,182,182,183,183,184,185,132,
2026-09-07,PORTLANDS-G3,GAS,Capability,225,225,225,225,225,225,225,225,225,225,225,225,225,225,225,225,225,225,225,225,225,225,225,225,
2026-09-07,PORTLANDS-G3,GAS,Output,9,0,0,0,0,0,0,0,19,91,103,131,200,217,224,227,227,227,227,227,227,228,228,167,
2026-09-07,PRINCEFARM,WIND,Available Capacity,189,189,189,189,189,189,189,189,189,189,189,189,189,189,189,189,189,189,189,189,189,189,189,189,
2026-09-07,PRINCEFARM,WIND,Forecast,0,0,0,0,0,0,1,1,0,0,0,2,2,4,10,7,4,1,9,25,31,33,49,52,
2026-09-07,PRINCEFARM,WIND,Output,0,0,0,0,0,0,2,1,0,0,0,2,3,5,11,7,4,2,13,26,35,35,51,56,
2026-09-07,RAILBEDWF-LT.AG_SR,WIND,Available Capacity,270,270,270,270,270,270,270,270,270,270,270,270,270,270,270,270,270,270,270,270,270,270,270,270,
2026-09-07,RAILBEDWF-LT.AG_SR,WIND,Forecast,0,3,12,17,19,23,23,28,24,53,37,33,19,16,20,28,37,38,17,19,35,33,25,31,
2026-09-07,RAILBEDWF-LT.AG_SR,WIND,Output,0,4,13,18,20,24,24,28,26,54,37,32,18,17,20,31,38,37,17,20,37,32,25,31,
2026-09-07,RAYNER,HYDRO,Capability,42,42,42,42,42,42,42,42,42,42,42,42,42,42,42,42,42,42,42,42,42,42,42,42,
2026-09-07,RAYNER,HYDRO,Output,0,0,0,0,0,0,38,35,39,30,30,1,0,0,0,1,30,30,32,33,32,1,0,0,
2026-09-07,REDROCK,HYDRO,Capability,19,19,19,19,19,19,19,19,19,19,19,19,19,19,19,19,19,19,19,19,19,19,19,19,
2026-09-07,REDROCK,HYDRO,Output,0,0,0,0,13,13,13,13,13,12,12,13,12,12,12,12,12,13,13,13,1,0,0,0,
2026-09-07,RIPLEY SOUTH,WIND,Available Capacity,76,76,76,76,76,76,76,76,76,76,76,76,76,76,76,76,76,76,76,76,76,76,76,76,
2026-09-07,RIPLEY SOUTH,WIND,Forecast,17,10,6,4,2,1,1,0,0,0,0,1,2,3,2,2,1,1,1,1,3,6,7,4,
2026-09-07,RIPLEY SOUTH,WIND,Output,18,9,7,4,3,2,1,0,0,0,0,2,3,4,3,2,1,1,1,2,4,6,8,4,
2026-09-07,ROMNEY,WIND,Available Capacity,11,11,11,11,11,11,11,11,11,11,11,11,11,11,11,11,11,11,11,11,11,11,11,11,
2026-09-07,ROMNEY,WIND,Forecast,0,0,0,1,1,0,0,1,1,2,2,3,1,1,1,2,3,3,2,2,3,2,2,2,
2026-09-07,ROMNEY,WIND,Output,0,1,2,4,4,2,4,4,7,11,11,11,6,6,7,13,15,17,13,17,18,14,13,13,
2026-09-07,SANDUSK-LT.AG_T1,WIND,Available Capacity,104,104,104,104,104,104,104,104,104,104,104,104,104,104,104,104,104,104,104,104,104,104,104,104,
2026-09-07,SANDUSK-LT.AG_T1,WIND,Forecast,9,9,0,0,0,0,0,1,0,0,0,1,1,0,0,1,1,0,0,0,0,0,0,0,
2026-09-07,SANDUSK-LT.AG_T1,WIND,Output,10,8,0,0,0,0,0,2,0,0,0,1,1,1,1,1,1,1,0,0,0,0,0,0,
2026-09-07,SAUNDERS,HYDRO,Capability,987,987,987,987,987,987,987,987,987,987,987,987,987,987,987,987,987,987,987,987,987,987,987,987,
2026-09-07,SAUNDERS,HYDRO,Output,805,805,807,811,812,813,861,861,863,860,858,858,857,857,857,859,860,858,858,860,862,864,863,813,
2026-09-07,SHANNON,WIND,Available Capacity,91,91,91,91,91,91,91,91,91,91,91,91,91,91,91,91,91,91,91,91,91,91,91,91,
2026-09-07,SHANNON,WIND,Forecast,0,0,0,0,0,0,6,7,1,0,0,0,0,0,0,0,0,0,0,0,0,0,0,0,
2026-09-07,SHANNON,WIND,Output,0,0,0,0,0,0,8,7,1,0,0,0,0,0,0,0,0,0,0,0,0,0,0,0,
2026-09-07,SILVERFALLS,HYDRO,Capability,51,51,51,51,51,51,51,51,51,51,51,51,51,51,51,51,51,51,51,51,51,51,51,51,
2026-09-07,SILVERFALLS,HYDRO,Output,2,0,47,2,0,47,2,0,44,2,0,43,2,0,44,2,0,42,2,0,44,2,0,45,
2026-09-07,SITHE GOREWAY-G11,GAS,Capability,212,212,212,212,212,212,212,212,212,212,212,212,212,212,212,212,212,212,212,212,212,212,212,212,
2026-09-07,SITHE GOREWAY-G11,GAS,Output,190,191,190,191,191,193,193,192,189,188,188,188,188,187,187,187,187,187,188,189,188,189,189,190,
2026-09-07,SITHE GOREWAY-G12,GAS,Capability,212,212,212,212,212,212,212,212,212,212,212,212,212,212,212,212,212,212,212,212,212,212,212,212,
2026-09-07,SITHE GOREWAY-G12,GAS,Output,183,183,180,147,84,0,0,0,0,0,0,0,0,0,43,153,178,179,180,180,180,180,177,178,
2026-09-07,SITHE GOREWAY-G13,GAS,Capability,212,212,212,212,212,212,212,212,212,212,212,212,212,212,212,212,212,212,212,212,212,212,212,212,
2026-09-07,SITHE GOREWAY-G13,GAS,Output,186,186,186,177,176,190,190,188,186,185,184,184,184,184,183,183,183,182,182,183,184,182,182,181,
2026-09-07,SITHE GOREWAY-G15,GAS,Capability,362,362,362,362,362,362,362,362,362,362,362,362,362,362,362,362,362,362,362,362,362,362,362,362,
2026-09-07,SITHE GOREWAY-G15,GAS,Output,330,330,300,278,244,198,203,202,202,206,205,209,209,208,221,289,322,325,327,329,330,317,310,312,
2026-09-07,SMOKY 2,HYDRO,Capability,266,266,266,266,266,266,266,266,266,266,266,266,266,266,266,266,266,266,266,266,266,266,266,266,
2026-09-07,SMOKY 2,HYDRO,Output,0,0,0,0,0,0,0,0,0,0,0,77,80,80,156,159,159,159,162,163,164,83,2,0,
2026-09-07,SOUTHGATE SF,SOLAR,Available Capacity,50,50,50,50,50,50,50,50,50,50,50,50,50,50,50,50,50,50,50,50,50,50,50,50,
2026-09-07,SOUTHGATE SF,SOLAR,Forecast,0,0,0,0,0,0,1,11,24,34,42,45,40,38,34,30,18,7,0,0,0,0,0,0,
2026-09-07,SOUTHGATE SF,SOLAR,Output,0,0,0,0,0,0,2,12,25,35,43,46,39,37,36,29,20,9,0,0,0,0,0,0,
2026-09-07,SPENCE,WIND,Available Capacity,99,99,99,99,99,99,99,99,99,99,99,99,99,99,99,99,99,99,99,99,99,99,99,99,
2026-09-07,SPENCE,WIND,Forecast,1,1,3,4,4,6,8,10,9,14,11,9,6,3,5,4,6,6,1,0,3,2,2,3,
2026-09-07,SPENCE,WIND,Output,2,2,4,4,5,6,9,11,10,15,11,9,5,4,5,5,7,6,1,0,3,2,2,3,
2026-09-07,STCLAIRCGS,GAS,Capability,614,614,614,614,614,614,614,614,614,614,614,614,614,614,614,614,614,614,614,614,614,614,614,614,
2026-09-07,STCLAIRCGS,GAS,Output,587,584,298,197,208,291,283,280,289,344,570,589,591,594,590,620,653,654,655,649,650,595,586,583,
2026-09-07,STEEPHILL,HYDRO,Capability,14,14,14,14,14,14,14,14,14,14,14,14,14,14,14,14,14,14,14,14,14,14,14,14,
2026-09-07,STEEPHILL,HYDRO,Output,3,3,3,3,3,3,3,3,3,3,3,3,3,3,3,3,3,3,3,3,3,3,3,3,
2026-09-07,STEWARTVLE,HYDRO,Capability,120,120,120,120,120,120,120,120,120,120,120,120,120,120,120,120,120,120,120,120,120,120,120,120,
2026-09-07,STEWARTVLE,HYDRO,Output,0,0,0,0,0,0,0,0,0,0,0,0,0,0,0,49,50,50,50,50,50,50,1,0,
2026-09-07,STONE MILLS SF,SOLAR,Available Capacity,54,54,54,54,54,54,54,54,54,54,54,54,54,54,54,54,54,54,54,54,54,54,54,54,
2026-09-07,STONE MILLS SF,SOLAR,Forecast,0,0,0,0,0,0,5,21,38,51,53,51,52,44,38,26,12,5,0,0,0,0,0,0,
2026-09-07,STONE MILLS SF,SOLAR,Output,0,0,0,0,0,0,5,21,39,52,53,52,54,43,38,25,13,6,1,0,0,0,0,0,
2026-09-07,SUMMERHAVEN,WIND,Available Capacity,124,124,124,124,124,124,124,124,124,124,124,124,124,124,124,124,124,124,124,124,124,124,124,124,
2026-09-07,SUMMERHAVEN,WIND,Forecast,0,0,0,0,0,0,0,0,0,0,0,0,0,0,0,0,0,0,0,0,0,0,0,0,
2026-09-07,SUMMERHAVEN,WIND,Output,0,0,0,0,0,0,0,0,0,0,0,0,0,0,0,0,1,0,0,0,0,0,0,0,
2026-09-07,TAOHSC,GAS,Capability,70,70,70,70,70,70,70,70,70,70,70,70,70,70,70,70,70,70,70,70,70,70,70,70,
2026-09-07,TAOHSC,GAS,Output,0,0,0,0,0,0,0,0,0,0,0,0,0,0,0,0,0,0,0,0,0,0,0,0,
2026-09-07,TASARNIA,GAS,Capability,505,505,505,505,505,505,505,505,505,505,505,505,505,505,505,505,505,505,505,505,505,505,505,505,
2026-09-07,TASARNIA,GAS,Output,242,243,243,243,238,233,229,229,230,230,231,241,345,388,334,376,393,395,397,397,393,335,263,230,
2026-09-07,TAWINDSOR,GAS,Capability,76,76,76,76,76,76,76,76,76,76,76,76,76,76,76,76,76,76,76,76,76,76,76,76,
2026-09-07,TAWINDSOR,GAS,Output,0,0,0,0,0,0,0,0,0,0,0,0,0,0,0,0,0,0,0,0,0,0,0,0,
2026-09-07,TBAYBOWATER CTS,BIOFUEL,Capability,50,50,50,50,50,50,50,50,50,50,50,50,50,50,50,50,50,50,50,50,50,50,50,50,
2026-09-07,TBAYBOWATER CTS,BIOFUEL,Output,0,0,0,0,0,0,0,0,0,0,0,0,0,0,0,0,0,0,0,0,0,0,0,0,
2026-09-07,THOROLDCGS,GAS,Capability,303,303,303,303,303,303,303,303,303,303,303,303,303,303,303,303,303,303,303,303,303,303,303,303,
2026-09-07,THOROLDCGS,GAS,Output,199,198,198,198,198,198,197,198,199,199,204,218,233,244,206,252,265,256,255,255,261,226,226,216,
2026-09-07,TILBURY BATTERY STORAGE,OTHER,Capability,87,87,87,87,87,87,87,87,87,87,87,87,87,87,87,87,87,87,87,87,87,87,87,87,
2026-09-07,TILBURY BATTERY STORAGE,OTHER,Output,0,0,0,0,0,0,0,0,0,0,0,0,0,0,0,23,67,80,80,80,1,0,0,0,
2026-09-07,TUNISGS,GAS,Capability,59,59,59,59,59,59,59,59,59,59,59,59,59,59,59,59,59,59,59,59,59,59,59,59,
2026-09-07,TUNISGS,GAS,Output,0,0,0,0,0,0,0,0,0,0,0,0,0,0,0,0,0,0,0,0,0,0,0,0,
2026-09-07,UMBATAFALLS,HYDRO,Capability,24,24,24,24,24,24,24,24,24,24,24,24,24,24,24,24,24,24,24,24,24,24,24,24,
2026-09-07,UMBATAFALLS,HYDRO,Output,4,4,4,4,4,3,2,2,2,2,2,2,2,2,2,2,2,2,2,4,4,4,4,4,
2026-09-07,UNDERWOOD,WIND,Available Capacity,182,182,182,182,182,182,182,182,182,182,182,182,182,182,182,182,182,182,182,182,182,182,182,182,
2026-09-07,UNDERWOOD,WIND,Forecast,3,0,0,0,0,0,0,0,0,0,0,0,0,0,0,0,0,0,0,0,0,0,0,0,
2026-09-07,UNDERWOOD,WIND,Output,2,0,0,0,0,0,0,0,0,0,0,0,0,0,0,0,0,0,0,0,0,0,0,0,
2026-09-07,UPPER WHITE RIVER,HYDRO,Capability,0,0,0,0,0,0,0,0,0,0,0,0,0,0,0,0,0,0,0,0,0,0,0,0,
2026-09-07,UPPER WHITE RIVER,HYDRO,Output,1,1,1,1,1,1,1,1,1,1,1,1,1,1,1,1,1,1,0,0,0,0,0,0,
2026-09-07,VAUGHAN 1 BESS,OTHER,Capability,27,27,27,27,27,27,27,27,27,27,27,27,27,27,27,27,27,27,27,27,27,27,27,27,
2026-09-07,VAUGHAN 1 BESS,OTHER,Output,0,0,0,0,0,0,0,0,0,0,0,0,0,0,0,0,0,0,0,0,0,0,0,0,
2026-09-07,WELLS,HYDRO,Capability,210,210,210,210,210,210,210,210,210,210,210,210,210,210,210,210,210,210,210,210,210,210,210,210,
2026-09-07,WELLS,HYDRO,Output,0,0,0,0,0,0,0,0,0,0,0,0,1,0,0,0,0,0,0,0,0,0,0,0,
2026-09-07,WEST LINCOLN NRWF,WIND,Available Capacity,230,230,230,230,230,230,230,230,230,230,230,230,230,230,230,230,230,230,230,230,230,230,230,230,
2026-09-07,WEST LINCOLN NRWF,WIND,Forecast,1,0,0,0,0,0,0,0,0,0,0,0,0,0,0,0,0,0,0,0,0,0,0,0,
2026-09-07,WEST LINCOLN NRWF,WIND,Output,1,0,0,0,0,0,0,0,0,0,0,0,0,0,0,0,0,0,0,0,0,0,0,0,
2026-09-07,WESTWINDSOR,GAS,Capability,5,5,5,5,5,5,5,5,5,5,5,5,5,5,5,5,5,5,5,5,5,5,5,5,
2026-09-07,WESTWINDSOR,GAS,Output,0,0,0,0,0,0,0,0,0,0,0,0,0,0,0,0,0,0,0,0,0,0,0,0,
2026-09-07,WHITBYCGS,GAS,Capability,55,55,55,55,55,55,55,55,55,55,55,55,55,55,55,55,55,55,55,55,55,55,55,55,
2026-09-07,WHITBYCGS,GAS,Output,0,0,0,0,0,0,0,0,0,0,0,0,0,0,0,0,0,0,0,0,0,0,0,0,
2026-09-07,WHITEDOG,HYDRO,Capability,68,68,68,68,68,68,68,68,68,68,68,68,68,68,45,45,45,45,45,45,45,45,45,45,
2026-09-07,WHITEDOG,HYDRO,Output,16,16,16,16,16,16,16,16,16,16,16,16,16,16,16,16,16,16,16,16,16,16,16,16,
2026-09-07,WINDSOR AIRPORT SF,SOLAR,Available Capacity,50,50,50,50,50,50,50,50,50,50,50,50,50,50,50,50,50,50,50,50,50,50,50,50,
2026-09-07,WINDSOR AIRPORT SF,SOLAR,Forecast,0,0,0,0,0,0,0,8,22,32,38,42,40,38,39,28,20,8,1,0,0,0,0,0,
2026-09-07,WINDSOR AIRPORT SF,SOLAR,Output,0,0,0,0,0,0,1,9,23,32,40,44,39,40,40,28,22,8,1,0,0,0,0,0,
2026-09-07,WOLFE ISLAND,WIND,Available Capacity,171,171,171,171,171,171,171,171,171,171,171,171,171,171,171,171,171,171,171,171,171,171,171,171,
2026-09-07,WOLFE ISLAND,WIND,Forecast,11,6,6,10,18,21,21,13,4,1,1,2,8,22,38,44,59,45,23,12,13,15,10,6,
2026-09-07,WOLFE ISLAND,WIND,Output,13,8,7,14,21,26,24,14,5,2,2,4,10,27,46,53,69,48,26,13,16,16,11,7,
2026-09-07,YORK BESS,OTHER,Capability,132,132,132,132,132,132,132,132,132,132,132,132,132,132,132,132,132,132,132,132,132,132,132,132,
2026-09-07,YORK BESS,OTHER,Output,0,0,0,0,0,0,0,0,0,0,0,0,0,0,0,0,0,118,115,73,0,0,0,0,
2026-09-07,YORKCGS-G1,GAS,Capability,233,233,233,233,233,233,233,233,233,233,233,233,233,233,233,233,233,233,233,233,233,233,233,233,
2026-09-07,YORKCGS-G1,GAS,Output,0,0,0,0,0,0,0,0,0,0,0,0,0,0,0,0,0,0,0,0,0,0,0,0,
2026-09-07,YORKCGS-G2,GAS,Capability,233,233,233,233,233,233,233,233,233,233,233,233,233,233,233,233,233,233,233,233,233,233,233,233,
2026-09-07,YORKCGS-G2,GAS,Output,0,0,0,0,0,0,0,0,0,0,0,0,0,0,0,0,0,0,0,0,0,0,0,0,
2026-09-07,ZURICH,WIND,Available Capacity,99,99,99,99,99,99,99,99,99,99,99,99,99,99,90,90,90,90,90,90,90,99,99,99,
2026-09-07,ZURICH,WIND,Forecast,28,9,5,15,6,1,4,4,1,0,0,0,2,3,5,3,0,0,0,0,0,0,0,0,
2026-09-07,ZURICH,WIND,Output,27,7,7,15,5,3,5,4,1,0,0,0,2,3,5,3,0,1,0,0,0,0,0,0,
2026-09-08,ABKENORA,HYDRO,Capability,11,11,11,11,11,11,11,11,11,11,11,11,11,11,11,11,11,11,11,11,11,11,11,11,
2026-09-08,ABKENORA,HYDRO,Output,7,7,7,7,7,7,7,7,7,7,7,7,7,7,7,7,7,7,7,7,7,7,7,7,
2026-09-08,ADELAIDE,WIND,Available Capacity,60,60,60,60,60,60,60,60,60,60,60,60,60,60,60,60,60,60,60,60,60,60,60,60,
2026-09-08,ADELAIDE,WIND,Forecast,0,0,0,0,0,0,1,0,0,0,0,0,0,0,0,2,9,15,12,13,29,31,19,16,
2026-09-08,ADELAIDE,WIND,Output,0,0,0,0,0,1,1,0,0,0,0,0,0,0,0,3,11,14,13,16,32,30,20,16,
2026-09-08,AGUASABON,HYDRO,Capability,49,49,49,49,49,49,49,49,49,49,49,49,49,49,49,49,49,49,49,49,49,49,49,49,
2026-09-08,AGUASABON,HYDRO,Output,0,0,0,0,0,0,0,0,0,0,0,0,0,19,19,38,38,37,37,41,1,0,0,0,
2026-09-08,ALEXANDER,HYDRO,Capability,53,53,53,53,53,53,53,53,53,53,53,53,53,53,53,53,53,53,53,53,53,53,53,53,
2026-09-08,ALEXANDER,HYDRO,Output,45,45,45,45,45,46,45,46,44,44,45,45,45,45,44,45,45,45,45,45,45,44,44,44,
2026-09-08,AMARANTH,WIND,Available Capacity,183,183,183,183,183,183,183,183,183,183,183,183,183,183,183,183,183,183,183,183,183,183,183,183,
2026-09-08,AMARANTH,WIND,Forecast,0,0,0,0,0,0,0,0,0,0,0,0,0,0,0,0,3,10,17,28,53,40,23,14,
2026-09-08,AMARANTH,WIND,Output,0,0,0,0,0,0,0,0,0,0,0,0,0,0,0,1,4,12,21,34,61,45,20,17,
2026-09-08,AMHERST ISLAND,WIND,Available Capacity,74,74,74,74,74,74,74,74,74,74,74,74,74,74,74,74,74,74,74,74,74,74,74,74,
2026-09-08,AMHERST ISLAND,WIND,Forecast,22,12,5,5,6,3,4,2,0,0,0,0,0,3,2,1,1,1,0,0,0,3,8,1,
2026-09-08,AMHERST ISLAND,WIND,Output,22,12,5,6,6,2,5,2,0,0,0,0,1,4,3,1,1,2,0,0,0,5,8,1,
2026-09-08,APIROQUOIS,HYDRO,Capability,107,107,107,107,107,107,107,107,107,107,107,107,107,107,107,107,107,107,107,107,107,107,107,107,
2026-09-08,APIROQUOIS,HYDRO,Output,46,46,46,46,47,49,48,52,56,56,56,56,56,55,55,55,55,55,54,54,54,54,54,49,
2026-09-08,ARLEN BESS,OTHER,Capability,0,0,0,0,0,0,0,0,0,0,0,0,0,0,0,0,0,0,0,0,0,0,0,0,
2026-09-08,ARLEN BESS,OTHER,Output,0,0,0,0,0,0,0,0,0,0,0,0,0,0,0,0,0,0,0,0,0,0,0,0,
2026-09-08,ARMOW,WIND,Available Capacity,180,180,180,180,180,180,180,180,180,180,180,180,180,180,180,180,180,180,180,180,180,180,180,180,
2026-09-08,ARMOW,WIND,Forecast,5,15,13,19,19,14,7,3,1,0,0,0,0,0,0,0,3,3,4,56,139,84,49,60,
2026-09-08,ARMOW,WIND,Output,7,16,13,21,20,12,7,3,1,0,0,0,0,0,0,0,3,3,6,67,142,77,49,65,
2026-09-08,ARNPRIOR,HYDRO,Capability,41,41,41,41,41,41,41,41,41,41,41,41,41,41,41,41,41,41,41,41,41,41,41,41,
2026-09-08,ARNPRIOR,HYDRO,Output,0,0,0,0,0,0,0,0,0,0,0,36,2,37,38,2,37,38,38,38,0,0,36,38,
2026-09-08,ATIKOKAN-G1,BIOFUEL,Capability,135,135,135,135,135,135,135,135,135,135,135,135,135,135,135,135,135,135,135,135,135,135,135,135,
2026-09-08,ATIKOKAN-G1,BIOFUEL,Output,0,0,0,0,0,0,0,0,0,20,52,56,80,78,61,71,107,121,99,93,77,55,51,33,
2026-09-08,AUBREYFALLS,HYDRO,Capability,132,132,132,132,132,132,132,132,132,132,132,132,132,132,132,132,132,132,132,132,132,132,132,132,
2026-09-08,AUBREYFALLS,HYDRO,Output,0,0,0,0,0,0,0,0,0,0,0,0,0,0,0,0,64,64,64,4,0,0,0,0,
2026-09-08,BARRETT,HYDRO,Capability,176,176,176,176,176,176,176,109,109,109,109,109,109,109,109,109,109,109,109,109,109,109,109,109,
2026-09-08,BARRETT,HYDRO,Output,0,0,0,0,0,0,0,0,0,0,0,0,57,77,77,77,77,78,78,81,61,60,55,2,
2026-09-08,BECK1,HYDRO,Capability,511,511,511,511,511,511,511,511,511,511,511,511,511,511,511,511,511,511,511,511,511,511,511,511,
2026-09-08,BECK1,HYDRO,Output,347,342,342,395,296,329,230,145,141,270,340,256,304,284,224,250,351,414,370,430,395,425,429,294,
2026-09-08,BECK2,HYDRO,Capability,1402,1402,1402,1402,1402,1402,1402,1402,1402,1402,1402,1402,1402,1402,1402,1402,1402,1402,1402,1402,1402,1402,1402,1402,
2026-09-08,BECK2,HYDRO,Output,1194,1209,1191,1231,1188,1261,1274,1091,1193,1041,1081,1196,1131,1141,1144,1124,1152,1079,1143,1141,1020,1159,1111,1009,
2026-09-08,BECK2 PGS,HYDRO,Capability,116,116,116,116,116,116,116,116,116,116,116,116,116,116,116,116,116,116,116,116,116,116,116,116,
2026-09-08,BECK2 PGS,HYDRO,Output,0,0,0,3,25,32,44,7,10,5,8,11,17,10,6,5,32,25,1,7,6,1,0,0,
2026-09-08,BELLE RIVER,WIND,Available Capacity,100,100,100,100,100,100,100,100,100,100,100,100,100,100,100,100,100,100,100,100,100,100,100,100,
2026-09-08,BELLE RIVER,WIND,Forecast,9,10,7,11,14,11,2,0,0,0,0,0,0,5,9,9,6,7,14,24,54,41,27,18,
2026-09-08,BELLE RIVER,WIND,Output,8,11,7,13,14,11,2,0,0,0,0,0,0,6,10,9,6,8,15,28,56,41,26,20,
2026-09-08,BLAKE,WIND,Available Capacity,60,60,60,60,60,60,60,60,60,60,60,60,60,60,60,60,60,60,60,60,60,60,60,60,
2026-09-08,BLAKE,WIND,Forecast,0,0,0,0,0,0,0,0,0,0,0,0,0,0,0,0,0,1,10,21,34,28,22,23,
2026-09-08,BLAKE,WIND,Output,0,0,0,0,0,0,0,0,0,0,0,0,0,0,0,0,0,2,12,23,36,28,21,24,
2026-09-08,BORNISH,WIND,Available Capacity,73,73,73,73,73,73,73,73,73,73,73,73,73,73,73,73,73,73,73,73,73,73,73,73,
2026-09-08,BORNISH,WIND,Forecast,0,0,0,0,0,0,1,0,0,0,0,0,0,0,0,1,8,17,18,21,35,33,26,22,
2026-09-08,BORNISH,WIND,Output,0,0,0,0,0,0,1,0,0,0,0,0,0,0,0,2,10,19,19,24,39,30,27,23,
2026-09-08,BOW LAKE,WIND,Available Capacity,20,20,20,20,20,20,20,20,20,20,20,20,20,20,20,20,20,20,20,20,20,20,20,20,
2026-09-08,BOW LAKE,WIND,Forecast,3,2,2,3,5,6,7,8,7,6,3,3,3,8,6,6,10,13,12,13,13,13,13,12,
2026-09-08,BOW LAKE,WIND,Output,3,2,3,4,6,7,7,9,8,6,3,4,4,8,6,8,11,14,12,13,13,14,13,13,
2026-09-08,BOW LAKE 2,WIND,Available Capacity,40,40,40,40,40,40,40,10,10,10,10,10,10,10,10,10,10,10,10,10,10,10,10,10,
2026-09-08,BOW LAKE 2,WIND,Forecast,3,5,6,8,10,14,14,3,3,3,2,2,2,3,3,4,5,6,6,7,7,7,7,7,
2026-09-08,BOW LAKE 2,WIND,Output,4,6,6,9,11,15,13,4,4,3,3,3,2,4,4,5,6,7,7,8,8,8,8,8,
2026-09-08,BRIGHTON BEACH,GAS,Capability,642,642,642,642,642,498,498,642,642,642,642,642,642,642,642,642,642,642,642,642,642,642,642,642,
2026-09-08,BRIGHTON BEACH,GAS,Output,246,240,241,241,242,323,379,545,582,581,578,574,572,571,570,569,570,571,574,578,541,508,469,414,
2026-09-08,BRUCEA-G1,NUCLEAR,Capability,828,828,828,828,828,828,828,828,828,828,828,828,828,828,828,828,828,828,828,828,828,828,828,828,
2026-09-08,BRUCEA-G1,NUCLEAR,Output,819,818,817,815,814,812,811,813,815,814,812,808,807,806,807,806,810,810,811,811,808,814,814,814,
2026-09-08,BRUCEA-G2,NUCLEAR,Capability,828,828,828,828,828,828,828,828,828,828,828,828,828,828,828,828,828,828,828,828,828,828,828,828,
2026-09-08,BRUCEA-G2,NUCLEAR,Output,810,810,808,807,807,805,805,806,808,807,806,803,802,804,807,809,812,813,812,812,812,812,813,812,
2026-09-08,BRUCEA-G3,NUCLEAR,Capability,795,795,795,795,795,795,795,795,795,795,795,795,795,795,795,795,795,795,795,795,795,795,795,795,
2026-09-08,BRUCEA-G3,NUCLEAR,Output,806,808,809,807,806,804,802,804,806,806,804,799,797,796,796,799,802,802,802,802,802,802,802,800,
2026-09-08,BRUCEA-G4,NUCLEAR,Capability,0,0,0,0,0,0,0,0,0,0,0,0,0,0,0,0,0,0,0,0,0,0,0,0,
2026-09-08,BRUCEA-G4,NUCLEAR,Output,0,0,0,0,0,0,0,0,0,0,0,0,0,0,0,0,0,0,0,0,0,0,0,0,
2026-09-08,BRUCEB-G5,NUCLEAR,Capability,795,795,795,795,795,795,795,795,795,795,795,795,795,795,795,795,795,795,795,795,795,795,795,795,
2026-09-08,BRUCEB-G5,NUCLEAR,Output,808,806,805,803,804,807,807,807,806,807,806,806,806,807,807,807,807,807,805,806,806,806,806,805,
2026-09-08,BRUCEB-G6,NUCLEAR,Capability,817,817,817,817,817,817,817,817,817,817,817,817,817,817,817,817,817,817,817,817,817,817,817,817,
2026-09-08,BRUCEB-G6,NUCLEAR,Output,817,818,818,816,816,816,816,816,816,815,814,813,812,813,813,814,815,816,815,815,813,812,810,808,
2026-09-08,BRUCEB-G7,NUCLEAR,Capability,817,817,817,817,817,817,817,817,817,817,817,817,817,817,817,817,817,817,817,817,817,817,817,817,
2026-09-08,BRUCEB-G7,NUCLEAR,Output,825,825,825,825,824,824,824,824,824,823,821,820,819,820,820,821,821,821,821,821,820,819,818,816,
2026-09-08,BRUCEB-G8,NUCLEAR,Capability,817,817,817,817,817,817,817,817,817,817,817,817,817,817,817,817,817,817,817,817,817,817,817,817,
2026-09-08,BRUCEB-G8,NUCLEAR,Output,817,817,816,815,815,815,815,816,815,814,813,812,811,811,811,812,813,814,814,817,818,817,816,814,
2026-09-08,CALSTOCKGS,BIOFUEL,Capability,38,38,38,38,38,38,38,38,38,38,38,38,38,38,38,38,38,38,38,38,38,38,38,38,
2026-09-08,CALSTOCKGS,BIOFUEL,Output,15,15,15,15,15,11,11,11,11,17,24,25,25,25,25,25,25,25,26,26,27,27,27,18,
2026-09-08,CAMERONFALLS,HYDRO,Capability,71,71,71,71,71,71,71,71,71,71,71,71,71,71,71,71,71,71,71,71,71,71,71,71,
2026-09-08,CAMERONFALLS,HYDRO,Output,54,54,54,54,54,54,54,54,54,53,54,52,53,53,53,54,54,53,54,55,49,49,51,53,
2026-09-08,CANYON,HYDRO,Capability,348,348,348,348,348,348,348,348,348,348,348,348,348,348,348,348,348,348,348,348,348,348,348,348,
2026-09-08,CANYON,HYDRO,Output,84,99,75,30,48,60,63,58,59,59,59,60,112,157,164,222,225,219,277,284,232,234,130,120,
2026-09-08,CARDINAL,GAS,Capability,184,184,184,184,184,184,184,145,145,145,145,145,145,145,145,145,145,145,145,145,145,145,184,184,
2026-09-08,CARDINAL,GAS,Output,0,0,0,0,0,0,0,0,13,40,49,106,133,125,123,126,147,145,124,123,86,0,0,0,
2026-09-08,CARIBOUFALLS,HYDRO,Capability,94,94,94,94,94,94,94,94,94,94,94,94,94,94,94,94,94,94,94,94,94,94,94,94,
2026-09-08,CARIBOUFALLS,HYDRO,Output,27,27,27,27,28,26,29,30,30,29,28,28,28,28,28,28,28,28,28,27,27,27,27,27,
2026-09-08,CARMICHAEL,HYDRO,Capability,19,19,19,19,19,19,19,19,19,19,19,19,19,19,19,19,19,19,19,19,19,19,19,19,
2026-09-08,CARMICHAEL,HYDRO,Output,8,7,7,7,7,7,7,7,7,7,7,7,7,7,7,7,7,7,7,7,7,7,7,7,
2026-09-08,CEDAR POINT 2,WIND,Available Capacity,100,100,100,100,100,100,100,100,100,100,100,100,87,100,100,100,100,100,100,100,100,100,100,100,
2026-09-08,CEDAR POINT 2,WIND,Forecast,0,0,0,0,0,0,0,0,0,0,1,0,0,0,0,1,5,15,29,39,52,37,41,39,
2026-09-08,CEDAR POINT 2,WIND,Output,0,0,0,0,0,0,0,0,1,1,1,0,0,1,0,1,6,18,30,41,55,37,40,41,
2026-09-08,CHATSFALLS,HYDRO,Capability,144,144,144,144,144,144,72,72,72,72,72,72,72,72,72,72,144,144,144,144,144,144,144,144,
2026-09-08,CHATSFALLS,HYDRO,Output,91,91,91,91,86,81,63,69,70,70,70,70,70,70,70,70,114,139,140,142,138,118,117,95,
2026-09-08,CHENAUX,HYDRO,Capability,158,158,158,158,158,158,158,79,79,79,79,79,79,79,79,79,79,79,79,79,79,79,79,79,
2026-09-08,CHENAUX,HYDRO,Output,51,51,51,51,52,53,54,69,70,69,69,69,68,68,68,68,68,68,67,52,51,52,52,52,
2026-09-08,CLERGUE,HYDRO,Capability,33,33,33,33,33,33,33,33,33,33,33,33,33,33,33,33,33,33,33,33,33,33,33,33,
2026-09-08,CLERGUE,HYDRO,Output,34,34,33,33,34,34,33,34,34,34,34,33,33,33,33,33,34,34,32,33,34,32,33,34,
2026-09-08,COCHRANECGS,GAS,Capability,29,29,29,29,29,29,29,29,29,29,29,29,29,29,29,29,29,29,29,29,29,29,29,29,
2026-09-08,COCHRANECGS,GAS,Output,0,0,0,0,0,0,0,0,0,0,0,0,0,0,0,0,0,0,0,0,0,0,0,0,
2026-09-08,COMBER,WIND,Available Capacity,166,166,166,166,166,166,166,166,166,166,166,166,166,166,166,166,166,166,166,166,166,166,166,166,
2026-09-08,COMBER,WIND,Forecast,3,0,0,0,0,0,0,0,0,0,0,0,3,8,10,11,7,9,17,25,58,42,26,16,
2026-09-08,COMBER,WIND,Output,2,0,0,0,0,0,0,0,0,0,0,0,4,9,11,11,7,10,18,29,63,40,24,16,
2026-09-08,CRYSLER,WIND,Available Capacity,100,100,100,100,100,100,100,100,100,100,100,100,100,100,100,100,100,100,100,100,100,100,100,100,
2026-09-08,CRYSLER,WIND,Forecast,45,62,42,1,20,32,16,17,6,0,0,0,0,0,0,0,0,1,1,0,0,0,0,9,
2026-09-08,CRYSLER,WIND,Output,48,63,37,2,25,30,17,17,5,0,0,0,0,0,0,0,0,2,1,0,0,0,0,11,
2026-09-08,DA WATSON,HYDRO,Capability,12,12,12,12,12,12,12,12,12,12,12,12,12,12,12,12,12,12,12,12,12,12,12,12,
2026-09-08,DA WATSON,HYDRO,Output,13,13,14,14,13,13,13,12,12,12,11,11,11,11,11,11,11,11,11,11,11,11,11,12,
2026-09-08,DARLINGTON-G1,NUCLEAR,Capability,822,822,822,822,822,822,822,822,822,822,822,822,822,822,822,822,822,822,822,822,822,822,822,822,
2026-09-08,DARLINGTON-G1,NUCLEAR,Output,827,827,826,826,825,824,824,823,822,822,822,822,822,821,821,821,821,822,822,822,822,822,822,822,
2026-09-08,DARLINGTON-G2,NUCLEAR,Capability,0,0,0,0,0,0,0,0,0,0,0,0,0,0,0,0,0,0,0,0,0,0,0,0,
2026-09-08,DARLINGTON-G2,NUCLEAR,Output,0,0,0,0,0,0,0,0,0,0,0,0,0,0,0,0,0,0,0,0,0,0,0,0,
2026-09-08,DARLINGTON-G3,NUCLEAR,Capability,0,0,0,0,0,0,0,0,0,0,0,0,0,0,0,0,0,0,0,0,0,0,0,0,
2026-09-08,DARLINGTON-G3,NUCLEAR,Output,0,0,0,0,0,0,0,0,0,0,0,0,0,0,0,0,0,0,0,0,0,0,0,0,
2026-09-08,DARLINGTON-G4,NUCLEAR,Capability,0,0,0,0,0,0,0,0,0,0,0,0,0,0,0,0,0,0,0,0,0,0,0,0,
2026-09-08,DARLINGTON-G4,NUCLEAR,Output,0,0,0,0,0,0,0,0,0,0,0,0,0,0,0,0,0,0,0,0,0,0,0,0,
2026-09-08,DECEWFALLS,HYDRO,Capability,148,148,148,148,148,148,148,148,148,0,0,0,0,0,15,148,148,148,148,148,148,148,148,148,
2026-09-08,DECEWFALLS,HYDRO,Output,136,136,136,136,136,136,127,124,125,21,3,3,3,3,39,122,126,126,126,125,125,125,138,138,
2026-09-08,DECEWND1,HYDRO,Capability,29,29,29,29,29,29,29,29,29,29,29,29,29,29,29,29,29,29,29,29,29,29,29,29,
2026-09-08,DECEWND1,HYDRO,Output,19,19,19,19,19,19,19,19,19,19,19,19,19,19,19,19,19,19,19,19,19,19,19,19,
2026-09-08,DESJOACHIMS,HYDRO,Capability,429,429,429,429,429,429,429,429,429,429,429,429,429,429,429,429,429,429,429,429,429,429,429,429,
2026-09-08,DESJOACHIMS,HYDRO,Output,0,0,0,0,0,25,102,148,198,248,226,241,280,284,283,329,333,324,334,335,295,247,159,54,
2026-09-08,DESTEC,GAS,Capability,120,120,120,120,120,120,120,120,120,120,120,120,120,120,120,120,120,120,120,120,120,120,120,120,
2026-09-08,DESTEC,GAS,Output,0,0,0,0,0,0,0,0,0,0,0,0,0,0,0,0,0,0,0,0,0,0,0,0,
2026-09-08,DILLON,WIND,Available Capacity,78,78,78,78,78,78,78,78,78,78,78,78,78,78,78,78,78,78,78,78,78,78,78,78,
2026-09-08,DILLON,WIND,Forecast,0,0,0,0,0,0,0,0,0,0,0,0,0,1,2,3,2,2,7,13,26,20,11,9,
2026-09-08,DILLON,WIND,Output,0,0,0,0,0,0,0,0,0,0,1,0,1,1,3,4,3,3,8,15,28,19,11,10,
2026-09-08,DOWCHEMICAL,GAS,Capability,36,36,36,36,36,36,36,36,36,36,36,36,36,36,36,36,36,36,36,36,36,36,36,36,
2026-09-08,DOWCHEMICAL,GAS,Output,19,19,19,19,19,19,19,18,17,16,16,16,16,16,16,16,16,16,17,18,19,19,19,19,
2026-09-08,DPNTMTLND,GAS,Capability,52,52,52,52,52,52,52,52,52,52,52,52,52,52,52,52,52,52,52,52,52,52,52,52,
2026-09-08,DPNTMTLND,GAS,Output,0,0,0,0,0,0,0,0,0,0,0,0,0,0,3,21,39,41,21,21,10, , ,0,
2026-09-08,EARFALLS,HYDRO,Capability,18,18,18,18,18,18,18,18,18,18,18,18,18,18,18,18,18,18,18,18,18,18,18,18,
2026-09-08,EARFALLS,HYDRO,Output,16,16,16,16,16,16,16,16,16,16,16,16,16,16,16,16,16,16,16,16,16,16,16,16,
2026-09-08,EAST LAKE,WIND,Available Capacity,99,99,99,99,99,99,99,99,99,99,99,99,99,99,99,99,99,99,99,99,99,99,99,99,
2026-09-08,EAST LAKE,WIND,Forecast,8,8,6,7,4,2,1,5,3,1,1,1,1,1,2,6,10,7,11,18,37,32,26,32,
2026-09-08,EAST LAKE,WIND,Output,8,8,6,7,4,2,2,6,2,1,1,1,1,1,3,7,10,7,12,21,41,31,27,34,
2026-09-08,EAST WINDSOR-G1,GAS,Capability,46,46,46,46,46,46,46,46,46,46,46,46,46,46,46,46,46,46,46,46,0,46,46,46,
2026-09-08,EAST WINDSOR-G1,GAS,Output,0,0,0,0,0,0,0,0,0,0,0,0,0,0,0,0,0,0,0,15,28, , ,0,
2026-09-08,EAST WINDSOR-G2,GAS,Capability,46,46,46,46,46,46,46,46,46,46,46,46,46,46,46,46,46,46,46,46,0,46,46,46,
2026-09-08,EAST WINDSOR-G2,GAS,Output,0,0,0,0,0,0,0,0,0,0,0,0,0,0,0,0,0,0,0,15,31, , ,0,
2026-09-08,EAST WINDSOR-G3,GAS,Capability,107,107,107,107,107,107,107,107,107,107,107,107,107,107,107,107,107,107,107,107,107,107,107,107,
2026-09-08,EAST WINDSOR-G3,GAS,Output,1,1,1,1,1,1,1,1,1,1,1,1,1,1,1,1,1,1,1,1,1,1,1,1,
2026-09-08,ERIEAU,WIND,Available Capacity,99,99,99,99,99,99,99,99,99,99,99,99,99,99,99,99,99,99,99,99,99,99,99,99,
2026-09-08,ERIEAU,WIND,Forecast,3,1,0,1,3,0,0,0,0,0,1,1,1,2,3,3,4,4,9,17,22,16,7,8,
2026-09-08,ERIEAU,WIND,Output,3,1,0,1,3,0,0,0,0,0,1,1,1,2,3,4,4,4,12,18,23,14,7,10,
2026-09-08,FORTFRANCSWC,HYDRO,Capability,2,2,2,2,2,2,2,2,2,2,2,2,2,2,2,2,2,2,2,2,2,2,2,2,
2026-09-08,FORTFRANCSWC,HYDRO,Output,4,4,4,4,4,4,4,4,4,4,4,4,4,4,4,4,4,4,4,4,4,4,4,4,
2026-09-08,GARTSHORE,HYDRO,Capability,69,69,69,69,69,69,69,69,69,69,69,69,69,69,69,69,69,69,69,69,69,69,69,69,
2026-09-08,GARTSHORE,HYDRO,Output,0,0,0,0,0,0,0,0,0,0,9,10,10,10,0,0,0,0,0,0,0,0,0,0,
2026-09-08,GOREWAY BESS,OTHER,Capability,55,55,55,55,55,55,55,55,55,55,55,55,55,55,55,55,55,55,55,55,55,55,55,55,
2026-09-08,GOREWAY BESS,OTHER,Output,0,0,0,0,0,0,0,0,0,0,0,0,0,0,0,0,6,0,0,0,0,0,0,0,
2026-09-08,GOSFIELDWGS,WIND,Available Capacity,51,51,51,51,51,51,51,51,51,51,51,51,51,51,51,51,51,51,51,51,51,51,51,51,
2026-09-08,GOSFIELDWGS,WIND,Forecast,1,1,0,0,0,0,0,0,0,0,0,0,0,2,2,1,1,2,3,7,18,12,7,3,
2026-09-08,GOSFIELDWGS,WIND,Output,1,1,0,0,0,0,0,1,0,0,0,0,1,2,2,2,2,2,4,9,19,11,7,3,
2026-09-08,GOSHEN,WIND,Available Capacity,102,102,102,102,102,102,102,102,102,102,102,102,102,102,102,102,102,102,102,102,102,102,102,102,
2026-09-08,GOSHEN,WIND,Forecast,0,0,0,0,0,0,0,0,0,0,0,0,0,0,0,0,3,14,31,38,65,49,42,25,
2026-09-08,GOSHEN,WIND,Output,0,0,0,0,0,0,0,0,0,0,0,0,0,0,0,0,4,17,32,42,70,44,40,26,
2026-09-08,GOULAIS,WIND,Available Capacity,25,25,25,25,25,25,25,25,25,25,25,25,25,25,25,25,25,25,25,25,25,25,25,25,
2026-09-08,GOULAIS,WIND,Forecast,11,8,6,8,10,14,14,9,6,4,3,3,3,2,4,8,11,12,14,15,18,20,21,22,
2026-09-08,GOULAIS,WIND,Output,11,8,7,9,11,16,14,8,6,4,3,3,3,2,5,9,12,12,15,16,19,22,22,22,
2026-09-08,GRAND VALLEY 3,WIND,Available Capacity,40,40,40,40,40,40,40,40,40,40,40,40,40,40,40,40,40,40,40,40,40,40,40,40,
2026-09-08,GRAND VALLEY 3,WIND,Forecast,0,0,0,0,0,0,0,0,0,0,0,0,0,0,0,0,3,5,7,10,20,17,11,5,
2026-09-08,GRAND VALLEY 3,WIND,Output,0,0,0,0,0,0,0,0,0,0,0,0,0,0,0,1,4,6,8,12,21,18,9,8,
2026-09-08,GRANDSF,SOLAR,Available Capacity,100,100,100,100,100,100,100,100,100,100,100,100,100,100,100,100,100,100,100,100,100,100,100,100,
2026-09-08,GRANDSF,SOLAR,Forecast,0,0,0,0,0,0,2,23,47,63,68,69,70,79,70,42,25,14,1,0,0,0,0,0,
2026-09-08,GRANDSF,SOLAR,Output,0,0,0,0,0,0,3,24,49,65,67,68,75,78,69,38,29,15,2,0,0,0,0,0,
2026-09-08,GRANDWF,WIND,Available Capacity,149,149,149,149,149,149,149,149,149,149,149,149,149,149,149,149,149,149,149,149,149,149,149,149,
2026-09-08,GRANDWF,WIND,Forecast,0,0,0,0,0,0,1,2,0,0,1,5,1,3,1,0,0,0,0,0,0,0,0,0,
2026-09-08,GRANDWF,WIND,Output,0,0,0,0,0,0,2,2,0,0,2,5,1,3,1,0,0,0,0,0,0,0,0,0,
2026-09-08,GREENFIELD ENERGY CENTRE-G1,GAS,Capability,186,186,186,186,186,186,186,186,186,186,186,186,186,186,186,186,186,186,186,186,186,186,186,186,
2026-09-08,GREENFIELD ENERGY CENTRE-G1,GAS,Output,175,173,163,181,172,185,184,181,179,176,175,173,172,172,171,170,170,171,173,174,173,176,177,176,
2026-09-08,GREENFIELD ENERGY CENTRE-G2,GAS,Capability,0,0,0,0,0,0,0,0,0,0,0,0,0,0,0,0,0,0,0,0,0,0,0,0,
2026-09-08,GREENFIELD ENERGY CENTRE-G2,GAS,Output,0,0,0,0,0,0,0,0,0,0,0,0,0,0,0,0,0,0,0,0,0,0,0,0,
2026-09-08,GREENFIELD ENERGY CENTRE-G3,GAS,Capability,186,186,186,186,186,186,186,186,186,186,186,186,186,186,186,186,186,186,186,186,186,186,186,186,
2026-09-08,GREENFIELD ENERGY CENTRE-G3,GAS,Output,176,173,163,182,172,185,185,181,179,176,176,175,174,173,172,172,172,173,174,174,173,177,178,176,
2026-09-08,GREENFIELD ENERGY CENTRE-G4,GAS,Capability,336,336,336,336,336,336,336,336,336,334,328,328,328,328,328,328,328,328,328,328,328,334,334,336,
2026-09-08,GREENFIELD ENERGY CENTRE-G4,GAS,Output,220,209,187,203,195,205,243,244,249,304,311,286,307,290,278,302,309,313,315,300,264,263,292,255,
2026-09-08,GREENFIELD SOUTH-G1,GAS,Capability,175,175,175,175,175,175,175,175,175,175,175,175,175,175,175,175,175,175,175,175,175,175,175,175,
2026-09-08,GREENFIELD SOUTH-G1,GAS,Output,108,108,108,108,108,123,144,169,150,174,174,168,173,172,157,169,172,172,173,170,130,120,153,119,
2026-09-08,GREENFIELD SOUTH-G2,GAS,Capability,120,120,120,120,120,120,120,120,120,120,120,120,120,120,120,120,120,120,120,120,120,120,120,120,
2026-09-08,GREENFIELD SOUTH-G2,GAS,Output,70,71,71,71,71,75,84,93,86,103,101,93,95,96,90,93,110,112,100,96,81,77,92,76,
2026-09-08,GREENWICH,WIND,Available Capacity,99,99,99,99,99,99,99,51,51,51,51,51,51,51,51,99,99,99,99,99,99,99,99,99,
2026-09-08,GREENWICH,WIND,Forecast,23,17,10,20,15,8,16,16,17,27,32,25,39,31,39,45,48,54,62,60,71,60,58,63,
2026-09-08,GREENWICH,WIND,Output,23,13,2,21,7,10,16,19,17,29,33,25,28,32,29,16,36,53,64,62,72,61,60,64,
2026-09-08,GTAA-G1,GAS,Capability,36,36,36,36,36,36,36,36,36,36,36,36,36,36,36,36,36,36,36,36,36,36,36,36,
2026-09-08,GTAA-G1,GAS,Output,0,0,0,0,0,0,0,0,14,31,32,35,34,34,34,35,35,35,35,35,35,35,35,35,
2026-09-08,GTAA-G2,GAS,Capability,0,0,0,0,0,0,0,0,0,0,0,0,0,0,0,0,0,0,0,0,0,0,0,0,
2026-09-08,GTAA-G2,GAS,Output,0,0,0,0,0,0,0,0,0,0,0,0,0,0,0,0,0,0,0,0,0,0,0,0,
2026-09-08,GTAA-G3,GAS,Capability,0,0,0,0,0,0,0,0,0,0,0,0,0,0,0,0,0,0,0,0,0,0,0,0,
2026-09-08,GTAA-G3,GAS,Output,0,0,0,0,0,0,0,0,0,0,3,9,11,10,11,11,11,11,12,11,11,11,12,11,
2026-09-08,HAGERSVILLE BESS,OTHER,Capability,327,327,327,327,327,327,327,327,327,327,327,327,327,327,327,327,327,327,327,327,327,327,327,327,
2026-09-08,HAGERSVILLE BESS,OTHER,Output,0,0,0,0,1,0,0,0,17,86,48,12,24,1,0,5,227,244,204,109,0,0,0,0,
2026-09-08,HALTONHILLS-LT.G1,GAS,Capability,230,230,230,230,230,230,230,230,230,230,230,230,230,230,230,230,230,230,230,230,230,230,230,230,
2026-09-08,HALTONHILLS-LT.G1,GAS,Output,178,152,142,147,168,210,210,208,204,201,198,196,195,195,195,195,196,201,203,205,200,202,201,203,
2026-09-08,HALTONHILLS-LT.G2,GAS,Capability,230,230,230,230,230,230,230,230,230,230,230,230,230,230,230,230,230,230,230,230,230,230,230,230,
2026-09-08,HALTONHILLS-LT.G2,GAS,Output,179,152,142,147,168,210,210,209,205,203,201,199,198,198,197,197,199,200,201,202,198,201,201,203,
2026-09-08,HALTONHILLS-LT.G3,GAS,Capability,299,299,299,299,299,299,299,299,299,299,299,299,299,299,299,299,299,299,299,299,299,299,299,299,
2026-09-08,HALTONHILLS-LT.G3,GAS,Output,176,160,156,156,167,206,223,221,225,235,239,241,247,248,247,247,249,250,251,253,243,236,234,236,
2026-09-08,HARMON,HYDRO,Capability,156,156,156,156,156,156,156,156,0,0,0,0,0,0,0,0,0,156,156,156,156,156,78,156,
2026-09-08,HARMON,HYDRO,Output,0,0,0,0,0,0,14,0,0,0,0,0,0,0,0,0,0,69,73,73,73,73,2,0,
2026-09-08,HARMON 2,HYDRO,Capability,78,78,78,78,78,78,78,78,78,78,78,78,78,78,78,78,78,78,78,78,78,78,78,78,
2026-09-08,HARMON 2,HYDRO,Output,0,0,0,0,0,0,57,74,74,74,74,75,76,76,76,76,76,75,75,73,73,73,74,73,
2026-09-08,HARRIS,HYDRO,Capability,12,12,12,12,12,12,12,12,12,12,12,12,12,12,12,12,12,12,12,12,12,12,12,12,
2026-09-08,HARRIS,HYDRO,Output,2,2,2,3,3,3,2,2,2,1,1,1,1,1,1,1,1,1,1,1,1,2,2,2,
2026-09-08,HENVEY NORTH,WIND,Available Capacity,117,117,117,117,117,117,117,117,117,117,117,117,117,117,117,117,117,117,117,117,117,117,117,117,
2026-09-08,HENVEY NORTH,WIND,Forecast,7,1,15,20,15,18,16,7,0,0,0,1,1,1,1,6,8,11,15,25,29,21,46,61,
2026-09-08,HENVEY NORTH,WIND,Output,7,1,19,21,15,21,18,6,0,0,0,2,1,1,2,6,9,12,17,27,28,23,51,65,
2026-09-08,HENVEY SOUTH,WIND,Available Capacity,183,183,183,183,183,183,183,183,183,183,183,183,183,183,183,183,183,183,183,183,183,183,183,183,
2026-09-08,HENVEY SOUTH,WIND,Forecast,11,1,14,28,28,27,23,10,1,0,0,3,1,1,2,5,11,18,26,48,41,32,82,106,
2026-09-08,HENVEY SOUTH,WIND,Output,10,1,19,32,29,31,24,9,1,0,1,3,1,1,2,5,13,19,29,45,17,35,90,113,
2026-09-08,HOLDEN,HYDRO,Capability,199,199,199,199,199,199,199,199,199,199,199,199,199,199,199,199,199,199,199,199,199,199,199,199,
2026-09-08,HOLDEN,HYDRO,Output,57,4,0,0,11,20,55,84,85,110,112,112,138,170,171,170,170,169,169,167,143,86,60,28,
2026-09-08,HOLINGSWTH,HYDRO,Capability,21,21,21,21,21,21,21,21,21,21,21,21,21,21,21,21,21,21,21,21,21,21,21,21,
2026-09-08,HOLINGSWTH,HYDRO,Output,0,0,0,0,0,0,15,16,16,0,0,0,0,0,0,0,15,16,16,16,0,0,0,0,
2026-09-08,HYDROGEN READY POWER PLANT (HRPP),GAS,Capability,206,206,206,206,206,206,206,206,206,206,206,206,206,206,206,206,206,206,206,206,206,206,206,206,
2026-09-08,HYDROGEN READY POWER PLANT (HRPP),GAS,Output,0,0,0,0,0,0,0,0,0,0,0,0,0,0,0,76,82,83,83,20,0,0,0,0,
2026-09-08,JERICHO,WIND,Available Capacity,149,149,149,149,149,149,149,149,149,149,149,149,149,149,149,149,149,149,149,149,149,149,149,149,
2026-09-08,JERICHO,WIND,Forecast,0,0,0,0,0,0,2,0,0,0,1,0,0,0,0,2,18,42,45,55,71,51,55,48,
2026-09-08,JERICHO,WIND,Output,0,0,0,0,0,0,2,0,0,1,1,0,0,0,0,4,20,45,46,49,6,53,55,49,
2026-09-08,K2WIND,WIND,Available Capacity,270,270,270,270,270,270,270,270,270,270,270,270,270,270,270,270,270,270,270,270,270,270,270,270,
2026-09-08,K2WIND,WIND,Forecast,7,5,3,7,7,4,0,0,0,0,0,0,1,2,1,5,14,8,22,72,154,142,77,105,
2026-09-08,K2WIND,WIND,Output,7,6,3,7,7,4,0,0,0,0,0,0,1,2,1,5,14,7,25,63,103,132,82,105,
2026-09-08,KAKABEKA,HYDRO,Capability,0,0,0,0,0,0,0,0,0,0,0,0,0,0,0,0,0,0,0,0,0,0,0,0,
2026-09-08,KAKABEKA,HYDRO,Output,0,0,0,0,0,0,0,0,0,0,0,0,0,0,0,0,0,0,0,0,0,0,0,0,
2026-09-08,KAPGS,GAS,Capability,29,29,29,29,29,29,29,29,29,29,29,29,29,29,29,29,29,29,29,29,29,29,29,29,
2026-09-08,KAPGS,GAS,Output,0,0,0,0,0,0,0,0,0,1,1,15,20,20,20,20,2,0,0,0,0,0,0,0,
2026-09-08,KINGSBRIDGE,WIND,Available Capacity,40,40,40,40,40,40,40,40,40,40,40,40,40,40,40,40,40,40,40,40,40,40,40,40,
2026-09-08,KINGSBRIDGE,WIND,Forecast,0,0,0,0,0,0,0,0,0,0,0,0,0,0,0,0,0,0,0,5,17,14,6,10,
2026-09-08,KINGSBRIDGE,WIND,Output,0,0,0,0,0,0,0,0,0,0,0,0,0,0,0,0,0,0,1,7,19,13,7,10,
2026-09-08,KINGSTONSF,SOLAR,Available Capacity,100,100,100,100,100,100,100,100,100,100,100,100,100,100,100,100,100,100,100,100,100,100,100,100,
2026-09-08,KINGSTONSF,SOLAR,Forecast,0,0,0,0,0,0,4,28,57,73,84,78,73,69,47,50,29,6,0,0,0,0,0,0,
2026-09-08,KINGSTONSF,SOLAR,Output,0,0,0,0,0,0,5,31,61,71,89,80,75,70,45,60,29,7,0,0,0,0,0,0,
2026-09-08,KIPLING,HYDRO,Capability,152,152,152,152,152,152,152,152,0,0,0,0,0,0,0,0,0,152,152,152,152,152,76,152,
2026-09-08,KIPLING,HYDRO,Output,0,0,0,0,0,0,15,0,0,0,0,0,0,0,0,0,0,63,68,69,69,69,2,0,
2026-09-08,KIPLING 2,HYDRO,Capability,79,79,79,79,79,79,79,79,79,79,79,79,79,79,79,79,79,79,79,79,79,79,79,79,
2026-09-08,KIPLING 2,HYDRO,Output,0,0,0,0,0,0,58,75,75,75,73,73,73,73,73,73,73,72,68,69,71,72,73,73,
2026-09-08,LAKESUPERIOR,GAS,Capability,125,125,125,125,125,125,125,125,125,125,125,125,125,125,125,125,125,125,125,125,125,125,125,125,
2026-09-08,LAKESUPERIOR,GAS,Output,0,0,0,0,0,0,0,0,0,0,0,0,0,0,0,0,0,0,0,0,0,0,0,0,
2026-09-08,LANDON,WIND,Available Capacity,40,40,40,40,40,40,40,40,40,40,40,40,40,40,40,40,40,40,40,40,40,40,40,40,
2026-09-08,LANDON,WIND,Forecast,0,0,0,0,0,0,0,0,0,0,0,0,0,0,0,1,6,11,10,13,26,29,20,19,
2026-09-08,LANDON,WIND,Output,0,0,0,0,0,0,0,0,0,1,0,0,0,0,0,2,7,12,11,12,26,29,21,21,
2026-09-08,LENNOX-G1,GAS,Capability,525,525,525,525,525,525,525,525,525,525,525,525,525,525,525,525,525,525,525,525,525,525,525,525,
2026-09-08,LENNOX-G1,GAS,Output,0,0,0,0,0,0,0,0,0,0,0,0,0,0,0,0,0,0,0,0,0,0,0,0,
2026-09-08,LENNOX-G2,GAS,Capability,525,525,525,525,525,525,525,525,525,525,525,525,525,525,525,525,525,525,525,525,525,525,525,525,
2026-09-08,LENNOX-G2,GAS,Output,0,0,0,0,0,0,0,0,0,0,0,0,0,0,0,0,0,0,0,0,0,0,0,0,
2026-09-08,LENNOX-G3,GAS,Capability,525,525,525,525,525,525,525,525,525,525,525,525,525,525,525,525,525,525,525,525,525,525,525,525,
2026-09-08,LENNOX-G3,GAS,Output,0,0,0,0,0,0,0,0,0,0,0,0,0,0,0,0,0,0,0,0,0,0,0,0,
2026-09-08,LENNOX-G4,GAS,Capability,525,525,525,525,525,525,525,525,525,525,525,525,525,525,525,525,525,525,525,525,525,525,525,525,
2026-09-08,LENNOX-G4,GAS,Output,0,0,0,0,0,0,0,0,0,0,0,0,0,0,0,0,0,0,0,0,0,0,0,0,
2026-09-08,LITTLELONG,HYDRO,Capability,144,144,144,144,144,144,144,144,144,144,144,144,144,144,144,144,144,144,144,144,144,144,72,144,
2026-09-08,LITTLELONG,HYDRO,Output,0,0,0,0,0,0,61,62,62,62,62,62,62,64,65,65,65,123,126,127,129,129,67,65,
2026-09-08,LITTLELONG 2,HYDRO,Capability,0,0,0,0,0,0,0,0,0,0,0,0,0,0,0,0,0,0,0,0,0,0,0,0,
2026-09-08,LITTLELONG 2,HYDRO,Output, , , , , , , , , , , , , , , , , , , , , , , , ,
2026-09-08,LONGSAULTE,HYDRO,Capability,20,20,20,20,20,20,20,20,20,20,20,20,20,20,20,20,20,20,20,20,20,20,20,20,
2026-09-08,LONGSAULTE,HYDRO,Output,6,6,6,6,6,6,8,8,8,8,9,9,9,10,10,10,10,10,10,10,10,10,9,9,
2026-09-08,LOWER WHITE RIVER,HYDRO,Capability,1,1,1,1,1,1,1,1,1,1,1,1,1,1,1,1,1,1,1,1,1,1,1,1,
2026-09-08,LOWER WHITE RIVER,HYDRO,Output,2,2,2,2,2,2,2,2,2,2,2,2,2,2,2,2,2,2,2,2,2,2,2,2,
2026-09-08,LOWERNOTCH,HYDRO,Capability,257,257,257,257,257,257,257,257,137,137,137,137,137,137,137,137,137,137,137,137,137,137,137,137,
2026-09-08,LOWERNOTCH,HYDRO,Output,0,0,0,0,0,0,0,0,0,0,0,106,109,110,109,109,109,109,109,116,108,108,108,1,
2026-09-08,MACKAYGS,HYDRO,Capability,54,54,54,54,54,54,54,54,54,54,54,54,54,42,42,42,42,42,42,42,42,42,42,42,
2026-09-08,MACKAYGS,HYDRO,Output,0,0,0,0,0,0,0,0,0,0,0,0,0,0,0,0,0,0,0,0,0,0,0,0,
2026-09-08,MANITOUFALLS,HYDRO,Capability,0,0,0,0,0,0,0,0,0,0,0,0,0,0,0,0,0,0,0,0,0,0,0,0,
2026-09-08,MANITOUFALLS,HYDRO,Output,0,0,0,0,0,0,0,0,0,0,0,0,0,0,0,0,0,0,0,0,0,0,0,0,
2026-09-08,MCLEANSMTNWF-LT.AG_T1,WIND,Available Capacity,50,50,50,50,50,50,50,50,50,50,50,50,50,50,50,50,60,60,60,60,60,60,60,60,
2026-09-08,MCLEANSMTNWF-LT.AG_T1,WIND,Forecast,0,0,0,0,0,0,0,0,0,0,0,0,0,1,2,5,8,8,7,7,11,14,15,18,
2026-09-08,MCLEANSMTNWF-LT.AG_T1,WIND,Output,0,0,0,0,0,0,1,0,0,0,0,0,0,2,3,5,9,9,7,8,12,14,15,19,
2026-09-08,MISSION,HYDRO,Capability,14,14,14,14,14,14,14,14,14,14,14,14,14,14,14,14,14,14,14,14,14,14,14,14,
2026-09-08,MISSION,HYDRO,Output,2,2,2,1,2,2,1,2,3,3,3,3,2,2,2,2,2,2,2,2,2,2,2,2,
2026-09-08,MTNCHUTE,HYDRO,Capability,0,0,0,0,0,0,0,0,0,0,0,0,0,0,0,0,0,0,0,0,0,0,0,0,
2026-09-08,MTNCHUTE,HYDRO,Output,0,0,0,0,0,0,0,0,0,0,0,0,0,0,0,0,0,0,0,0,0,0,0,0,
2026-09-08,NAGAGAMI,HYDRO,Capability,9,9,9,9,9,9,9,9,9,9,9,9,9,9,9,9,9,9,9,9,9,9,9,9,
2026-09-08,NAGAGAMI,HYDRO,Output,1,1,1,1,1,1,0,0,0,0,0,0,0,0,0,0,0,0,0,0,0,0,0,0,
2026-09-08,NANTICOKE SOLAR,SOLAR,Available Capacity,44,44,44,44,44,44,44,44,44,44,44,44,44,44,44,44,44,44,44,44,44,44,44,44,
2026-09-08,NANTICOKE SOLAR,SOLAR,Forecast,0,0,0,0,0,0,1,11,24,33,36,37,41,41,33,20,14,6,0,0,0,0,0,0,
2026-09-08,NANTICOKE SOLAR,SOLAR,Output,0,0,0,0,0,0,2,12,25,34,37,39,44,44,31,19,18,7,1,0,0,0,0,0,
2026-09-08,NAPANEE BESS,OTHER,Capability,278,278,278,278,278,278,278,278,278,278,278,278,278,278,278,278,278,278,278,278,278,278,278,278,
2026-09-08,NAPANEE BESS,OTHER,Output,0,0,0,0,0,0,0,0,0,0,0,0,0,0,0,11,250,169,1,0,23,0,76,0,
2026-09-08,NAPANEE-G1,GAS,Capability,260,260,260,260,260,260,260,260,260,260,260,260,260,260,260,260,260,260,260,260,260,260,260,260,
2026-09-08,NAPANEE-G1,GAS,Output,236,221,216,216,229,251,256,255,254,253,252,251,250,249,249,249,249,250,250,250,250,250,250,249,
2026-09-08,NAPANEE-G2,GAS,Capability,260,260,260,260,260,260,260,260,260,260,260,260,260,260,260,260,260,260,260,260,260,260,260,260,
2026-09-08,NAPANEE-G2,GAS,Output,235,221,216,216,228,250,254,253,252,251,250,249,247,247,247,247,247,248,248,248,248,248,248,247,
2026-09-08,NAPANEE-G3,GAS,Capability,458,458,458,458,458,458,458,458,458,458,458,458,458,458,458,458,458,458,458,458,458,458,458,458,
2026-09-08,NAPANEE-G3,GAS,Output,245,233,231,231,236,265,391,393,392,392,398,398,398,404,403,403,404,404,405,407,382,380,409,407,
2026-09-08,NIPIGONGS,GAS,Capability,23,23,23,23,23,23,23,23,23,23,23,23,23,23,23,23,23,23,23,23,23,23,23,23,
2026-09-08,NIPIGONGS,GAS,Output, , , , , , , , , , , , , , , , , , , , , , , , ,
2026-09-08,NORTH KENT,WIND,Available Capacity,99,99,99,99,99,99,99,99,99,99,99,99,99,99,99,99,99,99,99,99,99,99,99,99,
2026-09-08,NORTH KENT,WIND,Forecast,11,9,7,7,5,1,0,3,4,0,0,0,0,0,0,3,7,5,13,21,47,49,31,36,
2026-09-08,NORTH KENT,WIND,Output,11,10,7,8,4,1,0,4,4,0,0,0,0,0,1,4,7,6,14,18,43,48,32,39,
2026-09-08,NORTHBAYGS,GAS,Capability,60,60,60,60,60,60,60,60,60,60,60,60,60,60,60,60,60,60,60,60,60,60,60,60,
2026-09-08,NORTHBAYGS,GAS,Output,0,0,0,0,0,0,0,0,0,0,0,0,0,0,0,0,0,0,0,0,0,0,0,0,
2026-09-08,NORTHLAND POWER SOLAR FACILITIES,SOLAR,Available Capacity,40,40,40,40,40,40,40,40,40,40,40,40,40,40,40,40,40,40,40,40,40,40,40,40,
2026-09-08,NORTHLAND POWER SOLAR FACILITIES,SOLAR,Forecast,0,0,0,0,0,0,1,7,9,10,7,8,8,9,7,6,3,1,0,0,0,0,0,0,
2026-09-08,NORTHLAND POWER SOLAR FACILITIES,SOLAR,Output,0,0,0,0,0,0,3,7,8,8,5,7,8,7,6,4,2,1,0,0,0,0,0,0,
2026-09-08,NPIROQFALLS,GAS,Capability,125,125,125,125,125,125,125,125,125,125,125,125,125,125,125,125,125,125,125,125,125,125,125,125,
2026-09-08,NPIROQFALLS,GAS,Output,0,0,0,0,0,0,0,0,0,0,0,0,0,0,0,0,0,0,0,0,0,0,0,0,
2026-09-08,NPKIRKLAND-G1-G5,GAS,Capability,82,82,82,82,82,82,82,62,62,62,62,62,62,82,82,82,56,6,6,0,0,0,0,0,
2026-09-08,NPKIRKLAND-G1-G5,GAS,Output,0,0,0,0,0,0,0,1,2,2,2,2,2,41,48,46,26,5,4,0,0,0,0,0,
2026-09-08,NPKIRKLAND-G6,GAS,Capability,33,33,33,33,33,33,33,33,33,33,33,33,33,33,33,33,33,33,33,33,33,33,33,33,
2026-09-08,NPKIRKLAND-G6,GAS,Output,0,0,0,0,0,0,0,0,0,0,0,0,0,0,0,0,0,0,0,0,0,0,0,0,
2026-09-08,ONEIDA ENERGY STORAGE,OTHER,Capability,250,250,250,250,250,250,250,250,250,250,250,250,250,250,250,250,250,250,250,250,250,250,250,250,
2026-09-08,ONEIDA ENERGY STORAGE,OTHER,Output,0,0,0,0,0,0,0,1,0,0,0,0,39,40,60,60,82,93,75,84,65,13,0,0,
2026-09-08,OTTERRAPIDS,HYDRO,Capability,152,152,152,152,152,152,152,152,152,152,152,152,152,152,152,152,152,152,152,152,152,152,152,152,
2026-09-08,OTTERRAPIDS,HYDRO,Output,74,76,50,7,21,40,42,44,45,45,45,89,89,125,130,130,130,130,128,119,119,81,80,41,
2026-09-08,PAROCHES,WIND,Available Capacity,49,49,49,49,49,49,49,49,49,49,49,49,49,49,49,49,49,49,49,49,49,49,49,49,
2026-09-08,PAROCHES,WIND,Forecast,4,3,2,3,3,2,0,0,0,0,0,0,0,2,3,4,3,3,6,9,19,14,9,7,
2026-09-08,PAROCHES,WIND,Output,4,4,3,3,4,2,0,0,0,0,0,0,0,2,4,5,3,4,7,11,21,14,9,8,
2026-09-08,PETER SUTHERLAND SR,HYDRO,Capability,27,27,27,27,27,27,27,27,27,27,27,27,27,27,27,27,27,27,27,27,27,27,27,27,
2026-09-08,PETER SUTHERLAND SR,HYDRO,Output,28,28,28,28,28,28,28,28,28,28,28,28,28,28,28,28,28,28,28,28,28,28,28,28,
2026-09-08,PICKERINGB-G5,NUCLEAR,Capability,500,500,500,500,500,500,500,500,500,500,500,500,500,500,500,500,500,500,500,500,500,500,500,500,
2026-09-08,PICKERINGB-G5,NUCLEAR,Output,499,499,499,498,497,499,498,498,498,498,497,496,494,493,492,493,494,495,496,494,496,496,496,495,
2026-09-08,PICKERINGB-G6,NUCLEAR,Capability,500,500,500,500,500,500,500,500,500,500,500,500,500,500,500,500,500,500,500,500,500,500,500,500,
2026-09-08,PICKERINGB-G6,NUCLEAR,Output,498,498,497,497,495,497,496,497,498,507,499,495,494,493,492,492,493,494,495,493,496,496,496,495,
2026-09-08,PICKERINGB-G7,NUCLEAR,Capability,510,510,510,510,510,510,510,510,510,510,510,510,510,510,510,510,510,510,510,510,510,510,510,510,
2026-09-08,PICKERINGB-G7,NUCLEAR,Output,506,506,506,506,507,511,511,511,510,511,510,508,507,506,505,505,504,507,508,506,509,510,510,509,
2026-09-08,PICKERINGB-G8,NUCLEAR,Capability,500,500,500,500,500,500,500,500,500,500,500,500,500,500,500,500,500,500,500,500,500,500,500,500,
2026-09-08,PICKERINGB-G8,NUCLEAR,Output,505,504,504,505,505,505,505,505,505,504,498,500,501,499,498,499,499,501,502,502,502,503,503,502,
2026-09-08,PINEPORTAGE,HYDRO,Capability,72,72,72,72,72,72,72,72,72,72,72,72,72,72,72,72,72,72,72,72,72,72,72,72,
2026-09-08,PINEPORTAGE,HYDRO,Output,65,65,62,63,63,63,63,63,63,63,63,63,63,63,63,63,63,63,63,67,67,65,60,60,
2026-09-08,PORT BURWELL,WIND,Available Capacity,99,99,99,99,99,99,99,99,99,99,99,99,99,99,99,99,99,99,99,99,99,99,99,99,
2026-09-08,PORT BURWELL,WIND,Forecast,0,0,0,0,0,0,4,6,1,0,0,0,1,3,0,0,0,0,0,1,5,13,13,8,
2026-09-08,PORT BURWELL,WIND,Output,0,0,0,0,0,0,6,7,1,0,0,0,2,3,0,0,0,0,0,1,6,15,13,9,
2026-09-08,PORTALMA-T1,WIND,Available Capacity,101,101,101,101,101,101,101,101,101,101,101,101,101,101,101,101,101,101,101,101,101,101,101,101,
2026-09-08,PORTALMA-T1,WIND,Forecast,8,7,6,3,3,0,0,0,0,0,1,2,2,2,3,2,4,6,10,17,23,16,8,14,
2026-09-08,PORTALMA-T1,WIND,Output,8,7,5,4,3,0,0,0,0,0,1,2,3,3,3,3,4,6,12,15,21,15,9,15,
2026-09-08,PORTALMA-T3,WIND,Available Capacity,101,101,101,101,101,101,101,101,101,101,101,101,101,101,101,101,101,101,101,101,101,101,101,101,
2026-09-08,PORTALMA-T3,WIND,Forecast,7,7,6,6,6,2,0,0,0,0,0,1,3,4,5,5,4,6,12,19,35,27,16,16,
2026-09-08,PORTALMA-T3,WIND,Output,7,8,6,7,6,1,0,0,0,0,1,1,3,5,5,5,4,7,14,21,39,26,17,17,
2026-09-08,PORTLANDS-G1,GAS,Capability,207,207,207,207,207,207,207,207,207,207,207,207,207,207,207,207,207,207,207,207,207,207,207,207,
2026-09-08,PORTLANDS-G1,GAS,Output,18,0,0,15,45,174,188,186,185,185,184,183,182,182,182,182,182,182,183,182,182,182,183,181,
2026-09-08,PORTLANDS-G2,GAS,Capability,214,214,214,214,214,214,214,214,214,214,214,214,214,214,214,214,214,214,214,214,214,214,214,214,
2026-09-08,PORTLANDS-G2,GAS,Output,130,130,130,130,124,175,188,186,184,184,183,182,181,182,181,181,181,182,183,182,182,181,182,180,
2026-09-08,PORTLANDS-G3,GAS,Capability,225,225,225,225,225,225,225,225,225,225,225,225,225,225,225,225,225,225,225,225,225,225,225,225,
2026-09-08,PORTLANDS-G3,GAS,Output,89,74,74,72,103,193,225,225,225,225,224,225,225,225,225,225,225,225,225,225,225,224,225,224,
2026-09-08,PRINCEFARM,WIND,Available Capacity,189,189,189,189,189,189,189,189,189,189,189,189,189,189,189,189,189,189,189,189,189,189,189,189,
2026-09-08,PRINCEFARM,WIND,Forecast,51,42,40,51,60,68,65,51,36,25,18,22,21,19,24,44,61,64,87,89,95,109,103,108,
2026-09-08,PRINCEFARM,WIND,Output,49,42,42,53,63,69,65,49,33,22,19,21,20,19,27,49,62,66,92,90,97,112,103,107,
2026-09-08,RAILBEDWF-LT.AG_SR,WIND,Available Capacity,270,270,270,270,270,270,270,270,270,270,270,270,270,270,270,270,270,270,270,270,270,270,270,270,
2026-09-08,RAILBEDWF-LT.AG_SR,WIND,Forecast,21,21,22,15,19,6,1,0,1,1,5,5,4,8,13,17,16,14,38,66,117,118,71,69,
2026-09-08,RAILBEDWF-LT.AG_SR,WIND,Output,21,22,21,17,17,5,1,0,1,1,5,5,4,9,13,18,15,16,43,58,110,116,71,73,
2026-09-08,RAYNER,HYDRO,Capability,42,42,42,42,42,42,42,42,42,42,42,42,42,42,42,42,42,42,42,42,42,42,42,42,
2026-09-08,RAYNER,HYDRO,Output,0,0,0,0,0,0,40,33,38,30,30,2,0,0,0,0,34,31,34,35,31,1,0,0,
2026-09-08,REDROCK,HYDRO,Capability,19,19,19,19,19,19,19,19,0,0,0,0,0,0,0,0,0,0,0,0,0,0,0,0,
2026-09-08,REDROCK,HYDRO,Output,0,0,0,0,0,0,0,0,0,0,0,0,0,0,0,0,0,0,0,0,0,0,0,0,
2026-09-08,RIPLEY SOUTH,WIND,Available Capacity,76,76,76,76,76,76,76,76,76,76,76,76,76,76,76,76,76,76,76,76,76,76,76,76,
2026-09-08,RIPLEY SOUTH,WIND,Forecast,2,4,1,2,3,2,0,0,0,0,0,0,1,2,2,1,2,2,5,17,31,19,9,8,
2026-09-08,RIPLEY SOUTH,WIND,Output,3,4,1,3,3,2,1,1,0,0,0,1,2,2,3,2,3,3,6,17,27,18,10,7,
2026-09-08,ROMNEY,WIND,Available Capacity,11,11,11,11,11,11,11,11,11,11,11,11,11,11,11,11,60,60,60,60,60,60,60,60,
2026-09-08,ROMNEY,WIND,Forecast,3,2,2,2,1,0,0,0,0,0,0,0,0,0,1,0,3,5,9,14,22,19,17,17,
2026-09-08,ROMNEY,WIND,Output,9,7,6,6,5,1,0,0,1,0,0,1,3,3,3,3,4,5,10,15,24,18,17,18,
2026-09-08,SANDUSK-LT.AG_T1,WIND,Available Capacity,104,104,104,104,104,104,104,104,104,104,104,104,104,104,104,104,104,104,104,104,104,104,104,104,
2026-09-08,SANDUSK-LT.AG_T1,WIND,Forecast,0,0,0,0,0,1,3,6,0,0,3,4,3,3,0,0,0,0,0,0,0,0,5,2,
2026-09-08,SANDUSK-LT.AG_T1,WIND,Output,0,0,0,0,0,1,4,6,0,0,4,4,3,3,0,0,0,0,0,0,0,0,6,1,
2026-09-08,SAUNDERS,HYDRO,Capability,987,987,987,987,987,921,921,921,921,921,921,921,921,921,921,921,921,987,987,987,987,987,987,987,
2026-09-08,SAUNDERS,HYDRO,Output,807,807,807,808,811,814,853,861,863,862,861,861,859,859,857,856,856,855,855,855,855,859,860,811,
2026-09-08,SHANNON,WIND,Available Capacity,91,91,91,91,91,91,91,91,91,91,91,91,91,91,91,91,91,91,91,91,91,91,91,91,
2026-09-08,SHANNON,WIND,Forecast,0,0,0,0,0,0,0,0,0,0,0,0,0,0,0,0,0,7,10,1,16,18,6,0,
2026-09-08,SHANNON,WIND,Output,0,0,0,0,0,0,0,0,0,0,0,0,0,0,0,0,1,8,9,1,18,17,4,0,
2026-09-08,SILVERFALLS,HYDRO,Capability,51,51,51,51,51,51,51,51,51,51,51,51,51,51,51,51,51,51,51,51,51,51,51,51,
2026-09-08,SILVERFALLS,HYDRO,Output,2,0,44,1,0,44,3,0,45,2,0,45,6,0,44,2,0,44,2,0,45,10,0,46,
2026-09-08,SITHE GOREWAY-G11,GAS,Capability,212,212,212,212,212,212,212,212,212,212,212,212,212,212,212,212,212,212,212,212,212,212,212,212,
2026-09-08,SITHE GOREWAY-G11,GAS,Output,191,191,192,192,192,192,192,191,190,188,188,188,187,187,187,187,188,188,189,188,188,188,187,187,
2026-09-08,SITHE GOREWAY-G12,GAS,Capability,212,212,212,212,212,212,212,212,212,212,212,212,212,212,212,212,212,212,212,212,212,212,212,212,
2026-09-08,SITHE GOREWAY-G12,GAS,Output,180,112,0,0,0,43,157,183,181,181,180,180,179,179,179,179,180,181,181,181,180,180,179,179,
2026-09-08,SITHE GOREWAY-G13,GAS,Capability,212,212,212,212,212,212,212,212,212,212,212,212,212,212,212,212,212,212,212,212,212,212,212,212,
2026-09-08,SITHE GOREWAY-G13,GAS,Output,184,187,188,188,188,188,188,187,184,182,182,181,180,180,180,181,181,181,182,182,182,182,181,180,
2026-09-08,SITHE GOREWAY-G15,GAS,Capability,362,362,362,362,362,362,362,362,362,362,362,362,362,362,362,362,362,362,362,362,362,362,362,362,
2026-09-08,SITHE GOREWAY-G15,GAS,Output,330,294,203,216,220,237,299,334,332,329,327,326,325,322,322,323,324,326,327,328,329,329,332,333,
2026-09-08,SMOKY 2,HYDRO,Capability,266,266,266,266,266,266,266,266,176,176,176,176,176,176,176,176,176,176,176,176,266,266,178,266,
2026-09-08,SMOKY 2,HYDRO,Output,0,0,0,0,0,0,76,82,86,86,84,80,76,76,77,80,80,155,162,164,164,164,83,82,
2026-09-08,SOUTHGATE SF,SOLAR,Available Capacity,50,50,50,50,50,50,50,50,50,50,50,50,50,50,50,50,50,50,50,50,50,50,50,50,
2026-09-08,SOUTHGATE SF,SOLAR,Forecast,0,0,0,0,0,0,1,9,16,28,34,37,39,35,30,18,10,4,0,0,0,0,0,0,
2026-09-08,SOUTHGATE SF,SOLAR,Output,0,0,0,0,0,0,1,10,16,28,35,39,41,36,30,17,11,4,1,0,0,0,0,0,
2026-09-08,SPENCE,WIND,Available Capacity,99,99,99,99,99,99,99,99,99,99,99,99,99,99,99,99,99,99,99,99,99,99,99,99,
2026-09-08,SPENCE,WIND,Forecast,2,3,3,0,1,0,1,3,2,3,2,1,1,2,2,2,3,4,8,16,22,14,5,6,
2026-09-08,SPENCE,WIND,Output,2,3,3,0,1,0,1,4,2,3,2,2,1,2,3,2,3,5,10,17,22,13,5,7,
2026-09-08,STCLAIRCGS,GAS,Capability,614,614,614,614,614,614,614,614,614,614,614,614,614,614,614,614,614,614,614,614,614,614,614,614,
2026-09-08,STCLAIRCGS,GAS,Output,590,592,580,592,591,593,598,622,626,652,652,643,650,638,646,638,638,646,645,636,597,588,623,595,
2026-09-08,STEEPHILL,HYDRO,Capability,14,14,14,14,14,14,14,14,14,14,14,14,14,14,14,14,14,14,14,14,14,14,14,14,
2026-09-08,STEEPHILL,HYDRO,Output,3,3,3,3,3,3,3,3,3,3,3,3,3,3,3,3,3,3,3,3,3,3,3,3,
2026-09-08,STEWARTVLE,HYDRO,Capability,120,120,120,120,120,120,120,120,120,120,120,120,120,120,120,120,62,62,62,62,62,62,62,62,
2026-09-08,STEWARTVLE,HYDRO,Output,0,0,0,0,0,0,0,0,0,0,0,48,51,51,51,51,25,56,57,59,55,55,54,54,
2026-09-08,STONE MILLS SF,SOLAR,Available Capacity,54,54,54,54,54,54,54,54,54,54,54,54,54,54,54,54,54,54,54,54,54,54,54,54,
2026-09-08,STONE MILLS SF,SOLAR,Forecast,0,0,0,0,0,0,3,15,31,26,42,50,46,39,37,31,12,3,0,0,0,0,0,0,
2026-09-08,STONE MILLS SF,SOLAR,Output,0,0,0,0,0,0,3,16,32,17,50,49,45,38,41,28,11,4,0,0,0,0,0,0,
2026-09-08,SUMMERHAVEN,WIND,Available Capacity,124,124,124,124,124,124,124,124,124,124,124,124,124,124,124,124,124,124,124,124,124,124,124,124,
2026-09-08,SUMMERHAVEN,WIND,Forecast,0,0,0,0,0,0,3,4,0,0,1,2,1,2,0,0,0,0,0,0,0,0,0,0,
2026-09-08,SUMMERHAVEN,WIND,Output,0,0,0,0,0,0,4,4,0,0,2,3,1,2,0,0,0,0,0,0,0,0,0,0,
2026-09-08,TAOHSC,GAS,Capability,70,70,70,70,70,70,70,70,70,70,70,70,70,70,70,70,70,70,70,70,70,70,70,70,
2026-09-08,TAOHSC,GAS,Output,0,0,0,0,0,0,0,0,0,0,0,0,0,0,0,0,0,0,0,0,0,0,0,0,
2026-09-08,TASARNIA,GAS,Capability,505,505,505,505,505,505,505,505,505,505,505,505,505,505,505,505,505,505,343,343,343,343,343,343,
2026-09-08,TASARNIA,GAS,Output,230,230,230,230,230,248,395,410,399,402,400,397,393,392,392,389,385,364,347,344,313,308,318,277,
2026-09-08,TAWINDSOR,GAS,Capability,76,76,76,76,76,76,76,76,76,76,76,76,76,76,76,76,76,76,76,76,76,76,76,76,
2026-09-08,TAWINDSOR,GAS,Output,0,0,0,0,0,0,0,0,0,0,0,0,0,0,0,0,0,0,0,0,0,0,0,0,
2026-09-08,TBAYBOWATER CTS,BIOFUEL,Capability,50,50,50,50,50,50,50,50,50,50,50,50,50,50,50,50,50,50,50,50,50,50,50,50,
2026-09-08,TBAYBOWATER CTS,BIOFUEL,Output,0,0,0,0,0,0,0,0,0,0,0,0,0,0,0,0,0,0,0,0,0,0,0,0,
2026-09-08,THOROLDCGS,GAS,Capability,303,303,303,303,303,303,303,303,303,303,303,303,303,303,303,303,303,303,303,303,303,303,303,303,
2026-09-08,THOROLDCGS,GAS,Output,199,199,199,199,201,221,253,260,260,272,270,262,268,263,255,262,265,267,271,265,241,243,261,235,
2026-09-08,TILBURY BATTERY STORAGE,OTHER,Capability,87,87,87,87,87,87,87,87,87,87,87,87,87,87,87,87,87,87,87,87,87,87,87,87,
2026-09-08,TILBURY BATTERY STORAGE,OTHER,Output,0,0,0,0,0,0,0,0,15,25,15,6,12,1,0,2,49,56,35,50,0,0,20,0,
2026-09-08,TUNISGS,GAS,Capability,59,59,59,59,59,59,59,59,59,59,59,59,59,59,59,59,59,59,59,59,59,59,59,59,
2026-09-08,TUNISGS,GAS,Output,0,0,0,0,0,0,0,0,0,0,0,0,0,0,0,0,0,0,0,0,0,0,0,0,
2026-09-08,UMBATAFALLS,HYDRO,Capability,24,24,24,24,24,24,24,24,24,24,24,24,24,24,24,24,24,24,24,24,24,24,24,24,
2026-09-08,UMBATAFALLS,HYDRO,Output,4,4,4,4,4,4,2,2,2,0,0,0,0,0,0,1,3,2,4,3,4,4,4,4,
2026-09-08,UNDERWOOD,WIND,Available Capacity,182,182,182,182,182,182,182,182,182,182,182,182,182,182,182,182,182,182,182,182,182,182,182,182,
2026-09-08,UNDERWOOD,WIND,Forecast,0,4,6,11,7,3,0,0,0,0,0,0,0,0,0,0,0,0,0,15,61,45,32,31,
2026-09-08,UNDERWOOD,WIND,Output,0,6,6,13,6,3,0,0,0,0,0,0,0,0,0,0,0,0,0,21,58,42,32,32,
2026-09-08,UPPER WHITE RIVER,HYDRO,Capability,0,0,0,0,0,0,0,0,0,0,0,0,0,0,0,0,0,0,0,0,0,0,0,0,
2026-09-08,UPPER WHITE RIVER,HYDRO,Output,0,0,0,0,0,0,0,0,0,0,1,3,4,4,4,4,4,4,1,0,0,0,0,0,
2026-09-08,VAUGHAN 1 BESS,OTHER,Capability,27,27,27,27,27,27,27,27,27,27,27,27,27,27,27,27,27,27,27,27,27,27,27,27,
2026-09-08,VAUGHAN 1 BESS,OTHER,Output,0,0,0,0,0,0,0,0,0,0,0,0,0,0,0,0,0,0,0,0,0,0,0,0,
2026-09-08,WELLS,HYDRO,Capability,210,210,210,210,210,210,210,210,210,210,210,210,210,210,210,210,210,210,210,210,210,210,210,210,
2026-09-08,WELLS,HYDRO,Output,0,0,0,0,0,0,0,0,0,0,0,0,0,0,0,0,0,0,0,0,0,0,0,0,
2026-09-08,WEST LINCOLN NRWF,WIND,Available Capacity,230,230,230,230,230,230,230,230,218,218,218,218,218,218,218,218,218,218,230,230,230,230,230,230,
2026-09-08,WEST LINCOLN NRWF,WIND,Forecast,0,0,0,0,0,0,0,0,0,0,0,1,0,0,0,1,0,0,0,0,4,8,21,33,
2026-09-08,WEST LINCOLN NRWF,WIND,Output,0,0,0,0,0,0,0,0,0,0,1,1,0,0,0,2,0,0,0,0,4,9,24,34,
2026-09-08,WESTWINDSOR,GAS,Capability,5,5,5,5,5,5,5,5,5,5,5,5,5,5,5,5,5,5,5,5,143,143,143,143,
2026-09-08,WESTWINDSOR,GAS,Output,0,0,0,0,0,0,0,0,0,0,0,0,0,0,0,0,0,0,0,0,0,0,0,0,
2026-09-08,WHITBYCGS,GAS,Capability,55,55,55,55,55,55,55,55,55,55,55,55,55,55,55,55,55,55,55,55,55,55,55,55,
2026-09-08,WHITBYCGS,GAS,Output,0,0,0,0,0,0,0,0,0,0,0,0,0,0,0,0,0,0,0,0,0,0,0,0,
2026-09-08,WHITEDOG,HYDRO,Capability,45,45,45,45,45,45,45,45,45,23,23,23,45,45,45,45,45,45,45,45,45,45,45,45,
2026-09-08,WHITEDOG,HYDRO,Output,16,16,16,16,16,18,19,19,19,18,18,18,18,18,18,17,17,17,17,17,17,17,17,17,
2026-09-08,WINDSOR AIRPORT SF,SOLAR,Available Capacity,50,50,50,50,50,50,50,50,50,50,50,50,50,50,50,50,50,50,50,50,50,50,50,50,
2026-09-08,WINDSOR AIRPORT SF,SOLAR,Forecast,0,0,0,0,0,0,0,9,17,22,29,37,28,21,35,27,14,5,1,0,0,0,0,0,
2026-09-08,WINDSOR AIRPORT SF,SOLAR,Output,0,0,0,0,0,0,1,9,16,21,31,38,23,25,37,30,13,6,1,0,0,0,0,0,
2026-09-08,WOLFE ISLAND,WIND,Available Capacity,171,171,171,171,171,171,171,171,171,171,171,171,171,171,171,171,171,171,171,171,171,171,171,171,
2026-09-08,WOLFE ISLAND,WIND,Forecast,9,10,5,2,0,0,1,0,0,0,0,0,3,4,2,2,1,2,0,0,4,13,17,11,
2026-09-08,WOLFE ISLAND,WIND,Output,11,11,6,2,0,0,2,0,0,0,0,1,5,5,2,3,1,3,0,0,7,18,21,11,
2026-09-08,YORK BESS,OTHER,Capability,132,132,132,132,132,132,132,132,132,132,132,132,132,132,132,132,132,132,132,132,132,132,132,132,
2026-09-08,YORK BESS,OTHER,Output,0,0,0,0,0,0,0,0,0,0,0,0,0,0,0,0,117,120,9,0,0,0,0,0,
2026-09-08,YORKCGS-G1,GAS,Capability,233,233,233,233,233,233,233,233,233,233,233,233,233,233,233,233,233,233,233,233,233,233,233,233,
2026-09-08,YORKCGS-G1,GAS,Output,0,0,0,0,0,0,0,0,0,0,0,0,0,0,0,0,0,0,0,0,0,0,0,0,
2026-09-08,YORKCGS-G2,GAS,Capability,233,233,233,233,233,233,233,233,233,233,233,233,233,233,233,233,233,233,233,233,233,233,233,233,
2026-09-08,YORKCGS-G2,GAS,Output,0,0,0,0,0,0,0,0,0,0,0,0,0,0,0,0,0,0,0,0,0,0,0,0,
2026-09-08,ZURICH,WIND,Available Capacity,99,99,99,99,99,99,99,99,99,99,99,99,99,99,99,99,99,99,99,99,99,99,99,99,
2026-09-08,ZURICH,WIND,Forecast,0,0,0,0,0,0,0,0,0,0,0,0,0,0,0,0,1,6,24,40,54,45,53,46,
2026-09-08,ZURICH,WIND,Output,0,0,0,0,0,0,0,0,0,0,1,0,0,0,0,1,1,7,27,43,56,46,53,47,
2026-09-09,ABKENORA,HYDRO,Capability,11,11,11,11,11,11,11,11,11,11,11,11,11,11,11,11,11,11,11,11,11,11,11,11,
2026-09-09,ABKENORA,HYDRO,Output,7,7,7,7,7,7,7,7,7,7,7,7,7,7,7,7,7,7,7,7,7,7,7,7,
2026-09-09,ADELAIDE,WIND,Available Capacity,60,60,60,60,60,60,60,60,60,60,60,60,60,60,60,60,60,60,60,60,60,60,60,60,
2026-09-09,ADELAIDE,WIND,Forecast,18,18,20,15,8,13,24,18,18,11,7,10,37,37,43,37,32,27,25,31,33,28,25,21,
2026-09-09,ADELAIDE,WIND,Output,20,18,20,15,7,13,25,19,16,11,8,9,41,40,43,37,32,28,26,32,34,29,25,21,
2026-09-09,AGUASABON,HYDRO,Capability,49,49,49,49,49,49,49,49,49,49,49,49,49,49,49,49,49,49,49,49,49,49,49,49,
2026-09-09,AGUASABON,HYDRO,Output,0,0,0,0,0,0,0,0,0,0,21,22,21,21,20,20,20,20,20,20,20,20,20,20,
2026-09-09,ALEXANDER,HYDRO,Capability,53,53,53,53,53,53,53,53,53,53,53,53,53,53,53,53,53,53,53,53,53,53,53,53,
2026-09-09,ALEXANDER,HYDRO,Output,44,44,44,45,45,45,45,45,45,45,45,45,45,45,45,45,45,45,45,45,45,45,45,45,
2026-09-09,AMARANTH,WIND,Available Capacity,183,183,183,183,183,183,183,183,183,183,183,183,183,183,183,183,183,183,183,183,183,183,183,183,
2026-09-09,AMARANTH,WIND,Forecast,14,18,29,41,44,29,28,40,51,67,65,67,88,92,102,111,100,84,80,83,90,92,74,57,
2026-09-09,AMARANTH,WIND,Output,15,22,33,48,46,34,27,49,60,74,74,76,97,104,114,125,106,93,87,92,102,100,80,57,
2026-09-09,AMHERST ISLAND,WIND,Available Capacity,74,74,74,74,74,74,74,74,74,74,74,74,74,74,74,74,74,74,74,74,74,74,74,74,
2026-09-09,AMHERST ISLAND,WIND,Forecast,1,14,21,27,34,33,31,42,39,39,25,31,52,41,53,48,53,42,56,64,61,61,47,42,
2026-09-09,AMHERST ISLAND,WIND,Output,2,16,22,29,35,34,33,45,40,38,24,36,53,43,55,51,52,44,59,64,64,61,47,44,
2026-09-09,APIROQUOIS,HYDRO,Capability,107,107,107,107,107,107,107,98,98,98,98,98,107,107,96,96,96,96,96,96,107,107,107,107,
2026-09-09,APIROQUOIS,HYDRO,Output,49,49,49,49,49,49,49,46,48,48,48,48,56,56,56,56,56,56,56,57,57,57,57,57,
2026-09-09,ARLEN BESS,OTHER,Capability,0,0,0,0,0,0,0,0,0,0,0,0,27,27,27,27,27,27,27,27,27,27,27,27,
2026-09-09,ARLEN BESS,OTHER,Output,0,0,0,0,0,0,0,0,0,0,1,1,0,0,0,0,0,0,0,0,0,0,0,0,
2026-09-09,ARMOW,WIND,Available Capacity,180,180,180,180,180,180,180,180,180,180,180,180,180,180,180,180,180,180,180,180,180,180,180,180,
2026-09-09,ARMOW,WIND,Forecast,73,87,79,86,71,59,96,131,131,137,139,133,149,155,161,156,146,137,128,139,144,147,130,56,
2026-09-09,ARMOW,WIND,Output,74,88,79,87,68,63,103,133,133,141,136,138,151,157,163,156,147,137,131,141,146,148,128,49,
2026-09-09,ARNPRIOR,HYDRO,Capability,41,41,41,41,41,41,41,41,41,41,41,41,41,41,41,41,41,41,41,41,41,41,41,41,
2026-09-09,ARNPRIOR,HYDRO,Output,38,2,0,0,0,0,0,0,0,35,39,39,2,0,33,35,35,38,38,1,37,38,1,0,
2026-09-09,ATIKOKAN-G1,BIOFUEL,Capability,135,135,135,135,135,135,135,135,135,135,135,135,135,135,135,135,135,135,135,135,135,135,135,135,
2026-09-09,ATIKOKAN-G1,BIOFUEL,Output,0,0,0,0,9,44,72,85,80,82,82,78,61,60,60,60,81,82,96,103,84,66,52,13,
2026-09-09,AUBREYFALLS,HYDRO,Capability,132,132,132,132,132,132,132,132,132,132,132,132,132,132,132,132,132,132,132,132,132,132,132,132,
2026-09-09,AUBREYFALLS,HYDRO,Output,0,0,0,0,0,0,0,0,0,0,0,0,0,0,0,0,64,66,66,3,0,0,0,0,
2026-09-09,BARRETT,HYDRO,Capability,109,109,109,109,109,109,109,109,109,109,109,109,109,109,109,109,109,109,109,109,109,109,109,109,
2026-09-09,BARRETT,HYDRO,Output,0,0,0,0,0,0,0,0,0,0,52,60,60,60,60,77,75,81,76,74,21,18,1,0,
2026-09-09,BECK1,HYDRO,Capability,511,511,511,511,511,511,511,511,511,511,511,511,511,511,511,511,511,511,511,511,511,511,511,511,
2026-09-09,BECK1,HYDRO,Output,250,191,163,164,141,196,269,262,363,374,300,229,206,163,154,171,332,379,437,490,483,481,479,470,
2026-09-09,BECK2,HYDRO,Capability,1402,1402,1402,1402,1402,1402,1402,1402,1402,1402,1402,1402,1402,1402,1402,1402,1402,1402,1402,1402,1402,1402,1402,1402,
2026-09-09,BECK2,HYDRO,Output,1067,1196,1169,1146,1138,1084,1062,1064,1145,1096,1135,1081,1079,1093,1105,1146,1243,1160,1198,1057,1005,981,1005,1043,
2026-09-09,BECK2 PGS,HYDRO,Capability,116,116,116,116,116,116,116,116,116,116,116,116,116,116,116,116,116,116,116,116,116,116,116,116,
2026-09-09,BECK2 PGS,HYDRO,Output,0,0,0,0,0,0,0,4,16,29,19,6,6,6,6,2,16,20,28,12,8,0,0,0,
2026-09-09,BELLE RIVER,WIND,Available Capacity,100,100,100,100,100,100,100,100,100,100,100,100,100,100,100,100,100,100,100,100,100,100,100,100,
2026-09-09,BELLE RIVER,WIND,Forecast,48,52,55,35,57,37,20,34,20,30,41,44,29,31,31,26,32,32,23,36,46,52,45,31,
2026-09-09,BELLE RIVER,WIND,Output,52,54,55,34,63,33,24,33,22,31,43,41,31,31,32,26,31,31,23,38,46,54,44,30,
2026-09-09,BLAKE,WIND,Available Capacity,60,60,60,60,60,60,60,60,60,60,60,60,60,60,60,60,60,60,60,60,60,60,60,60,
2026-09-09,BLAKE,WIND,Forecast,24,20,16,13,30,26,33,26,18,24,17,26,38,48,52,51,52,50,49,52,44,45,47,48,
2026-09-09,BLAKE,WIND,Output,25,20,15,19,27,28,35,24,19,25,16,28,42,49,54,53,54,51,51,52,45,47,48,49,
2026-09-09,BORNISH,WIND,Available Capacity,73,73,73,73,73,73,73,73,73,73,73,73,73,73,73,73,73,73,73,73,73,73,73,73,
2026-09-09,BORNISH,WIND,Forecast,26,29,26,22,5,8,36,30,23,23,15,21,44,55,51,56,44,32,33,38,40,34,40,40,
2026-09-09,BORNISH,WIND,Output,28,30,27,21,3,11,39,31,23,23,16,21,51,56,53,55,44,32,34,40,40,34,42,40,
2026-09-09,BOW LAKE,WIND,Available Capacity,20,20,20,20,20,20,20,0,0,0,0,0,0,0,0,0,0,0,0,0,0,0,0,0,
2026-09-09,BOW LAKE,WIND,Forecast,11,11,10,8,8,10,13,0,0,0,0,0,0,0,0,0,0,0,0,0,0,0,0,0,
2026-09-09,BOW LAKE,WIND,Output,12,11,10,8,9,11,14,0,0,0,0,0,0,0,0,0,0,0,0,0,0,0,0,0,
2026-09-09,BOW LAKE 2,WIND,Available Capacity,10,10,10,10,10,10,10,0,0,0,0,0,0,0,0,0,0,0,0,0,0,0,0,0,
2026-09-09,BOW LAKE 2,WIND,Forecast,7,7,7,6,6,6,7,0,0,0,0,0,0,0,0,0,0,0,0,0,0,0,0,0,
2026-09-09,BOW LAKE 2,WIND,Output,7,8,7,7,6,7,7,0,0,0,0,0,0,0,0,0,0,0,0,0,0,0,0,0,
2026-09-09,BRIGHTON BEACH,GAS,Capability,642,642,642,642,642,642,642,642,642,642,642,642,642,642,642,642,642,642,642,642,642,642,642,642,
2026-09-09,BRIGHTON BEACH,GAS,Output,248,242,241,286,334,449,561,528,565,574,571,571,548,473,390,452,569,570,570,571,571,487,429,128,
2026-09-09,BRUCEA-G1,NUCLEAR,Capability,828,828,828,828,828,828,828,828,828,828,828,828,828,828,828,828,828,828,828,828,828,828,828,828,
2026-09-09,BRUCEA-G1,NUCLEAR,Output,814,812,810,808,807,806,805,805,805,805,805,805,806,806,806,805,805,805,804,804,804,804,804,804,
2026-09-09,BRUCEA-G2,NUCLEAR,Capability,828,828,828,828,828,828,828,828,828,828,828,828,828,828,828,828,828,828,828,828,828,828,828,828,
2026-09-09,BRUCEA-G2,NUCLEAR,Output,808,809,809,808,807,807,806,806,806,805,806,806,806,806,804,804,804,804,803,803,803,803,803,804,
2026-09-09,BRUCEA-G3,NUCLEAR,Capability,795,795,795,795,795,795,795,795,795,795,795,795,795,795,795,795,795,795,795,795,795,795,795,795,
2026-09-09,BRUCEA-G3,NUCLEAR,Output,795,796,797,796,795,794,794,794,794,795,795,795,794,794,789,788,788,787,787,787,787,788,788,785,
2026-09-09,BRUCEA-G4,NUCLEAR,Capability,0,0,0,0,0,0,0,0,0,0,0,0,0,0,0,0,0,0,0,0,0,0,0,0,
2026-09-09,BRUCEA-G4,NUCLEAR,Output,0,0,0,0,0,0,0,0,0,0,0,0,0,0,0,0,0,0,0,0,0,0,0,0,
2026-09-09,BRUCEB-G5,NUCLEAR,Capability,795,795,795,795,795,795,795,795,795,795,795,795,795,795,795,795,795,795,795,795,795,795,795,795,
2026-09-09,BRUCEB-G5,NUCLEAR,Output,805,805,805,805,804,804,803,804,804,804,804,804,803,804,804,805,804,805,806,806,806,805,805,805,
2026-09-09,BRUCEB-G6,NUCLEAR,Capability,817,817,817,817,817,817,817,817,817,817,817,817,817,817,817,817,817,817,817,817,817,817,817,817,
2026-09-09,BRUCEB-G6,NUCLEAR,Output,808,809,809,810,809,808,808,808,808,807,807,807,806,806,804,805,806,807,808,807,808,807,808,806,
2026-09-09,BRUCEB-G7,NUCLEAR,Capability,817,817,817,817,817,817,817,817,817,817,817,817,817,817,817,817,817,817,817,817,817,817,817,817,
2026-09-09,BRUCEB-G7,NUCLEAR,Output,816,817,818,817,816,814,814,814,814,814,814,814,814,814,814,813,812,812,814,814,811,811,812,813,
2026-09-09,BRUCEB-G8,NUCLEAR,Capability,817,817,817,817,817,817,817,817,817,817,817,817,817,817,817,817,817,817,817,817,817,817,817,817,
2026-09-09,BRUCEB-G8,NUCLEAR,Output,814,815,815,814,814,812,811,811,811,810,808,809,809,809,809,809,809,809,809,809,809,809,809,809,
2026-09-09,CALSTOCKGS,BIOFUEL,Capability,38,38,38,38,38,38,38,38,38,38,38,38,38,38,38,38,38,38,38,38,38,38,38,38,
2026-09-09,CALSTOCKGS,BIOFUEL,Output,14,14,14,14,14,14,14,14,15,23,26,26,26,26,26,26,26,26,26,26,26,26,26,20,
2026-09-09,CAMERONFALLS,HYDRO,Capability,71,71,71,71,71,71,71,71,71,71,71,71,71,71,71,71,71,71,71,71,71,71,71,71,
2026-09-09,CAMERONFALLS,HYDRO,Output,53,53,54,54,54,54,54,53,53,53,53,53,53,54,54,54,54,54,54,54,54,54,54,54,
2026-09-09,CANYON,HYDRO,Capability,348,348,348,348,348,348,348,348,348,348,348,348,348,348,348,348,348,348,348,348,348,348,348,348,
2026-09-09,CANYON,HYDRO,Output,5,0,0,0,0,11,49,48,102,107,109,169,231,233,292,296,296,295,295,294,242,184,120,55,
2026-09-09,CARDINAL,GAS,Capability,184,184,184,184,184,184,184,184,184,184,184,142,142,142,142,142,142,142,142,142,142,142,184,184,
2026-09-09,CARDINAL,GAS,Output,0,0,0,0,0,0,0,0,21,63,114,128,128,128,128,128,128,128,137,135,120,14,0,0,
2026-09-09,CARIBOUFALLS,HYDRO,Capability,94,94,94,94,94,94,94,94,94,94,94,94,94,94,94,94,94,94,94,94,94,94,94,94,
2026-09-09,CARIBOUFALLS,HYDRO,Output,27,27,27,27,28,28,27,27,27,27,27,27,27,27,27,27,27,27,27,27,27,27,27,27,
2026-09-09,CARMICHAEL,HYDRO,Capability,19,19,19,19,19,19,19,19,19,19,19,19,19,19,19,19,19,19,19,19,19,19,19,19,
2026-09-09,CARMICHAEL,HYDRO,Output,7,7,7,7,7,7,7,7,7,7,7,7,7,8,8,8,8,8,8,8,8,8,8,8,
2026-09-09,CEDAR POINT 2,WIND,Available Capacity,100,100,100,100,100,100,100,100,100,100,100,100,100,100,100,100,100,100,100,100,100,100,100,100,
2026-09-09,CEDAR POINT 2,WIND,Forecast,42,45,36,30,4,33,56,42,40,31,26,31,49,59,63,55,42,36,42,46,50,54,62,64,
2026-09-09,CEDAR POINT 2,WIND,Output,43,46,37,26,7,37,57,43,41,29,28,31,54,59,66,54,41,36,45,46,51,56,64,64,
2026-09-09,CHATSFALLS,HYDRO,Capability,144,144,144,144,144,144,144,144,72,72,72,72,72,72,72,72,144,144,144,144,144,144,144,144,
2026-09-09,CHATSFALLS,HYDRO,Output,94,94,94,94,93,86,65,64,66,68,68,68,68,69,69,69,92,137,140,140,139,139,139,139,
2026-09-09,CHENAUX,HYDRO,Capability,79,79,79,79,79,79,79,79,79,79,79,79,79,79,79,79,79,79,79,79,79,79,79,79,
2026-09-09,CHENAUX,HYDRO,Output,52,52,52,52,52,53,53,53,68,69,69,69,69,68,68,68,68,67,67,67,67,67,53,51,
2026-09-09,CLERGUE,HYDRO,Capability,33,33,33,33,33,33,33,33,33,33,33,33,33,33,33,33,33,33,33,33,33,33,33,33,
2026-09-09,CLERGUE,HYDRO,Output,34,34,34,34,34,34,33,33,34,35,34,35,34,33,34,35,34,33,33,34,33,33,32,33,
2026-09-09,COCHRANECGS,GAS,Capability,29,29,29,29,29,29,29,29,29,29,29,29,29,29,29,29,29,29,29,29,29,29,29,29,
2026-09-09,COCHRANECGS,GAS,Output,0,0,0,0,0,0,0,0,0,0,0,0,0,0,0,0,0,0,0,0,0,0,0,0,
2026-09-09,COMBER,WIND,Available Capacity,166,166,166,166,166,166,166,166,166,166,166,166,166,166,166,166,166,166,166,166,166,166,166,166,
2026-09-09,COMBER,WIND,Forecast,38,51,56,46,48,32,13,34,30,39,56,68,50,60,28,30,31,22,26,33,40,47,39,24,
2026-09-09,COMBER,WIND,Output,43,54,58,45,52,28,13,37,34,41,59,68,54,56,28,30,29,22,27,34,41,47,38,22,
2026-09-09,CRYSLER,WIND,Available Capacity,100,100,100,100,100,100,100,100,100,100,100,100,100,100,100,100,100,100,100,100,100,100,100,100,
2026-09-09,CRYSLER,WIND,Forecast,10,12,13,2,5,10,26,18,8,5,3,15,24,28,42,49,74,90,93,89,87,85,84,84,
2026-09-09,CRYSLER,WIND,Output,9,16,9,3,4,12,26,18,8,5,3,17,25,29,43,50,78,91,94,90,87,86,85,85,
2026-09-09,DA WATSON,HYDRO,Capability,12,12,12,12,12,12,12,12,12,12,12,12,12,12,12,8,12,12,12,12,12,12,12,12,
2026-09-09,DA WATSON,HYDRO,Output,12,12,12,12,11,11,11,11,11,11,11,11,11,11,11,6,11,11,11,11,11,11,11,11,
2026-09-09,DARLINGTON-G1,NUCLEAR,Capability,822,822,822,822,822,822,822,822,822,822,822,822,822,822,822,822,822,822,822,822,822,822,822,822,
2026-09-09,DARLINGTON-G1,NUCLEAR,Output,822,822,821,821,820,820,820,820,820,820,820,821,822,822,823,824,824,824,823,822,823,824,825,826,
2026-09-09,DARLINGTON-G2,NUCLEAR,Capability,0,0,0,0,0,0,0,0,0,0,0,0,0,0,0,0,0,0,0,0,0,0,0,0,
2026-09-09,DARLINGTON-G2,NUCLEAR,Output,0,0,0,0,0,0,0,0,0,0,0,0,0,0,0,0,0,0,0,0,0,0,0,0,
2026-09-09,DARLINGTON-G3,NUCLEAR,Capability,0,0,0,0,0,0,0,0,0,0,0,0,0,0,0,0,0,0,0,0,0,0,0,0,
2026-09-09,DARLINGTON-G3,NUCLEAR,Output,0,0,0,0,0,0,0,0,0,0,0,0,0,0,0,0,0,0,0,0,0,0,0,0,
2026-09-09,DARLINGTON-G4,NUCLEAR,Capability,0,0,0,0,0,0,0,0,0,0,0,0,0,0,0,0,0,0,0,0,0,0,0,0,
2026-09-09,DARLINGTON-G4,NUCLEAR,Output,0,0,0,0,0,0,0,0,0,0,0,0,0,0,0,0,0,0,0,0,0,0,0,0,
2026-09-09,DECEWFALLS,HYDRO,Capability,148,148,148,148,148,148,148,148,148,148,148,148,148,148,148,148,148,148,148,148,148,148,148,148,
2026-09-09,DECEWFALLS,HYDRO,Output,138,138,138,138,138,138,138,130,131,137,138,138,138,137,135,136,135,135,135,135,135,136,139,139,
2026-09-09,DECEWND1,HYDRO,Capability,29,29,29,29,29,29,29,29,29,29,29,29,29,29,29,29,29,29,29,29,29,29,29,29,
2026-09-09,DECEWND1,HYDRO,Output,19,19,19,19,19,19,19,19,19,19,19,19,19,19,19,19,19,19,19,19,19,19,19,19,
2026-09-09,DESJOACHIMS,HYDRO,Capability,429,429,429,429,429,429,429,429,429,429,429,429,429,429,429,429,429,429,429,429,429,429,429,429,
2026-09-09,DESJOACHIMS,HYDRO,Output,50,2,0,0,0,0,48,100,103,151,181,174,222,264,324,331,347,336,341,275,209,157,56,50,
2026-09-09,DESTEC,GAS,Capability,120,120,120,120,120,120,120,120,120,120,120,120,120,120,120,120,120,120,120,120,120,120,120,120,
2026-09-09,DESTEC,GAS,Output,0,0,0,0,0,0,0,0,0,0,0,0,0,0,0,0,0,0,0,0,0,0,0,0,
2026-09-09,DILLON,WIND,Available Capacity,78,78,78,78,78,78,78,78,78,78,78,78,78,78,78,78,78,78,78,78,78,78,78,78,
2026-09-09,DILLON,WIND,Forecast,18,18,19,18,13,14,9,9,8,13,23,32,26,28,18,12,14,17,22,27,29,25,19,19,
2026-09-09,DILLON,WIND,Output,19,20,19,18,14,14,9,9,9,13,27,35,26,29,16,13,14,18,24,28,30,26,20,19,
2026-09-09,DOWCHEMICAL,GAS,Capability,36,36,36,36,36,36,36,36,36,36,36,36,36,36,36,36,36,36,36,36,36,36,36,36,
2026-09-09,DOWCHEMICAL,GAS,Output,20,20,19,19,19,19,17,16,16,16,17,18,20,21,20,19,16,16,16,15,15,16,18,19,
2026-09-09,DPNTMTLND,GAS,Capability,52,52,52,52,52,52,52,52,52,52,52,52,52,52,52,52,52,52,52,52,52,52,52,52,
2026-09-09,DPNTMTLND,GAS,Output,0,0,0,0,0,0,0,0,0,0,0,0,0,0,3,22,21,5,0,0,0,0,0,0,
2026-09-09,EARFALLS,HYDRO,Capability,18,18,18,18,18,18,18,18,18,18,18,18,18,18,18,18,18,18,18,18,18,18,18,18,
2026-09-09,EARFALLS,HYDRO,Output,16,16,16,16,16,16,16,16,16,16,16,16,16,16,16,16,16,16,16,16,16,16,16,16,
2026-09-09,EAST LAKE,WIND,Available Capacity,99,99,99,99,99,99,99,99,99,99,99,99,99,99,99,99,99,99,99,99,99,99,99,99,
2026-09-09,EAST LAKE,WIND,Forecast,33,28,20,14,12,16,10,12,5,7,15,32,28,37,28,33,40,42,41,41,49,51,43,33,
2026-09-09,EAST LAKE,WIND,Output,33,28,21,14,12,18,9,12,5,7,16,36,28,38,30,34,44,41,43,42,52,52,43,33,
2026-09-09,EAST WINDSOR-G1,GAS,Capability,46,46,46,46,46,46,46,46,46,46,46,46,46,46,46,46,46,46,46,46,46,46,46,46,
2026-09-09,EAST WINDSOR-G1,GAS,Output,0,0,0,0,0,0,0,0,0,0,0,0,0,0,0,0,0,0,0,0,0,0,0,0,
2026-09-09,EAST WINDSOR-G2,GAS,Capability,46,46,46,46,46,46,46,46,46,46,46,46,46,46,46,46,46,46,46,46,46,46,46,46,
2026-09-09,EAST WINDSOR-G2,GAS,Output,0,0,0,0,0,0,0,0,0,0,0,0,0,0,0,0,0,0,0,0,0,0,0,0,
2026-09-09,EAST WINDSOR-G3,GAS,Capability,107,107,107,107,107,107,107,107,107,107,107,107,107,107,107,107,107,107,107,107,107,107,107,107,
2026-09-09,EAST WINDSOR-G3,GAS,Output,1,1,1,1,1,1,1,1,1,1,1,1,1,1,72,83,82,82,82,83,84,7,1,1,
2026-09-09,ERIEAU,WIND,Available Capacity,99,99,99,99,99,99,99,99,99,99,99,99,99,99,99,99,99,99,99,99,99,99,99,99,
2026-09-09,ERIEAU,WIND,Forecast,26,34,31,34,22,14,10,13,11,18,27,39,28,31,28,16,18,23,24,28,36,34,29,28,
2026-09-09,ERIEAU,WIND,Output,29,36,32,35,21,13,11,14,12,18,30,40,27,31,27,16,19,23,26,29,37,34,29,29,
2026-09-09,FORTFRANCSWC,HYDRO,Capability,2,2,2,2,2,2,2,2,2,2,2,2,2,2,2,2,2,2,2,2,2,2,2,2,
2026-09-09,FORTFRANCSWC,HYDRO,Output,4,4,4,4,4,4,4,4,4,4,4,4,4,4,4,4,4,4,4,4,4,4,4,4,
2026-09-09,GARTSHORE,HYDRO,Capability,69,69,69,69,69,69,69,69,69,69,69,69,69,69,69,69,69,69,69,69,69,69,69,69,
2026-09-09,GARTSHORE,HYDRO,Output,0,0,0,0,0,0,0,0,6,12,12,6,0,0,0,0,0,0,0,0,0,0,0,0,
2026-09-09,GOREWAY BESS,OTHER,Capability,55,55,55,55,55,55,55,55,55,55,55,55,55,55,55,55,55,55,55,55,55,55,55,55,
2026-09-09,GOREWAY BESS,OTHER,Output,0,0,0,0,0,0,0,0,0,0,0,0,0,0,0,0,0,0,36,21,0,0,0,0,
2026-09-09,GOSFIELDWGS,WIND,Available Capacity,51,51,51,51,51,51,51,51,51,51,51,51,51,51,51,51,51,51,51,51,51,51,51,51,
2026-09-09,GOSFIELDWGS,WIND,Forecast,8,13,14,11,8,2,0,9,12,13,15,17,17,13,9,8,7,6,9,10,14,14,10,6,
2026-09-09,GOSFIELDWGS,WIND,Output,10,14,15,11,7,2,0,12,13,13,15,17,20,10,8,8,7,6,9,10,15,14,10,6,
2026-09-09,GOSHEN,WIND,Available Capacity,102,102,102,102,102,102,102,102,102,102,102,102,102,102,102,102,102,102,102,102,102,102,102,102,
2026-09-09,GOSHEN,WIND,Forecast,27,31,21,15,13,18,41,29,28,40,30,29,44,67,68,60,54,47,49,48,55,63,76,78,
2026-09-09,GOSHEN,WIND,Output,28,31,21,18,9,21,41,28,31,40,30,30,49,67,69,62,53,48,50,49,56,66,78,78,
2026-09-09,GOULAIS,WIND,Available Capacity,25,25,25,25,25,25,25,25,25,25,25,25,25,25,25,25,25,25,25,25,25,25,25,25,
2026-09-09,GOULAIS,WIND,Forecast,19,14,14,15,14,11,7,10,7,9,10,11,13,20,12,18,20,23,24,22,21,22,24,24,
2026-09-09,GOULAIS,WIND,Output,19,14,15,16,15,11,8,11,7,10,11,10,16,18,14,20,21,25,25,22,21,23,25,25,
2026-09-09,GRAND VALLEY 3,WIND,Available Capacity,40,40,40,40,40,40,40,40,40,40,40,40,40,40,40,40,40,40,40,40,40,40,40,40,
2026-09-09,GRAND VALLEY 3,WIND,Forecast,9,7,15,19,14,10,14,18,23,24,27,26,30,34,35,36,35,31,29,31,29,31,28,25,
2026-09-09,GRAND VALLEY 3,WIND,Output,8,8,17,20,12,13,13,20,25,25,28,28,31,36,36,37,36,32,30,32,30,32,28,26,
2026-09-09,GRANDSF,SOLAR,Available Capacity,100,100,100,100,100,100,100,100,100,100,100,100,100,100,100,100,100,100,100,100,100,100,100,100,
2026-09-09,GRANDSF,SOLAR,Forecast,0,0,0,0,0,0,0,2,5,10,14,21,21,20,11,6,6,3,0,0,0,0,0,0,
2026-09-09,GRANDSF,SOLAR,Output,0,0,0,0,0,0,0,0,0,10,14,23,17,17,9,4,6,3,0,0,0,0,0,0,
2026-09-09,GRANDWF,WIND,Available Capacity,149,149,149,149,149,149,149,149,149,149,149,149,149,149,149,149,149,149,149,149,149,149,149,149,
2026-09-09,GRANDWF,WIND,Forecast,0,3,12,40,54,46,47,70,53,32,31,47,81,106,114,112,120,100,80,50,38,40,44,39,
2026-09-09,GRANDWF,WIND,Output,0,3,13,44,56,46,50,70,52,33,32,50,86,110,114,116,125,100,78,48,38,39,39,39,
2026-09-09,GREENFIELD ENERGY CENTRE-G1,GAS,Capability,175,175,175,175,175,175,175,175,175,175,175,175,175,175,175,175,175,175,175,175,175,175,175,175,
2026-09-09,GREENFIELD ENERGY CENTRE-G1,GAS,Output,174,172,175,173,175,175,175,175,175,174,173,173,174,174,174,173,172,172,172,172,173,174,174,175,
2026-09-09,GREENFIELD ENERGY CENTRE-G2,GAS,Capability,0,0,0,0,0,0,0,0,0,0,0,0,0,0,0,0,0,0,0,0,0,0,0,0,
2026-09-09,GREENFIELD ENERGY CENTRE-G2,GAS,Output,0,0,0,0,0,0,0,0,0,0,0,0,0,0,0,0,0,0,0,0,0,0,0,0,
2026-09-09,GREENFIELD ENERGY CENTRE-G3,GAS,Capability,175,175,175,175,175,175,175,175,175,175,175,175,175,175,175,175,175,175,175,175,175,175,175,175,
2026-09-09,GREENFIELD ENERGY CENTRE-G3,GAS,Output,174,172,176,175,175,175,175,174,175,175,174,173,175,174,174,174,173,173,173,173,174,175,175,176,
2026-09-09,GREENFIELD ENERGY CENTRE-G4,GAS,Capability,336,336,336,336,336,336,336,336,336,336,336,336,336,336,336,336,336,336,336,336,336,336,336,336,
2026-09-09,GREENFIELD ENERGY CENTRE-G4,GAS,Output,244,237,254,241,250,261,300,270,278,283,300,306,277,297,256,250,280,305,305,306,291,246,236,241,
2026-09-09,GREENFIELD SOUTH-G1,GAS,Capability,175,175,175,175,175,175,175,175,175,175,175,175,175,175,175,175,175,175,175,175,175,175,175,175,
2026-09-09,GREENFIELD SOUTH-G1,GAS,Output,109,108,108,108,110,154,169,115,150,170,144,111,110,110,109,112,166,168,169,169,158,120,109,107,
2026-09-09,GREENFIELD SOUTH-G2,GAS,Capability,120,120,120,120,120,120,120,120,120,120,120,120,120,120,120,120,120,120,120,120,120,120,120,120,
2026-09-09,GREENFIELD SOUTH-G2,GAS,Output,73,70,70,70,70,84,92,75,84,94,84,73,72,72,72,72,90,106,111,109,99,77,72,71,
2026-09-09,GREENWICH,WIND,Available Capacity,99,99,99,99,99,99,99,99,99,99,99,99,99,99,99,99,99,99,99,99,99,99,99,99,
2026-09-09,GREENWICH,WIND,Forecast,56,51,33,30,32,38,38,34,44,74,71,77,79,84,91,91,91,90,80,65,76,78,57,41,
2026-09-09,GREENWICH,WIND,Output,57,44,34,30,33,39,41,31,51,78,72,79,82,88,94,93,93,90,70,67,79,79,54,44,
2026-09-09,GTAA-G1,GAS,Capability,36,36,36,36,36,36,36,36,36,36,36,36,36,36,36,36,36,36,36,36,36,36,36,36,
2026-09-09,GTAA-G1,GAS,Output,35,34,34,33,34,35,36,35,35,20,0,31,32,32,33,33,34,34,34,34,34,33,33,33,
2026-09-09,GTAA-G2,GAS,Capability,0,0,0,0,0,0,0,0,0,0,0,0,0,0,0,0,0,0,0,0,0,0,0,0,
2026-09-09,GTAA-G2,GAS,Output,0,0,0,0,0,0,0,0,0,0,0,0,0,0,0,0,0,0,0,0,0,0,0,0,
2026-09-09,GTAA-G3,GAS,Capability,0,0,0,0,0,0,0,0,0,0,0,0,0,0,0,0,0,0,0,0,0,0,0,0,
2026-09-09,GTAA-G3,GAS,Output,11,9,9,9,9,10,10,10,9,5,0,0,5,8,8,8,9,9,9,9,9,9,9,9,
2026-09-09,HAGERSVILLE BESS,OTHER,Capability,327,327,327,327,327,327,327,327,327,327,327,327,327,327,327,327,327,327,327,327,327,327,327,327,
2026-09-09,HAGERSVILLE BESS,OTHER,Output,0,0,0,0,0,14,5,1,12,33,14,0,1,1,0,0,56,230,295,300,139,4,0,0,
2026-09-09,HALTONHILLS-LT.G1,GAS,Capability,230,230,230,230,230,230,230,230,230,230,230,230,230,230,230,230,230,230,230,230,230,230,230,230,
2026-09-09,HALTONHILLS-LT.G1,GAS,Output,191,168,172,154,197,200,199,198,197,197,196,195,194,193,194,194,196,196,196,196,197,195,192,189,
2026-09-09,HALTONHILLS-LT.G2,GAS,Capability,230,230,230,230,230,230,230,230,230,230,230,230,230,230,230,230,230,230,230,230,230,230,230,230,
2026-09-09,HALTONHILLS-LT.G2,GAS,Output,191,168,173,154,197,201,200,198,197,197,196,195,195,194,194,193,195,194,194,194,195,193,191,189,
2026-09-09,HALTONHILLS-LT.G3,GAS,Capability,299,299,299,299,299,299,299,299,299,299,299,299,299,299,299,299,299,299,299,299,299,299,299,299,
2026-09-09,HALTONHILLS-LT.G3,GAS,Output,205,176,179,158,200,240,239,242,246,245,245,244,238,229,225,238,239,246,247,248,249,245,232,216,
2026-09-09,HARMON,HYDRO,Capability,0,156,156,156,156,156,156,156,156,156,156,156,156,156,156,156,156,156,156,156,156,78,0,156,
2026-09-09,HARMON,HYDRO,Output,0,0,0,0,0,0,0,72,71,71,142,145,145,145,145,145,145,145,145,145,145,75,2,0,
2026-09-09,HARMON 2,HYDRO,Capability,0,78,78,78,78,78,78,78,78,78,78,78,78,78,78,78,78,78,78,78,78,0,0,78,
2026-09-09,HARMON 2,HYDRO,Output,2,0,0,0,0,0,0,0,0,0,0,0,0,0,0,0,0,0,0,0,0,0,0,0,
2026-09-09,HARRIS,HYDRO,Capability,12,12,12,12,12,12,12,12,12,12,12,12,12,12,12,12,12,12,12,12,12,12,12,12,
2026-09-09,HARRIS,HYDRO,Output,3,4,4,2,1,2,2,2,2,2,2,2,2,2,2,2,2,2,2,1,1,1,1,1,
2026-09-09,HENVEY NORTH,WIND,Available Capacity,117,117,117,117,117,117,117,117,117,117,117,117,117,117,117,117,117,117,117,117,117,117,117,117,
2026-09-09,HENVEY NORTH,WIND,Forecast,89,99,101,93,99,97,103,106,106,103,93,104,106,107,98,109,102,107,109,112,111,108,108,95,
2026-09-09,HENVEY NORTH,WIND,Output,96,105,108,97,103,99,108,109,109,107,93,108,107,110,99,113,104,111,112,114,113,111,112,92,
2026-09-09,HENVEY SOUTH,WIND,Available Capacity,183,183,183,183,183,183,183,183,183,183,183,183,183,183,183,183,183,183,183,183,183,183,183,183,
2026-09-09,HENVEY SOUTH,WIND,Forecast,134,150,164,152,150,136,144,161,158,158,136,149,154,161,146,165,152,161,164,172,172,169,163,140,
2026-09-09,HENVEY SOUTH,WIND,Output,140,159,173,156,152,138,151,165,163,162,136,154,157,166,146,170,154,167,170,176,176,175,168,136,
2026-09-09,HOLDEN,HYDRO,Capability,199,199,199,199,199,199,199,199,199,199,199,199,199,199,199,199,199,199,199,199,199,199,199,199,
2026-09-09,HOLDEN,HYDRO,Output,27,2,0,0,0,25,57,58,84,112,114,143,144,167,173,173,172,172,142,142,142,87,31,27,
2026-09-09,HOLINGSWTH,HYDRO,Capability,21,21,21,21,21,21,21,21,21,21,21,21,21,21,21,21,21,21,21,21,21,21,21,21,
2026-09-09,HOLINGSWTH,HYDRO,Output,0,0,0,0,0,0,15,16,16,0,0,0,0,0,0,0,0,15,16,16,0,0,0,0,
2026-09-09,HYDROGEN READY POWER PLANT (HRPP),GAS,Capability,206,206,206,206,206,206,206,206,206,206,206,206,206,206,206,206,206,206,206,206,206,206,206,206,
2026-09-09,HYDROGEN READY POWER PLANT (HRPP),GAS,Output,0,0,0,0,0,0,0,0,0,0,0,0,0,0,0,0,0,0,0,0,0,0,0,0,
2026-09-09,JERICHO,WIND,Available Capacity,149,149,149,149,149,149,149,149,149,149,149,149,149,149,149,149,149,149,149,149,149,149,149,149,
2026-09-09,JERICHO,WIND,Forecast,49,47,51,42,5,40,81,62,57,52,42,47,88,99,105,97,73,61,67,76,67,77,90,82,
2026-09-09,JERICHO,WIND,Output,49,50,51,39,7,42,85,62,57,50,43,49,94,102,109,94,73,62,70,76,69,81,91,82,
2026-09-09,K2WIND,WIND,Available Capacity,270,270,270,270,270,270,270,270,270,270,270,270,270,270,270,270,270,270,270,270,270,270,270,270,
2026-09-09,K2WIND,WIND,Forecast,127,142,109,115,108,105,187,178,149,167,185,214,222,242,248,251,231,192,175,181,206,218,231,239,
2026-09-09,K2WIND,WIND,Output,132,142,110,115,105,111,195,174,150,175,185,218,226,246,253,252,231,190,176,186,211,222,237,237,
2026-09-09,KAKABEKA,HYDRO,Capability,0,0,0,0,0,0,0,0,0,0,0,0,0,0,0,0,0,0,0,0,0,0,0,0,
2026-09-09,KAKABEKA,HYDRO,Output,0,0,0,0,0,0,0,0,0,0,0,0,0,0,0,0,0,0,0,0,0,0,0,0,
2026-09-09,KAPGS,GAS,Capability,29,29,29,29,29,29,29,29,29,29,29,29,29,29,29,29,29,29,29,29,29,29,29,29,
2026-09-09,KAPGS,GAS,Output,0,0,0,0,0,0,0,0,0,0,0,0,0,0,0,0,0,0,0,0,0,0,0,0,
2026-09-09,KINGSBRIDGE,WIND,Available Capacity,40,40,40,40,40,40,40,40,40,40,40,40,40,40,40,40,40,40,40,40,40,40,40,40,
2026-09-09,KINGSBRIDGE,WIND,Forecast,11,11,7,6,9,8,17,18,16,19,19,23,23,28,30,28,24,18,13,16,20,21,22,27,
2026-09-09,KINGSBRIDGE,WIND,Output,13,11,7,7,9,9,20,18,16,21,20,25,24,30,32,29,24,17,13,18,21,22,23,29,
2026-09-09,KINGSTONSF,SOLAR,Available Capacity,100,100,100,100,100,100,100,100,100,100,100,100,100,100,100,100,100,100,100,100,100,100,100,100,
2026-09-09,KINGSTONSF,SOLAR,Forecast,0,0,0,0,0,0,0,4,11,9,8,10,9,7,7,6,2,0,0,0,0,0,0,0,
2026-09-09,KINGSTONSF,SOLAR,Output,0,0,0,0,0,0,0,1,11,5,7,9,6,6,8,6,1,0,0,0,0,0,0,0,
2026-09-09,KIPLING,HYDRO,Capability,0,152,152,152,152,152,152,152,152,152,152,152,152,152,152,152,152,152,152,152,152,76,0,152,
2026-09-09,KIPLING,HYDRO,Output,0,0,0,0,0,0,2,68,67,67,136,140,139,142,142,143,138,139,139,139,139,76,2,0,
2026-09-09,KIPLING 2,HYDRO,Capability,0,79,79,79,79,79,79,79,79,79,79,79,79,79,79,79,79,79,79,79,79,0,0,79,
2026-09-09,KIPLING 2,HYDRO,Output,2,0,0,0,0,0,0,0,0,0,0,0,0,0,0,0,0,0,0,0,0,0,0,0,
2026-09-09,LAKESUPERIOR,GAS,Capability,125,125,125,125,125,125,125,125,125,125,125,125,125,125,125,125,125,125,125,125,125,125,125,125,
2026-09-09,LAKESUPERIOR,GAS,Output,0,0,0,0,0,0,0,0,0,0,0,0,0,0,0,0,0,0,0,0,0,0,0,0,
2026-09-09,LANDON,WIND,Available Capacity,40,40,40,40,40,40,40,40,40,40,40,40,40,40,40,40,40,40,40,40,40,40,40,40,
2026-09-09,LANDON,WIND,Forecast,28,23,23,18,7,9,24,20,19,11,8,10,27,29,35,31,28,22,22,29,32,31,29,26,
2026-09-09,LANDON,WIND,Output,29,23,23,18,6,11,25,22,19,11,9,9,31,31,35,31,28,23,23,31,33,32,30,27,
2026-09-09,LENNOX-G1,GAS,Capability,525,525,525,525,525,525,525,525,525,525,525,525,525,525,525,525,525,525,525,525,525,525,525,525,
2026-09-09,LENNOX-G1,GAS,Output,0,0,0,0,0,0,0,0,0,0,0,0,0,0,0,0,0,0,0,0,0,0,0,0,
2026-09-09,LENNOX-G2,GAS,Capability,525,525,525,525,525,525,525,525,525,525,525,525,525,525,525,525,525,525,525,525,525,525,525,525,
2026-09-09,LENNOX-G2,GAS,Output,0,0,0,0,0,0,0,0,0,0,0,0,0,0,0,0,0,0,0,0,0,0,0,0,
2026-09-09,LENNOX-G3,GAS,Capability,525,525,525,525,525,525,525,525,525,525,525,525,525,525,525,525,525,525,525,525,525,525,525,525,
2026-09-09,LENNOX-G3,GAS,Output,0,0,0,0,0,0,0,0,0,0,0,0,0,0,0,0,0,0,0,0,0,0,0,0,
2026-09-09,LENNOX-G4,GAS,Capability,525,525,525,525,525,525,525,525,525,525,525,525,525,525,525,525,525,525,525,525,525,525,525,525,
2026-09-09,LENNOX-G4,GAS,Output,0,0,0,0,0,0,0,0,0,0,0,0,0,0,0,0,0,0,0,0,0,0,0,0,
2026-09-09,LITTLELONG,HYDRO,Capability,0,144,144,144,144,144,144,144,144,144,144,144,144,144,144,144,144,144,144,144,144,72,0,144,
2026-09-09,LITTLELONG,HYDRO,Output,2,0,0,0,0,0,0,64,65,65,123,126,129,130,130,130,130,130,130,130,130,67,2,0,
2026-09-09,LITTLELONG 2,HYDRO,Capability,0,0,0,0,0,0,0,0,0,0,0,0,0,0,0,0,0,0,0,0,0,0,0,0,
2026-09-09,LITTLELONG 2,HYDRO,Output, , , , , , , , , , , , , , , , , , , ,0, , , , ,
2026-09-09,LONGSAULTE,HYDRO,Capability,20,20,20,20,20,20,20,20,20,20,20,20,20,20,20,20,20,20,20,20,20,20,20,20,
2026-09-09,LONGSAULTE,HYDRO,Output,9,9,9,8,8,8,10,10,9,9,10,10,10,10,10,10,11,11,11,11,11,10,9,9,
2026-09-09,LOWER WHITE RIVER,HYDRO,Capability,1,1,1,1,1,1,1,1,1,1,1,1,1,1,1,1,1,1,1,1,1,1,1,1,
2026-09-09,LOWER WHITE RIVER,HYDRO,Output,2,2,2,2,2,2,2,2,2,2,2,2,2,2,2,2,2,2,2,2,2,2,2,2,
2026-09-09,LOWERNOTCH,HYDRO,Capability,137,137,137,137,137,137,137,137,137,137,137,137,137,137,137,137,137,137,137,137,137,137,137,137,
2026-09-09,LOWERNOTCH,HYDRO,Output,0,0,0,0,0,0,0,0,0,0,106,109,106,109,108,109,108,108,108,108,108,108,3,0,
2026-09-09,MACKAYGS,HYDRO,Capability,42,42,42,42,42,42,42,42,42,42,42,42,42,42,42,42,42,42,42,42,42,42,42,42,
2026-09-09,MACKAYGS,HYDRO,Output,0,0,0,0,0,0,0,0,0,0,0,0,0,0,0,0,0,0,0,0,0,0,0,0,
2026-09-09,MANITOUFALLS,HYDRO,Capability,0,0,0,0,0,0,0,0,0,0,0,0,0,0,0,0,0,0,0,0,0,0,0,0,
2026-09-09,MANITOUFALLS,HYDRO,Output,0,0,0,0,0,0,0,0,0,0,0,0,0,0,0,0,0,0,0,0,0,0,0,0,
2026-09-09,MCLEANSMTNWF-LT.AG_T1,WIND,Available Capacity,60,60,60,60,60,60,60,60,50,50,60,60,60,60,60,60,60,60,60,60,60,50,50,60,
2026-09-09,MCLEANSMTNWF-LT.AG_T1,WIND,Forecast,21,27,27,28,31,30,27,23,23,22,20,23,22,28,30,37,35,35,35,50,49,45,42,36,
2026-09-09,MCLEANSMTNWF-LT.AG_T1,WIND,Output,21,29,27,29,32,30,26,24,22,22,23,23,23,29,33,38,35,35,38,51,50,45,41,37,
2026-09-09,MISSION,HYDRO,Capability,14,14,14,14,14,14,14,14,14,14,14,14,14,14,14,14,14,14,14,14,14,14,14,14,
2026-09-09,MISSION,HYDRO,Output,2,2,2,4,5,2,1,1,1,1,2,3,3,3,3,3,3,3,3,3,2,1,1,1,
2026-09-09,MTNCHUTE,HYDRO,Capability,0,0,0,0,0,0,0,0,0,0,0,0,0,0,0,0,0,0,0,0,0,0,0,0,
2026-09-09,MTNCHUTE,HYDRO,Output,0,0,0,0,0,0,0,0,0,0,0,0,0,0,0,0,0,0,0,0,0,0,0,0,
2026-09-09,NAGAGAMI,HYDRO,Capability,9,9,9,9,9,9,9,9,9,9,9,9,9,9,9,9,9,9,9,9,9,9,9,9,
2026-09-09,NAGAGAMI,HYDRO,Output,0,0,0,0,0,0,0,0,0,0,0,0,0,0,0,0,0,0,0,0,0,0,0,0,
2026-09-09,NANTICOKE SOLAR,SOLAR,Available Capacity,44,44,44,44,44,44,44,44,44,44,44,44,44,44,44,44,44,44,44,44,44,44,44,44,
2026-09-09,NANTICOKE SOLAR,SOLAR,Forecast,0,0,0,0,0,0,0,1,2,7,6,9,9,9,5,2,3,1,0,0,0,0,0,0,
2026-09-09,NANTICOKE SOLAR,SOLAR,Output,0,0,0,0,0,0,1,1,3,6,5,9,9,7,4,1,3,1,0,0,0,0,0,0,
2026-09-09,NAPANEE BESS,OTHER,Capability,278,278,278,278,278,278,278,278,278,278,278,278,278,278,278,278,278,278,278,278,278,278,278,278,
2026-09-09,NAPANEE BESS,OTHER,Output,0,0,0,0,0,0,0,0,0,0,1,0,0,1,0,0,0,0,62,3,0,0,0,0,
2026-09-09,NAPANEE-G1,GAS,Capability,260,260,260,260,260,260,260,260,260,260,260,260,260,260,260,260,260,260,260,260,260,260,260,260,
2026-09-09,NAPANEE-G1,GAS,Output,247,245,245,231,246,248,248,248,247,247,246,246,245,244,244,243,243,242,241,241,242,242,242,243,
2026-09-09,NAPANEE-G2,GAS,Capability,260,260,260,260,260,260,260,260,260,260,260,260,260,260,260,260,260,260,260,260,260,260,260,260,
2026-09-09,NAPANEE-G2,GAS,Output,245,244,243,228,243,246,245,245,244,244,243,243,242,241,241,240,240,239,239,239,239,239,239,240,
2026-09-09,NAPANEE-G3,GAS,Capability,458,458,458,458,458,458,458,458,458,458,458,458,458,458,458,458,458,458,458,458,458,458,458,458,
2026-09-09,NAPANEE-G3,GAS,Output,358,245,246,237,314,409,409,409,409,408,411,410,409,362,379,414,416,414,413,413,413,413,408,365,
2026-09-09,NIPIGONGS,GAS,Capability,23,23,23,23,23,23,23,23,23,23,23,23,23,23,23,23,23,23,23,23,23,23,23,23,
2026-09-09,NIPIGONGS,GAS,Output, , , , , , , , , , , , , , , , , , , , , , , , ,
2026-09-09,NORTH KENT,WIND,Available Capacity,99,99,99,99,99,99,99,99,99,99,99,99,99,99,99,99,99,99,99,99,99,99,99,99,
2026-09-09,NORTH KENT,WIND,Forecast,37,42,33,20,19,16,12,12,8,9,16,33,30,39,27,33,41,44,37,43,45,50,37,28,
2026-09-09,NORTH KENT,WIND,Output,39,42,34,18,18,18,11,13,8,10,18,36,29,40,27,34,44,44,39,43,46,50,37,28,
2026-09-09,NORTHBAYGS,GAS,Capability,60,60,60,60,60,60,60,60,60,60,60,60,60,60,60,60,60,60,60,60,60,60,60,60,
2026-09-09,NORTHBAYGS,GAS,Output,0,0,0,0,0,0,0,0,0,0,0,0,0,0,0,0,0,0,0,0,0,0,0,0,
2026-09-09,NORTHLAND POWER SOLAR FACILITIES,SOLAR,Available Capacity,40,40,40,40,40,40,40,40,40,40,40,40,40,40,40,40,40,40,40,40,40,40,40,40,
2026-09-09,NORTHLAND POWER SOLAR FACILITIES,SOLAR,Forecast,0,0,0,0,0,0,0,5,15,23,24,19,25,30,31,30,15,4,0,0,0,0,0,0,
2026-09-09,NORTHLAND POWER SOLAR FACILITIES,SOLAR,Output,0,0,0,0,0,0,1,5,16,27,23,16,28,33,33,30,15,5,0,0,0,0,0,0,
2026-09-09,NPIROQFALLS,GAS,Capability,125,125,125,125,125,125,125,125,125,125,125,125,125,125,125,125,125,125,125,125,125,125,125,125,
2026-09-09,NPIROQFALLS,GAS,Output,0,0,0,0,0,0,0,0,0,0,0,0,0,0,0,0,0,0,0,0,0,0,0,0,
2026-09-09,NPKIRKLAND-G1-G5,GAS,Capability,0,0,0,0,0,0,0,0,0,0,0,0,0,0,0,0,0,0,0,0,0,0,0,0,
2026-09-09,NPKIRKLAND-G1-G5,GAS,Output,0,0,0,0,0,0,0,0,0,0,0,0,0,0,0,0,0,0,0,0,0,0,0,0,
2026-09-09,NPKIRKLAND-G6,GAS,Capability,33,33,33,33,33,33,33,33,33,33,33,33,33,33,33,33,33,33,33,33,33,33,33,33,
2026-09-09,NPKIRKLAND-G6,GAS,Output,0,0,0,0,0,0,0,0,0,0,0,0,0,0,0,0,0,0,0,0,0,0,0,0,
2026-09-09,ONEIDA ENERGY STORAGE,OTHER,Capability,250,250,250,250,250,250,250,250,250,250,250,250,250,250,250,250,250,250,250,250,250,250,250,250,
2026-09-09,ONEIDA ENERGY STORAGE,OTHER,Output,0,0,0,0,1,0,0,0,0,0,0,0,0,33,40,111,113,113,147,163,95,4,0,0,
2026-09-09,OTTERRAPIDS,HYDRO,Capability,152,152,152,152,152,152,152,99,99,99,99,99,99,99,99,99,99,99,99,99,99,99,99,99,
2026-09-09,OTTERRAPIDS,HYDRO,Output,42,42,42,42,42,91,87,87,87,88,88,88,88,88,88,88,88,88,88,88,88,88,88,88,
2026-09-09,PAROCHES,WIND,Available Capacity,49,49,49,49,49,49,49,49,49,31,31,49,49,49,49,49,49,49,49,49,49,49,49,49,
2026-09-09,PAROCHES,WIND,Forecast,13,14,17,11,15,14,6,10,4,4,13,18,9,11,10,11,11,11,10,12,16,17,15,12,
2026-09-09,PAROCHES,WIND,Output,15,15,17,11,18,12,7,9,5,7,16,18,9,11,11,11,11,12,10,13,17,18,15,12,
2026-09-09,PETER SUTHERLAND SR,HYDRO,Capability,27,27,27,27,27,27,27,27,27,27,27,27,27,27,27,27,27,27,27,27,27,27,27,27,
2026-09-09,PETER SUTHERLAND SR,HYDRO,Output,28,28,28,28,28,28,28,28,28,28,28,28,28,28,28,28,28,28,28,28,28,28,28,28,
2026-09-09,PICKERINGB-G5,NUCLEAR,Capability,500,500,500,500,500,500,500,500,500,500,500,500,500,500,500,500,500,500,500,500,500,500,500,500,
2026-09-09,PICKERINGB-G5,NUCLEAR,Output,494,494,494,496,496,497,496,496,496,496,496,496,495,494,494,494,495,495,495,493,495,496,497,498,
2026-09-09,PICKERINGB-G6,NUCLEAR,Capability,500,500,500,500,500,500,500,500,500,500,500,500,500,500,500,500,500,500,500,500,500,500,500,500,
2026-09-09,PICKERINGB-G6,NUCLEAR,Output,493,493,494,495,495,494,495,494,496,495,495,495,495,494,494,494,495,495,495,495,492,496,496,497,
2026-09-09,PICKERINGB-G7,NUCLEAR,Capability,510,510,510,510,510,510,510,510,510,510,510,510,510,510,510,510,510,510,510,510,510,510,510,510,
2026-09-09,PICKERINGB-G7,NUCLEAR,Output,507,507,508,509,510,510,509,509,509,509,510,509,509,507,507,507,508,508,508,507,507,509,510,510,
2026-09-09,PICKERINGB-G8,NUCLEAR,Capability,500,500,500,500,500,500,500,500,500,500,500,500,500,500,500,500,500,500,500,500,500,500,500,500,
2026-09-09,PICKERINGB-G8,NUCLEAR,Output,499,499,501,500,502,502,502,502,503,503,503,502,502,501,500,500,501,501,501,500,501,502,503,504,
2026-09-09,PINEPORTAGE,HYDRO,Capability,72,72,72,72,72,72,72,72,72,72,72,72,72,72,72,72,72,72,72,72,72,72,72,72,
2026-09-09,PINEPORTAGE,HYDRO,Output,60,60,60,55,56,56,56,58,64,64,64,64,64,64,64,63,58,58,58,58,58,58,58,58,
2026-09-09,PORT BURWELL,WIND,Available Capacity,99,99,99,99,99,99,99,99,99,99,99,99,99,99,99,99,99,99,99,99,99,99,99,99,
2026-09-09,PORT BURWELL,WIND,Forecast,13,25,23,17,12,15,39,16,0,7,12,10,16,39,38,41,35,31,29,29,29,27,22,22,
2026-09-09,PORT BURWELL,WIND,Output,16,27,24,17,13,18,40,14,0,10,11,11,20,42,38,44,35,32,30,31,31,27,23,23,
2026-09-09,PORTALMA-T1,WIND,Available Capacity,101,101,101,101,101,101,101,101,101,101,101,101,101,101,101,101,101,101,101,101,101,101,101,101,
2026-09-09,PORTALMA-T1,WIND,Forecast,29,29,28,29,21,20,12,13,17,20,35,39,37,48,24,18,14,15,22,28,31,33,27,24,
2026-09-09,PORTALMA-T1,WIND,Output,31,29,29,29,21,20,11,14,19,20,38,42,39,47,23,17,14,16,23,29,32,33,27,24,
2026-09-09,PORTALMA-T3,WIND,Available Capacity,101,101,101,101,101,101,101,101,101,101,101,101,101,101,101,101,101,101,101,101,101,101,101,101,
2026-09-09,PORTALMA-T3,WIND,Forecast,31,31,39,43,31,23,13,18,20,29,48,56,47,55,25,20,18,15,23,28,31,33,29,26,
2026-09-09,PORTALMA-T3,WIND,Output,34,32,42,42,32,22,12,20,22,31,51,59,47,55,24,20,18,16,25,29,33,33,30,26,
2026-09-09,PORTLANDS-G1,GAS,Capability,207,207,207,207,207,207,207,207,207,207,207,207,207,207,207,207,207,207,207,207,207,207,207,207,
2026-09-09,PORTLANDS-G1,GAS,Output,163,139,141,129,169,183,182,182,182,182,181,181,181,180,180,179,179,179,179,179,179,178,179,180,
2026-09-09,PORTLANDS-G2,GAS,Capability,214,214,214,214,214,214,214,214,214,214,214,214,214,214,214,214,214,214,214,214,214,214,214,214,
2026-09-09,PORTLANDS-G2,GAS,Output,162,140,142,131,169,182,182,181,181,181,181,180,180,180,179,178,178,178,178,178,178,177,178,179,
2026-09-09,PORTLANDS-G3,GAS,Capability,225,225,225,225,225,225,225,225,225,225,225,225,225,225,225,225,225,225,225,225,225,225,225,225,
2026-09-09,PORTLANDS-G3,GAS,Output,206,164,166,158,189,222,226,227,226,226,226,226,225,225,225,224,223,223,223,223,223,222,223,224,
2026-09-09,PRINCEFARM,WIND,Available Capacity,189,189,189,189,189,189,189,189,189,189,189,189,189,189,189,189,189,189,189,189,189,189,189,189,
2026-09-09,PRINCEFARM,WIND,Forecast,92,76,59,55,47,29,30,36,29,35,26,21,64,79,34,107,131,157,167,167,165,160,155,148,
2026-09-09,PRINCEFARM,WIND,Output,93,72,58,53,47,27,32,35,30,36,24,20,80,64,41,119,137,160,171,169,167,162,155,147,
2026-09-09,RAILBEDWF-LT.AG_SR,WIND,Available Capacity,270,270,270,270,270,270,270,270,270,270,270,270,270,270,270,270,270,270,270,270,270,270,270,270,
2026-09-09,RAILBEDWF-LT.AG_SR,WIND,Forecast,97,98,116,105,65,60,43,45,25,51,88,127,100,115,73,62,61,82,98,126,150,158,106,110,
2026-09-09,RAILBEDWF-LT.AG_SR,WIND,Output,99,102,119,102,65,59,41,45,26,54,95,132,99,112,70,64,62,85,102,131,156,155,107,111,
2026-09-09,RAYNER,HYDRO,Capability,42,42,42,42,42,42,42,42,42,42,42,42,42,42,42,42,42,42,42,42,42,42,42,42,
2026-09-09,RAYNER,HYDRO,Output,0,0,0,0,0,0,33,31,34,32,33,1,0,0,0,0,39,35,37,30,30,1,0,0,
2026-09-09,REDROCK,HYDRO,Capability,0,0,0,0,0,0,0,0,0,0,0,0,0,0,0,0,0,0,0,0,0,0,0,0,
2026-09-09,REDROCK,HYDRO,Output,0,0,0,0,0,0,0,0,0,0,0,0,0,0,0,0,0,0,0,0,0,0,0,0,
2026-09-09,RIPLEY SOUTH,WIND,Available Capacity,76,76,76,76,76,76,76,76,76,76,76,76,76,76,76,76,76,76,76,76,76,76,76,76,
2026-09-09,RIPLEY SOUTH,WIND,Forecast,8,15,16,19,23,19,36,47,43,41,46,53,58,58,61,52,42,36,35,36,40,44,45,34,
2026-09-09,RIPLEY SOUTH,WIND,Output,8,15,17,20,22,19,40,47,43,44,47,56,58,60,62,52,42,35,35,37,41,45,45,31,
2026-09-09,ROMNEY,WIND,Available Capacity,60,60,60,60,60,60,60,60,60,60,60,60,60,60,60,60,60,60,60,60,60,60,60,60,
2026-09-09,ROMNEY,WIND,Forecast,27,33,34,33,29,14,8,16,21,28,32,31,36,40,32,26,19,14,21,29,33,38,37,27,
2026-09-09,ROMNEY,WIND,Output,28,34,35,33,29,13,8,18,23,29,32,33,37,40,32,25,18,15,23,29,35,38,38,26,
2026-09-09,SANDUSK-LT.AG_T1,WIND,Available Capacity,104,104,104,104,104,104,104,104,104,104,104,104,104,104,104,104,104,104,104,104,104,104,104,104,
2026-09-09,SANDUSK-LT.AG_T1,WIND,Forecast,0,15,35,41,37,28,46,42,21,18,25,25,53,67,54,58,81,56,49,36,42,39,42,39,
2026-09-09,SANDUSK-LT.AG_T1,WIND,Output,0,18,37,42,37,29,49,40,19,19,24,28,57,70,52,63,84,55,50,35,43,40,42,42,
2026-09-09,SAUNDERS,HYDRO,Capability,987,987,987,987,987,922,922,922,922,922,922,922,922,922,922,922,987,921,921,921,921,921,921,921,
2026-09-09,SAUNDERS,HYDRO,Output,812,813,813,812,813,812,810,860,857,855,854,854,852,855,855,856,857,857,858,863,865,857,859,861,
2026-09-09,SHANNON,WIND,Available Capacity,91,91,91,91,91,91,91,91,91,91,91,91,91,91,91,91,91,91,91,91,91,91,91,91,
2026-09-09,SHANNON,WIND,Forecast,0,1,5,11,26,29,30,31,46,50,54,53,57,54,55,58,55,51,48,52,55,55,51,43,
2026-09-09,SHANNON,WIND,Output,0,0,5,13,27,30,29,35,47,52,55,54,57,55,56,59,56,51,48,54,56,55,52,42,
2026-09-09,SILVERFALLS,HYDRO,Capability,51,51,51,51,51,51,51,51,51,51,51,51,51,51,51,51,51,51,51,51,51,51,51,51,
2026-09-09,SILVERFALLS,HYDRO,Output,48,2,0,47,2,0,0,45,2,0,0,47,2,0,0,0,0,0,43,2,0,43,4,0,
2026-09-09,SITHE GOREWAY-G11,GAS,Capability,212,212,212,212,212,212,212,212,212,212,212,212,212,212,212,212,212,212,212,212,212,212,212,212,
2026-09-09,SITHE GOREWAY-G11,GAS,Output,187,187,187,186,187,187,186,185,184,183,183,183,182,181,181,180,181,181,181,181,182,182,182,183,
2026-09-09,SITHE GOREWAY-G12,GAS,Capability,212,212,212,212,212,212,212,212,212,212,212,212,212,212,212,212,212,212,212,212,212,212,212,212,
2026-09-09,SITHE GOREWAY-G12,GAS,Output,179,179,179,178,179,178,178,177,176,175,175,174,174,173,173,172,173,173,173,173,174,174,174,174,
2026-09-09,SITHE GOREWAY-G13,GAS,Capability,212,212,212,212,212,212,212,212,212,212,212,212,212,212,212,212,212,212,212,212,212,212,212,212,
2026-09-09,SITHE GOREWAY-G13,GAS,Output,180,181,181,181,181,180,180,180,179,178,178,177,177,176,175,175,176,175,175,175,176,176,176,177,
2026-09-09,SITHE GOREWAY-G15,GAS,Capability,362,362,362,362,362,362,362,362,362,362,362,362,362,362,362,362,362,362,362,362,362,362,362,362,
2026-09-09,SITHE GOREWAY-G15,GAS,Output,333,333,333,332,332,331,330,330,330,331,330,328,326,325,324,323,323,322,323,324,324,325,327,327,
2026-09-09,SMOKY 2,HYDRO,Capability,0,266,266,266,266,266,266,266,266,266,266,266,266,266,266,266,266,266,266,266,266,88,0,266,
2026-09-09,SMOKY 2,HYDRO,Output,2,0,0,0,0,0,0,81,83,83,162,165,165,164,163,161,161,161,161,163,163,83,2,0,
2026-09-09,SOUTHGATE SF,SOLAR,Available Capacity,50,50,50,50,50,38,38,38,38,38,38,38,38,38,38,38,38,38,38,38,38,38,38,38,
2026-09-09,SOUTHGATE SF,SOLAR,Forecast,0,0,0,0,0,0,0,0,1,4,6,9,6,5,3,3,2,0,0,0,0,0,0,0,
2026-09-09,SOUTHGATE SF,SOLAR,Output,0,0,0,0,0,0,0,0,2,6,7,11,6,5,3,3,2,0,0,0,0,0,0,0,
2026-09-09,SPENCE,WIND,Available Capacity,99,99,99,99,99,99,99,99,99,99,99,99,99,99,99,99,99,99,99,99,99,99,99,99,
2026-09-09,SPENCE,WIND,Forecast,11,16,16,16,9,4,10,7,5,11,17,37,31,31,23,17,21,30,32,41,49,56,40,32,
2026-09-09,SPENCE,WIND,Output,13,16,17,15,8,4,10,7,4,12,19,39,30,33,21,18,21,32,33,43,51,57,39,32,
2026-09-09,STCLAIRCGS,GAS,Capability,614,614,614,614,614,614,614,614,614,614,614,614,614,614,614,614,614,614,614,614,614,614,614,614,
2026-09-09,STCLAIRCGS,GAS,Output,589,588,587,587,585,595,633,624,618,633,627,599,598,598,598,598,601,620,622,624,619,604,598,598,
2026-09-09,STEEPHILL,HYDRO,Capability,14,14,14,14,14,14,14,14,14,14,14,14,14,14,14,14,14,14,14,14,14,14,14,14,
2026-09-09,STEEPHILL,HYDRO,Output,3,3,3,3,3,3,3,3,3,3,3,3,3,3,3,3,3,3,3,3,2,3,2,2,
2026-09-09,STEWARTVLE,HYDRO,Capability,62,62,62,62,62,62,62,62,62,62,62,62,62,120,120,120,120,120,120,120,120,102,98,120,
2026-09-09,STEWARTVLE,HYDRO,Output,54,40,20,0,0,0,0,0,0,16,55,59,58,57,57,57,57,56,56,56,58,42,20,19,
2026-09-09,STONE MILLS SF,SOLAR,Available Capacity,54,54,54,54,54,54,54,54,54,54,54,54,54,54,54,54,54,54,54,54,54,54,54,54,
2026-09-09,STONE MILLS SF,SOLAR,Forecast,0,0,0,0,0,0,0,3,6,3,4,5,4,3,7,4,1,0,0,0,0,0,0,0,
2026-09-09,STONE MILLS SF,SOLAR,Output,0,0,0,0,0,0,0,3,7,3,5,5,4,4,8,4,1,0,0,0,0,0,0,0,
2026-09-09,SUMMERHAVEN,WIND,Available Capacity,124,124,124,124,124,124,124,124,124,124,124,124,124,124,124,124,124,124,124,124,124,124,124,124,
2026-09-09,SUMMERHAVEN,WIND,Forecast,0,0,3,8,8,5,28,35,21,14,14,20,37,59,55,62,72,47,35,29,30,38,37,30,
2026-09-09,SUMMERHAVEN,WIND,Output,0,0,4,8,8,6,32,35,20,15,15,23,40,61,56,67,76,46,36,28,31,40,37,32,
2026-09-09,TAOHSC,GAS,Capability,70,70,70,70,70,70,70,70,70,70,70,70,70,70,70,70,70,70,70,70,70,70,70,70,
2026-09-09,TAOHSC,GAS,Output,0,0,0,0,10,19,40,55,56,55,55,54,54,53,53,53,14,0,0,0,0,0,0,0,
2026-09-09,TASARNIA,GAS,Capability,343,343,343,343,343,343,505,505,505,505,505,505,505,505,505,505,505,505,505,505,505,505,505,505,
2026-09-09,TASARNIA,GAS,Output,248,235,232,232,233,328,395,397,398,401,400,399,321,273,230,260,384,384,385,385,384,341,245,229,
2026-09-09,TAWINDSOR,GAS,Capability,76,76,76,76,76,76,76,76,76,76,76,76,76,76,76,76,76,76,76,76,76,76,76,76,
2026-09-09,TAWINDSOR,GAS,Output,0,0,0,0,0,0,0,0,0,0,0,0,0,0,0,0,0,0,0,0,0,0,0,0,
2026-09-09,TBAYBOWATER CTS,BIOFUEL,Capability,50,50,50,50,50,50,50,50,50,50,50,50,50,50,50,50,50,50,50,50,50,50,50,50,
2026-09-09,TBAYBOWATER CTS,BIOFUEL,Output,0,0,0,0,0,0,0,0,0,0,0,0,0,0,0,0,0,0,0,0,0,0,0,0,
2026-09-09,THOROLDCGS,GAS,Capability,303,303,303,303,303,303,303,303,303,303,303,303,303,303,303,303,303,303,303,303,303,303,303,303,
2026-09-09,THOROLDCGS,GAS,Output,204,200,199,201,206,235,266,258,265,268,262,241,220,219,218,220,256,267,269,269,260,231,227,219,
2026-09-09,TILBURY BATTERY STORAGE,OTHER,Capability,87,87,87,87,87,87,87,87,87,87,87,87,87,87,87,87,87,87,87,87,87,87,87,87,
2026-09-09,TILBURY BATTERY STORAGE,OTHER,Output,0,0,0,0,0,5,6,0,9,3,1,0,0,0,0,0,8,47,76,80,28,0,0,0,
2026-09-09,TUNISGS,GAS,Capability,59,59,59,59,59,59,59,59,59,59,59,59,59,59,59,59,59,59,59,59,59,59,59,59,
2026-09-09,TUNISGS,GAS,Output,0,0,0,0,0,0,0,0,0,0,0,0,0,0,0,0,0,0,0,0,0,0,0,0,
2026-09-09,UMBATAFALLS,HYDRO,Capability,24,24,24,24,24,24,24,24,24,24,24,24,24,24,24,24,24,24,24,24,24,24,24,24,
2026-09-09,UMBATAFALLS,HYDRO,Output,4,4,4,1,0,0,0,0,0,0,0,0,0,0,0,0,0,0,0,4,4,4,4,4,
2026-09-09,UNDERWOOD,WIND,Available Capacity,182,182,182,182,182,182,182,182,182,182,182,182,182,182,182,182,182,182,182,182,182,182,182,182,
2026-09-09,UNDERWOOD,WIND,Forecast,43,55,51,58,69,56,63,100,103,106,101,99,112,140,134,135,121,134,124,123,127,135,107,58,
2026-09-09,UNDERWOOD,WIND,Output,45,56,51,60,70,56,68,103,107,109,99,100,119,143,139,131,127,134,125,126,131,136,104,54,
2026-09-09,UPPER WHITE RIVER,HYDRO,Capability,0,0,0,0,0,0,0,0,0,0,0,0,0,0,0,0,0,0,0,0,0,0,0,0,
2026-09-09,UPPER WHITE RIVER,HYDRO,Output,0,0,0,0,0,0,0,0,0,1,3,3,3,3,3,3,3,3,3,0,0,0,0,0,
2026-09-09,VAUGHAN 1 BESS,OTHER,Capability,27,27,27,27,27,27,27,27,27,27,27,27,27,27,27,27,27,27,27,27,27,27,27,27,
2026-09-09,VAUGHAN 1 BESS,OTHER,Output,0,0,0,0,0,0,0,0,0,0,0,0,0,0,0,0,0,0,0,0,0,0,0,0,
2026-09-09,WELLS,HYDRO,Capability,210,210,210,210,210,210,210,210,210,210,210,210,210,210,210,210,210,210,210,210,210,210,210,210,
2026-09-09,WELLS,HYDRO,Output,0,0,0,0,0,0,0,0,0,0,0,1,0,0,0,0,0,0,0,0,0,0,0,0,
2026-09-09,WEST LINCOLN NRWF,WIND,Available Capacity,230,230,230,230,230,230,230,230,230,215,215,215,215,215,215,215,215,230,230,230,230,230,230,230,
2026-09-09,WEST LINCOLN NRWF,WIND,Forecast,31,63,80,109,94,70,65,86,81,54,38,69,89,107,167,175,180,178,145,105,78,70,75,80,
2026-09-09,WEST LINCOLN NRWF,WIND,Output,35,65,85,112,95,70,66,92,80,50,44,77,100,126,182,191,191,178,144,103,77,72,75,83,
2026-09-09,WESTWINDSOR,GAS,Capability,143,143,143,143,143,143,143,143,143,143,143,143,143,143,143,143,143,143,143,143,143,143,143,143,
2026-09-09,WESTWINDSOR,GAS,Output,0,0,0,0,0,0,0,0,0,0,0,0,0,0,0,0,0,0,0,0,0,0,0,0,
2026-09-09,WHITBYCGS,GAS,Capability,55,55,55,55,55,55,55,55,55,55,55,55,55,55,55,55,55,55,55,55,55,55,55,55,
2026-09-09,WHITBYCGS,GAS,Output,0,0,0,0,0,0,0,0,0,0,0,0,0,0,0,0,0,0,0,0,0,0,0,0,
2026-09-09,WHITEDOG,HYDRO,Capability,45,45,45,45,45,45,45,45,45,45,45,45,45,45,45,45,45,45,45,45,45,45,45,45,
2026-09-09,WHITEDOG,HYDRO,Output,17,17,10,10,17,17,20,20,20,20,20,20,18,17,17,17,17,17,17,17,17,17,17,17,
2026-09-09,WINDSOR AIRPORT SF,SOLAR,Available Capacity,50,50,50,50,50,50,50,50,50,50,50,50,50,50,50,50,50,50,50,50,50,50,50,50,
2026-09-09,WINDSOR AIRPORT SF,SOLAR,Forecast,0,0,0,0,0,0,0,3,9,16,15,10,7,7,12,12,5,4,0,0,0,0,0,0,
2026-09-09,WINDSOR AIRPORT SF,SOLAR,Output,0,0,0,0,0,0,0,4,8,16,14,7,4,5,14,11,5,5,0,0,0,0,0,0,
2026-09-09,WOLFE ISLAND,WIND,Available Capacity,171,171,171,171,171,171,171,171,171,171,171,171,171,171,171,171,171,171,171,171,171,171,171,171,
2026-09-09,WOLFE ISLAND,WIND,Forecast,7,16,22,25,56,62,57,65,80,69,73,55,90,109,131,109,120,121,138,144,138,134,92,81,
2026-09-09,WOLFE ISLAND,WIND,Output,9,21,25,32,69,69,65,79,95,81,80,69,108,129,145,121,138,141,153,157,155,150,100,95,
2026-09-09,YORK BESS,OTHER,Capability,132,132,132,132,132,132,132,132,132,132,132,132,132,132,132,132,132,132,132,132,132,132,132,132,
2026-09-09,YORK BESS,OTHER,Output,0,0,0,0,0,0,0,0,0,0,0,0,0,0,0,0,0,0,0,100,1,0,0,0,
2026-09-09,YORKCGS-G1,GAS,Capability,233,233,233,233,233,233,233,233,233,233,233,233,233,233,233,233,233,233,233,233,233,233,233,233,
2026-09-09,YORKCGS-G1,GAS,Output,0,0,0,0,0,0,0,0,0,0,0,0,0,0,0,0,0,0,0,0,0,0,0,0,
2026-09-09,YORKCGS-G2,GAS,Capability,233,233,233,233,233,233,233,233,233,233,233,233,233,233,233,233,233,233,233,233,233,233,233,233,
2026-09-09,YORKCGS-G2,GAS,Output,0,0,0,0,0,0,0,0,0,0,0,0,0,0,0,0,0,0,0,0,0,0,0,0,
2026-09-09,ZURICH,WIND,Available Capacity,99,99,99,99,99,99,99,99,99,99,99,99,99,99,99,99,99,99,99,99,99,99,99,99,
2026-09-09,ZURICH,WIND,Forecast,44,37,25,22,23,23,32,25,23,34,22,34,50,57,68,67,80,85,82,82,84,85,87,88,
2026-09-09,ZURICH,WIND,Output,45,37,24,31,14,25,33,24,24,33,21,36,55,57,68,70,82,87,84,85,86,88,89,89,
